seed,n_uavs,n_agents,malicious_ratio,variant,accuracy,precision,recall,f_score,tp,tn,fp,fn,tsr
1000,15,5,0.3,MTIM (full),0.9333333333333333,0.8333333333333334,1.0,0.9090909090909091,5,9,1,0,0.9136363636363637
1000,15,5,0.3,w/o Cross-factor Checking,0.9333333333333333,0.8333333333333334,1.0,0.9090909090909091,5,9,1,0,0.9136363636363637
1000,15,5,0.3,w/o Bayesian Aggregation,0.8,1.0,0.4,0.5714285714285715,2,10,0,3,0.8
1000,15,5,0.3,w/o Temporal Decay,0.7333333333333333,1.0,0.2,0.33333333333333337,1,10,0,4,0.7727272727272727
1000,15,5,0.3,w/o Adaptive Policy,0.8,1.0,0.4,0.5714285714285715,2,10,0,3,0.7909090909090909
1000,15,5,0.3,w/o Incentive Mechanism,0.9333333333333333,0.8333333333333334,1.0,0.9090909090909091,5,9,1,0,0.8236363636363637
1000,15,5,0.3,T1 Only,0.9333333333333333,0.8333333333333334,1.0,0.9090909090909091,5,9,1,0,0.8545454545454545
1000,15,5,0.3,T2 Only,0.6,0.42857142857142855,0.6,0.5,3,6,4,2,0.7227272727272728
1000,15,5,0.3,T3 Only,0.4,0.3333333333333333,0.8,0.47058823529411764,4,2,8,1,0.7136363636363636
1000,15,5,0.3,T4 Only,0.8,0.625,1.0,0.7692307692307693,5,7,3,0,0.8454545454545455
1000,15,5,0.3,T5 Only,0.7333333333333333,0.5555555555555556,1.0,0.7142857142857143,5,6,4,0,0.8227272727272728
1001,15,5,0.3,MTIM (full),0.9333333333333333,0.8333333333333334,1.0,0.9090909090909091,5,9,1,0,0.9227272727272727
1001,15,5,0.3,w/o Cross-factor Checking,0.9333333333333333,0.8333333333333334,1.0,0.9090909090909091,5,9,1,0,0.9227272727272727
1001,15,5,0.3,w/o Bayesian Aggregation,0.8666666666666667,1.0,0.6,0.7499999999999999,3,10,0,2,0.8409090909090909
1001,15,5,0.3,w/o Temporal Decay,0.7333333333333333,1.0,0.2,0.33333333333333337,1,10,0,4,0.8
1001,15,5,0.3,w/o Adaptive Policy,0.8,1.0,0.4,0.5714285714285715,2,10,0,3,0.8227272727272728
1001,15,5,0.3,w/o Incentive Mechanism,0.8666666666666667,0.7142857142857143,1.0,0.8333333333333333,5,8,2,0,0.8281818181818182
1001,15,5,0.3,T1 Only,0.7333333333333333,0.5714285714285714,0.8,0.6666666666666666,4,7,3,1,0.8363636363636363
1001,15,5,0.3,T2 Only,0.6,0.4,0.4,0.4000000000000001,2,7,3,3,0.7727272727272727
1001,15,5,0.3,T3 Only,0.6666666666666666,0.5,0.6,0.5454545454545454,3,7,3,2,0.7909090909090909
1001,15,5,0.3,T4 Only,0.9333333333333333,0.8333333333333334,1.0,0.9090909090909091,5,9,1,0,0.8818181818181818
1001,15,5,0.3,T5 Only,0.9333333333333333,0.8333333333333334,1.0,0.9090909090909091,5,9,1,0,0.8727272727272727
1002,15,5,0.3,MTIM (full),0.9333333333333333,0.8333333333333334,1.0,0.9090909090909091,5,9,1,0,0.9409090909090909
1002,15,5,0.3,w/o Cross-factor Checking,0.9333333333333333,0.8333333333333334,1.0,0.9090909090909091,5,9,1,0,0.9363636363636364
1002,15,5,0.3,w/o Bayesian Aggregation,0.8,1.0,0.4,0.5714285714285715,2,10,0,3,0.8181818181818182
1002,15,5,0.3,w/o Temporal Decay,0.8,1.0,0.4,0.5714285714285715,2,10,0,3,0.8181818181818182
1002,15,5,0.3,w/o Adaptive Policy,0.8,1.0,0.4,0.5714285714285715,2,10,0,3,0.8363636363636363
1002,15,5,0.3,w/o Incentive Mechanism,0.9333333333333333,0.8333333333333334,1.0,0.9090909090909091,5,9,1,0,0.8463636363636364
1002,15,5,0.3,T1 Only,0.6,0.42857142857142855,0.6,0.5,3,6,4,2,0.75
1002,15,5,0.3,T2 Only,0.6666666666666666,0.5,0.4,0.4444444444444445,2,8,2,3,0.7272727272727273
1002,15,5,0.3,T3 Only,0.4666666666666667,0.36363636363636365,0.8,0.5000000000000001,4,3,7,1,0.7181818181818181
1002,15,5,0.3,T4 Only,0.6,0.42857142857142855,0.6,0.5,3,6,4,2,0.6909090909090909
1002,15,5,0.3,T5 Only,0.8,0.75,0.6,0.6666666666666665,3,9,1,2,0.740909090909091
1003,15,5,0.3,MTIM (full),0.9333333333333333,1.0,0.8,0.888888888888889,4,10,0,1,0.8590909090909091
1003,15,5,0.3,w/o Cross-factor Checking,0.9333333333333333,0.8333333333333334,1.0,0.9090909090909091,5,9,1,0,0.9181818181818182
1003,15,5,0.3,w/o Bayesian Aggregation,0.8,0.75,0.6,0.6666666666666665,3,9,1,2,0.7909090909090909
1003,15,5,0.3,w/o Temporal Decay,0.8,1.0,0.4,0.5714285714285715,2,10,0,3,0.7636363636363637
1003,15,5,0.3,w/o Adaptive Policy,0.7333333333333333,0.6666666666666666,0.4,0.5,2,9,1,3,0.7818181818181819
1003,15,5,0.3,w/o Incentive Mechanism,0.9333333333333333,1.0,0.8,0.888888888888889,4,10,0,1,0.7645454545454545
1003,15,5,0.3,T1 Only,0.9333333333333333,0.8333333333333334,1.0,0.9090909090909091,5,9,1,0,0.8727272727272727
1003,15,5,0.3,T2 Only,0.5333333333333333,0.3333333333333333,0.4,0.3636363636363636,2,6,4,3,0.7090909090909091
1003,15,5,0.3,T3 Only,0.3333333333333333,0.3076923076923077,0.8,0.4444444444444444,4,1,9,1,0.6181818181818182
1003,15,5,0.3,T4 Only,0.8,0.625,1.0,0.7692307692307693,5,7,3,0,0.8681818181818182
1003,15,5,0.3,T5 Only,0.8,0.625,1.0,0.7692307692307693,5,7,3,0,0.8545454545454545
1004,15,5,0.3,MTIM (full),0.8666666666666667,0.8,0.8,0.8000000000000002,4,9,1,1,0.8409090909090909
1004,15,5,0.3,w/o Cross-factor Checking,0.9333333333333333,1.0,0.8,0.888888888888889,4,10,0,1,0.8318181818181818
1004,15,5,0.3,w/o Bayesian Aggregation,0.8,1.0,0.4,0.5714285714285715,2,10,0,3,0.7727272727272727
1004,15,5,0.3,w/o Temporal Decay,0.7333333333333333,1.0,0.2,0.33333333333333337,1,10,0,4,0.7636363636363637
1004,15,5,0.3,w/o Adaptive Policy,0.8,1.0,0.4,0.5714285714285715,2,10,0,3,0.7681818181818182
1004,15,5,0.3,w/o Incentive Mechanism,0.8666666666666667,0.8,0.8,0.8000000000000002,4,9,1,1,0.7463636363636363
1004,15,5,0.3,T1 Only,0.8666666666666667,0.8,0.8,0.8000000000000002,4,9,1,1,0.8590909090909091
1004,15,5,0.3,T2 Only,0.6666666666666666,0.5,0.8,0.6153846153846154,4,6,4,1,0.8545454545454545
1004,15,5,0.3,T3 Only,0.7333333333333333,0.5714285714285714,0.8,0.6666666666666666,4,7,3,1,0.8363636363636363
1004,15,5,0.3,T4 Only,0.8,0.6666666666666666,0.8,0.7272727272727272,4,8,2,1,0.8272727272727273
1004,15,5,0.3,T5 Only,0.8,0.6666666666666666,0.8,0.7272727272727272,4,8,2,1,0.8545454545454545
1005,15,5,0.3,MTIM (full),0.8666666666666667,1.0,0.6,0.7499999999999999,3,10,0,2,0.8136363636363636
1005,15,5,0.3,w/o Cross-factor Checking,0.8666666666666667,1.0,0.6,0.7499999999999999,3,10,0,2,0.8090909090909091
1005,15,5,0.3,w/o Bayesian Aggregation,0.7333333333333333,1.0,0.2,0.33333333333333337,1,10,0,4,0.7045454545454546
1005,15,5,0.3,w/o Temporal Decay,0.6666666666666666,0.0,0.0,0.0,0,10,0,5,0.7181818181818181
1005,15,5,0.3,w/o Adaptive Policy,0.7333333333333333,1.0,0.2,0.33333333333333337,1,10,0,4,0.7
1005,15,5,0.3,w/o Incentive Mechanism,0.8666666666666667,1.0,0.6,0.7499999999999999,3,10,0,2,0.7190909090909091
1005,15,5,0.3,T1 Only,0.7333333333333333,0.6666666666666666,0.4,0.5,2,9,1,3,0.7636363636363637
1005,15,5,0.3,T2 Only,0.6666666666666666,0.5,0.2,0.28571428571428575,1,9,1,4,0.7272727272727273
1005,15,5,0.3,T3 Only,0.4666666666666667,0.36363636363636365,0.8,0.5000000000000001,4,3,7,1,0.7181818181818181
1005,15,5,0.3,T4 Only,0.7333333333333333,0.6,0.6,0.6,3,8,2,2,0.7681818181818182
1005,15,5,0.3,T5 Only,0.6666666666666666,0.5,0.4,0.4444444444444445,2,8,2,3,0.7545454545454545
1006,15,5,0.3,MTIM (full),0.8666666666666667,0.7142857142857143,1.0,0.8333333333333333,5,8,2,0,0.9272727272727272
1006,15,5,0.3,w/o Cross-factor Checking,0.9333333333333333,0.8333333333333334,1.0,0.9090909090909091,5,9,1,0,0.9318181818181818
1006,15,5,0.3,w/o Bayesian Aggregation,0.9333333333333333,1.0,0.8,0.888888888888889,4,10,0,1,0.8454545454545455
1006,15,5,0.3,w/o Temporal Decay,0.9333333333333333,1.0,0.8,0.888888888888889,4,10,0,1,0.8545454545454545
1006,15,5,0.3,w/o Adaptive Policy,0.8666666666666667,0.8,0.8,0.8000000000000002,4,9,1,1,0.8409090909090909
1006,15,5,0.3,w/o Incentive Mechanism,0.8666666666666667,0.7142857142857143,1.0,0.8333333333333333,5,8,2,0,0.8372727272727273
1006,15,5,0.3,T1 Only,0.8666666666666667,0.8,0.8,0.8000000000000002,4,9,1,1,0.8318181818181818
1006,15,5,0.3,T2 Only,0.6666666666666666,0.5,0.8,0.6153846153846154,4,6,4,1,0.8090909090909091
1006,15,5,0.3,T3 Only,0.6666666666666666,0.5,0.8,0.6153846153846154,4,6,4,1,0.7863636363636364
1006,15,5,0.3,T4 Only,0.8,0.6666666666666666,0.8,0.7272727272727272,4,8,2,1,0.8227272727272728
1006,15,5,0.3,T5 Only,0.8,0.625,1.0,0.7692307692307693,5,7,3,0,0.85
1007,15,5,0.3,MTIM (full),0.9333333333333333,1.0,0.8,0.888888888888889,4,10,0,1,0.8772727272727273
1007,15,5,0.3,w/o Cross-factor Checking,0.9333333333333333,1.0,0.8,0.888888888888889,4,10,0,1,0.8909090909090909
1007,15,5,0.3,w/o Bayesian Aggregation,0.8,1.0,0.4,0.5714285714285715,2,10,0,3,0.8227272727272728
1007,15,5,0.3,w/o Temporal Decay,0.8,1.0,0.4,0.5714285714285715,2,10,0,3,0.8272727272727273
1007,15,5,0.3,w/o Adaptive Policy,0.8,1.0,0.4,0.5714285714285715,2,10,0,3,0.8227272727272728
1007,15,5,0.3,w/o Incentive Mechanism,0.9333333333333333,1.0,0.8,0.888888888888889,4,10,0,1,0.7918181818181819
1007,15,5,0.3,T1 Only,0.7333333333333333,0.5714285714285714,0.8,0.6666666666666666,4,7,3,1,0.85
1007,15,5,0.3,T2 Only,0.8,0.75,0.6,0.6666666666666665,3,9,1,2,0.8136363636363636
1007,15,5,0.3,T3 Only,0.7333333333333333,0.5555555555555556,1.0,0.7142857142857143,5,6,4,0,0.8545454545454545
1007,15,5,0.3,T4 Only,0.8,0.6666666666666666,0.8,0.7272727272727272,4,8,2,1,0.8363636363636363
1007,15,5,0.3,T5 Only,0.8666666666666667,0.8,0.8,0.8000000000000002,4,9,1,1,0.8409090909090909
1008,15,5,0.3,MTIM (full),0.8666666666666667,0.8,0.8,0.8000000000000002,4,9,1,1,0.8681818181818182
1008,15,5,0.3,w/o Cross-factor Checking,0.8666666666666667,0.8,0.8,0.8000000000000002,4,9,1,1,0.8681818181818182
1008,15,5,0.3,w/o Bayesian Aggregation,0.8,1.0,0.4,0.5714285714285715,2,10,0,3,0.8
1008,15,5,0.3,w/o Temporal Decay,0.6666666666666666,0.0,0.0,0.0,0,10,0,5,0.7772727272727272
1008,15,5,0.3,w/o Adaptive Policy,0.8,1.0,0.4,0.5714285714285715,2,10,0,3,0.7909090909090909
1008,15,5,0.3,w/o Incentive Mechanism,0.8666666666666667,0.8,0.8,0.8000000000000002,4,9,1,1,0.7781818181818182
1008,15,5,0.3,T1 Only,0.8,0.6666666666666666,0.8,0.7272727272727272,4,8,2,1,0.8181818181818182
1008,15,5,0.3,T2 Only,0.6,0.42857142857142855,0.6,0.5,3,6,4,2,0.7772727272727272
1008,15,5,0.3,T3 Only,0.6666666666666666,0.5,0.8,0.6153846153846154,4,6,4,1,0.8181818181818182
1008,15,5,0.3,T4 Only,0.8,0.6666666666666666,0.8,0.7272727272727272,4,8,2,1,0.8
1008,15,5,0.3,T5 Only,0.8,0.6666666666666666,0.8,0.7272727272727272,4,8,2,1,0.8227272727272728
1009,15,5,0.3,MTIM (full),0.9333333333333333,0.8333333333333334,1.0,0.9090909090909091,5,9,1,0,0.9090909090909091
1009,15,5,0.3,w/o Cross-factor Checking,0.8666666666666667,0.8,0.8,0.8000000000000002,4,9,1,1,0.8318181818181818
1009,15,5,0.3,w/o Bayesian Aggregation,0.8666666666666667,1.0,0.6,0.7499999999999999,3,10,0,2,0.8
1009,15,5,0.3,w/o Temporal Decay,0.8,1.0,0.4,0.5714285714285715,2,10,0,3,0.7909090909090909
1009,15,5,0.3,w/o Adaptive Policy,0.8666666666666667,1.0,0.6,0.7499999999999999,3,10,0,2,0.8
1009,15,5,0.3,w/o Incentive Mechanism,0.9333333333333333,0.8333333333333334,1.0,0.9090909090909091,5,9,1,0,0.8145454545454546
1009,15,5,0.3,T1 Only,0.9333333333333333,0.8333333333333334,1.0,0.9090909090909091,5,9,1,0,0.8409090909090909
1009,15,5,0.3,T2 Only,0.9333333333333333,0.8333333333333334,1.0,0.9090909090909091,5,9,1,0,0.8318181818181818
1009,15,5,0.3,T3 Only,0.5333333333333333,0.375,0.6,0.4615384615384615,3,5,5,2,0.7181818181818181
1009,15,5,0.3,T4 Only,0.8,0.6666666666666666,0.8,0.7272727272727272,4,8,2,1,0.8
1009,15,5,0.3,T5 Only,0.9333333333333333,0.8333333333333334,1.0,0.9090909090909091,5,9,1,0,0.8227272727272728
1010,15,5,0.3,MTIM (full),1.0,1.0,1.0,1.0,5,10,0,0,0.9090909090909091
1010,15,5,0.3,w/o Cross-factor Checking,1.0,1.0,1.0,1.0,5,10,0,0,0.9
1010,15,5,0.3,w/o Bayesian Aggregation,0.8666666666666667,1.0,0.6,0.7499999999999999,3,10,0,2,0.8363636363636363
1010,15,5,0.3,w/o Temporal Decay,0.8,1.0,0.4,0.5714285714285715,2,10,0,3,0.7818181818181819
1010,15,5,0.3,w/o Adaptive Policy,0.8666666666666667,1.0,0.6,0.7499999999999999,3,10,0,2,0.8318181818181818
1010,15,5,0.3,w/o Incentive Mechanism,1.0,1.0,1.0,1.0,5,10,0,0,0.8190909090909091
1010,15,5,0.3,T1 Only,0.8666666666666667,0.7142857142857143,1.0,0.8333333333333333,5,8,2,0,0.8318181818181818
1010,15,5,0.3,T2 Only,0.6,0.42857142857142855,0.6,0.5,3,6,4,2,0.7318181818181818
1010,15,5,0.3,T3 Only,0.6,0.4444444444444444,0.8,0.5714285714285714,4,5,5,1,0.7863636363636364
1010,15,5,0.3,T4 Only,0.8,0.625,1.0,0.7692307692307693,5,7,3,0,0.8
1010,15,5,0.3,T5 Only,0.8,0.625,1.0,0.7692307692307693,5,7,3,0,0.8181818181818182
1011,15,5,0.3,MTIM (full),1.0,1.0,1.0,1.0,5,10,0,0,0.9363636363636364
1011,15,5,0.3,w/o Cross-factor Checking,1.0,1.0,1.0,1.0,5,10,0,0,0.9363636363636364
1011,15,5,0.3,w/o Bayesian Aggregation,0.8666666666666667,1.0,0.6,0.7499999999999999,3,10,0,2,0.8136363636363636
1011,15,5,0.3,w/o Temporal Decay,0.8,1.0,0.4,0.5714285714285715,2,10,0,3,0.7772727272727272
1011,15,5,0.3,w/o Adaptive Policy,0.8666666666666667,1.0,0.6,0.7499999999999999,3,10,0,2,0.8136363636363636
1011,15,5,0.3,w/o Incentive Mechanism,1.0,1.0,1.0,1.0,5,10,0,0,0.8463636363636364
1011,15,5,0.3,T1 Only,0.6666666666666666,0.5,0.6,0.5454545454545454,3,7,3,2,0.7045454545454546
1011,15,5,0.3,T2 Only,0.7333333333333333,0.6,0.6,0.6,3,8,2,2,0.7681818181818182
1011,15,5,0.3,T3 Only,0.6,0.4444444444444444,0.8,0.5714285714285714,4,5,5,1,0.7545454545454545
1011,15,5,0.3,T4 Only,0.6,0.4444444444444444,0.8,0.5714285714285714,4,5,5,1,0.8090909090909091
1011,15,5,0.3,T5 Only,0.7333333333333333,0.6,0.6,0.6,3,8,2,2,0.7272727272727273
1012,15,5,0.3,MTIM (full),0.9333333333333333,1.0,0.8,0.888888888888889,4,10,0,1,0.8772727272727273
1012,15,5,0.3,w/o Cross-factor Checking,0.9333333333333333,1.0,0.8,0.888888888888889,4,10,0,1,0.8727272727272727
1012,15,5,0.3,w/o Bayesian Aggregation,0.9333333333333333,1.0,0.8,0.888888888888889,4,10,0,1,0.8636363636363636
1012,15,5,0.3,w/o Temporal Decay,0.8,1.0,0.4,0.5714285714285715,2,10,0,3,0.7954545454545454
1012,15,5,0.3,w/o Adaptive Policy,0.9333333333333333,1.0,0.8,0.888888888888889,4,10,0,1,0.8636363636363636
1012,15,5,0.3,w/o Incentive Mechanism,0.9333333333333333,1.0,0.8,0.888888888888889,4,10,0,1,0.7872727272727273
1012,15,5,0.3,T1 Only,0.9333333333333333,1.0,0.8,0.888888888888889,4,10,0,1,0.8681818181818182
1012,15,5,0.3,T2 Only,0.6,0.4444444444444444,0.8,0.5714285714285714,4,5,5,1,0.8227272727272728
1012,15,5,0.3,T3 Only,0.4666666666666667,0.36363636363636365,0.8,0.5000000000000001,4,3,7,1,0.7727272727272727
1012,15,5,0.3,T4 Only,0.8666666666666667,0.8,0.8,0.8000000000000002,4,9,1,1,0.8636363636363636
1012,15,5,0.3,T5 Only,0.7333333333333333,0.5555555555555556,1.0,0.7142857142857143,5,6,4,0,0.8409090909090909
1013,15,5,0.3,MTIM (full),0.9333333333333333,0.8333333333333334,1.0,0.9090909090909091,5,9,1,0,0.9454545454545454
1013,15,5,0.3,w/o Cross-factor Checking,0.9333333333333333,0.8333333333333334,1.0,0.9090909090909091,5,9,1,0,0.9454545454545454
1013,15,5,0.3,w/o Bayesian Aggregation,0.8666666666666667,1.0,0.6,0.7499999999999999,3,10,0,2,0.8545454545454545
1013,15,5,0.3,w/o Temporal Decay,0.8,1.0,0.4,0.5714285714285715,2,10,0,3,0.8136363636363636
1013,15,5,0.3,w/o Adaptive Policy,0.8666666666666667,1.0,0.6,0.7499999999999999,3,10,0,2,0.85
1013,15,5,0.3,w/o Incentive Mechanism,0.9333333333333333,0.8333333333333334,1.0,0.9090909090909091,5,9,1,0,0.8554545454545455
1013,15,5,0.3,T1 Only,0.9333333333333333,0.8333333333333334,1.0,0.9090909090909091,5,9,1,0,0.8681818181818182
1013,15,5,0.3,T2 Only,0.4,0.3333333333333333,0.8,0.47058823529411764,4,2,8,1,0.7545454545454545
1013,15,5,0.3,T3 Only,0.6,0.45454545454545453,1.0,0.625,5,4,6,0,0.8136363636363636
1013,15,5,0.3,T4 Only,1.0,1.0,1.0,1.0,5,10,0,0,0.8681818181818182
1013,15,5,0.3,T5 Only,0.8,0.625,1.0,0.7692307692307693,5,7,3,0,0.8590909090909091
1014,15,5,0.3,MTIM (full),0.8666666666666667,0.8,0.8,0.8000000000000002,4,9,1,1,0.8727272727272727
1014,15,5,0.3,w/o Cross-factor Checking,0.8666666666666667,0.8,0.8,0.8000000000000002,4,9,1,1,0.8727272727272727
1014,15,5,0.3,w/o Bayesian Aggregation,0.8666666666666667,1.0,0.6,0.7499999999999999,3,10,0,2,0.8454545454545455
1014,15,5,0.3,w/o Temporal Decay,0.7333333333333333,1.0,0.2,0.33333333333333337,1,10,0,4,0.7954545454545454
1014,15,5,0.3,w/o Adaptive Policy,0.8666666666666667,1.0,0.6,0.7499999999999999,3,10,0,2,0.8590909090909091
1014,15,5,0.3,w/o Incentive Mechanism,0.8666666666666667,0.8,0.8,0.8000000000000002,4,9,1,1,0.7827272727272727
1014,15,5,0.3,T1 Only,0.8666666666666667,0.8,0.8,0.8000000000000002,4,9,1,1,0.8409090909090909
1014,15,5,0.3,T2 Only,0.6666666666666666,0.5,0.4,0.4444444444444445,2,8,2,3,0.7909090909090909
1014,15,5,0.3,T3 Only,0.8,0.625,1.0,0.7692307692307693,5,7,3,0,0.8772727272727273
1014,15,5,0.3,T4 Only,0.8,0.6666666666666666,0.8,0.7272727272727272,4,8,2,1,0.8545454545454545
1014,15,5,0.3,T5 Only,0.8666666666666667,0.8,0.8,0.8000000000000002,4,9,1,1,0.8590909090909091
1015,15,5,0.3,MTIM (full),1.0,1.0,1.0,1.0,5,10,0,0,0.9454545454545454
1015,15,5,0.3,w/o Cross-factor Checking,1.0,1.0,1.0,1.0,5,10,0,0,0.9409090909090909
1015,15,5,0.3,w/o Bayesian Aggregation,0.9333333333333333,1.0,0.8,0.888888888888889,4,10,0,1,0.9090909090909091
1015,15,5,0.3,w/o Temporal Decay,0.8666666666666667,1.0,0.6,0.7499999999999999,3,10,0,2,0.8863636363636364
1015,15,5,0.3,w/o Adaptive Policy,0.9333333333333333,1.0,0.8,0.888888888888889,4,10,0,1,0.9045454545454545
1015,15,5,0.3,w/o Incentive Mechanism,1.0,1.0,1.0,1.0,5,10,0,0,0.850909090909091
1015,15,5,0.3,T1 Only,0.9333333333333333,0.8333333333333334,1.0,0.9090909090909091,5,9,1,0,0.8772727272727273
1015,15,5,0.3,T2 Only,0.9333333333333333,1.0,0.8,0.888888888888889,4,10,0,1,0.8181818181818182
1015,15,5,0.3,T3 Only,0.6666666666666666,0.5,0.8,0.6153846153846154,4,6,4,1,0.7863636363636364
1015,15,5,0.3,T4 Only,0.9333333333333333,0.8333333333333334,1.0,0.9090909090909091,5,9,1,0,0.8727272727272727
1015,15,5,0.3,T5 Only,1.0,1.0,1.0,1.0,5,10,0,0,0.8454545454545455
1016,15,5,0.3,MTIM (full),0.9333333333333333,1.0,0.8,0.888888888888889,4,10,0,1,0.85
1016,15,5,0.3,w/o Cross-factor Checking,0.9333333333333333,1.0,0.8,0.888888888888889,4,10,0,1,0.8409090909090909
1016,15,5,0.3,w/o Bayesian Aggregation,0.7333333333333333,1.0,0.2,0.33333333333333337,1,10,0,4,0.740909090909091
1016,15,5,0.3,w/o Temporal Decay,0.7333333333333333,1.0,0.2,0.33333333333333337,1,10,0,4,0.740909090909091
1016,15,5,0.3,w/o Adaptive Policy,0.7333333333333333,1.0,0.2,0.33333333333333337,1,10,0,4,0.7181818181818181
1016,15,5,0.3,w/o Incentive Mechanism,0.9333333333333333,1.0,0.8,0.888888888888889,4,10,0,1,0.750909090909091
1016,15,5,0.3,T1 Only,0.6666666666666666,0.5,0.4,0.4444444444444445,2,8,2,3,0.7136363636363636
1016,15,5,0.3,T2 Only,0.6,0.4,0.4,0.4000000000000001,2,7,3,3,0.6909090909090909
1016,15,5,0.3,T3 Only,0.6666666666666666,0.5,0.8,0.6153846153846154,4,6,4,1,0.7727272727272727
1016,15,5,0.3,T4 Only,0.6,0.4,0.4,0.4000000000000001,2,7,3,3,0.7636363636363637
1016,15,5,0.3,T5 Only,0.6,0.4,0.4,0.4000000000000001,2,7,3,3,0.7136363636363636
1017,15,5,0.3,MTIM (full),0.9333333333333333,0.8333333333333334,1.0,0.9090909090909091,5,9,1,0,0.9318181818181818
1017,15,5,0.3,w/o Cross-factor Checking,0.9333333333333333,0.8333333333333334,1.0,0.9090909090909091,5,9,1,0,0.9318181818181818
1017,15,5,0.3,w/o Bayesian Aggregation,0.8666666666666667,1.0,0.6,0.7499999999999999,3,10,0,2,0.8272727272727273
1017,15,5,0.3,w/o Temporal Decay,0.8,1.0,0.4,0.5714285714285715,2,10,0,3,0.7954545454545454
1017,15,5,0.3,w/o Adaptive Policy,0.8666666666666667,1.0,0.6,0.7499999999999999,3,10,0,2,0.8136363636363636
1017,15,5,0.3,w/o Incentive Mechanism,0.9333333333333333,0.8333333333333334,1.0,0.9090909090909091,5,9,1,0,0.8418181818181818
1017,15,5,0.3,T1 Only,0.7333333333333333,0.5555555555555556,1.0,0.7142857142857143,5,6,4,0,0.8272727272727273
1017,15,5,0.3,T2 Only,0.4,0.25,0.4,0.3076923076923077,2,4,6,3,0.6318181818181818
1017,15,5,0.3,T3 Only,0.6,0.4444444444444444,0.8,0.5714285714285714,4,5,5,1,0.7227272727272728
1017,15,5,0.3,T4 Only,0.9333333333333333,0.8333333333333334,1.0,0.9090909090909091,5,9,1,0,0.8545454545454545
1017,15,5,0.3,T5 Only,0.8666666666666667,0.7142857142857143,1.0,0.8333333333333333,5,8,2,0,0.8181818181818182
1018,15,5,0.3,MTIM (full),0.8666666666666667,0.7142857142857143,1.0,0.8333333333333333,5,8,2,0,0.9
1018,15,5,0.3,w/o Cross-factor Checking,0.8,0.6666666666666666,0.8,0.7272727272727272,4,8,2,1,0.8363636363636363
1018,15,5,0.3,w/o Bayesian Aggregation,0.8,1.0,0.4,0.5714285714285715,2,10,0,3,0.7681818181818182
1018,15,5,0.3,w/o Temporal Decay,0.8,1.0,0.4,0.5714285714285715,2,10,0,3,0.7636363636363637
1018,15,5,0.3,w/o Adaptive Policy,0.6666666666666666,0.5,0.4,0.4444444444444445,2,8,2,3,0.7363636363636363
1018,15,5,0.3,w/o Incentive Mechanism,0.8666666666666667,0.7142857142857143,1.0,0.8333333333333333,5,8,2,0,0.8054545454545455
1018,15,5,0.3,T1 Only,0.7333333333333333,0.6,0.6,0.6,3,8,2,2,0.7818181818181819
1018,15,5,0.3,T2 Only,0.5333333333333333,0.375,0.6,0.4615384615384615,3,5,5,2,0.7318181818181818
1018,15,5,0.3,T3 Only,0.4,0.3333333333333333,0.8,0.47058823529411764,4,2,8,1,0.6636363636363637
1018,15,5,0.3,T4 Only,0.8666666666666667,0.7142857142857143,1.0,0.8333333333333333,5,8,2,0,0.8636363636363636
1018,15,5,0.3,T5 Only,0.7333333333333333,0.5555555555555556,1.0,0.7142857142857143,5,6,4,0,0.8363636363636363
1019,15,5,0.3,MTIM (full),0.8666666666666667,0.8,0.8,0.8000000000000002,4,9,1,1,0.8227272727272728
1019,15,5,0.3,w/o Cross-factor Checking,0.8666666666666667,0.8,0.8,0.8000000000000002,4,9,1,1,0.8227272727272728
1019,15,5,0.3,w/o Bayesian Aggregation,0.8,1.0,0.4,0.5714285714285715,2,10,0,3,0.7545454545454545
1019,15,5,0.3,w/o Temporal Decay,0.8,1.0,0.4,0.5714285714285715,2,10,0,3,0.7454545454545455
1019,15,5,0.3,w/o Adaptive Policy,0.8,1.0,0.4,0.5714285714285715,2,10,0,3,0.75
1019,15,5,0.3,w/o Incentive Mechanism,0.8666666666666667,0.8,0.8,0.8000000000000002,4,9,1,1,0.7327272727272728
1019,15,5,0.3,T1 Only,0.5333333333333333,0.375,0.6,0.4615384615384615,3,5,5,2,0.7318181818181818
1019,15,5,0.3,T2 Only,0.7333333333333333,0.5714285714285714,0.8,0.6666666666666666,4,7,3,1,0.75
1019,15,5,0.3,T3 Only,0.8666666666666667,0.7142857142857143,1.0,0.8333333333333333,5,8,2,0,0.7954545454545454
1019,15,5,0.3,T4 Only,0.8,0.75,0.6,0.6666666666666665,3,9,1,2,0.7454545454545455
1019,15,5,0.3,T5 Only,0.7333333333333333,0.5714285714285714,0.8,0.6666666666666666,4,7,3,1,0.7636363636363637
1020,15,5,0.3,MTIM (full),0.8666666666666667,0.8,0.8,0.8000000000000002,4,9,1,1,0.9090909090909091
1020,15,5,0.3,w/o Cross-factor Checking,0.8666666666666667,0.8,0.8,0.8000000000000002,4,9,1,1,0.8636363636363636
1020,15,5,0.3,w/o Bayesian Aggregation,0.7333333333333333,1.0,0.2,0.33333333333333337,1,10,0,4,0.7818181818181819
1020,15,5,0.3,w/o Temporal Decay,0.7333333333333333,1.0,0.2,0.33333333333333337,1,10,0,4,0.7772727272727272
1020,15,5,0.3,w/o Adaptive Policy,0.7333333333333333,1.0,0.2,0.33333333333333337,1,10,0,4,0.7545454545454545
1020,15,5,0.3,w/o Incentive Mechanism,0.8666666666666667,0.8,0.8,0.8000000000000002,4,9,1,1,0.8145454545454546
1020,15,5,0.3,T1 Only,0.8666666666666667,0.8,0.8,0.8000000000000002,4,9,1,1,0.8
1020,15,5,0.3,T2 Only,0.6666666666666666,0.5,0.4,0.4444444444444445,2,8,2,3,0.7181818181818181
1020,15,5,0.3,T3 Only,0.6,0.4444444444444444,0.8,0.5714285714285714,4,5,5,1,0.7454545454545455
1020,15,5,0.3,T4 Only,0.7333333333333333,0.5714285714285714,0.8,0.6666666666666666,4,7,3,1,0.8045454545454546
1020,15,5,0.3,T5 Only,0.8666666666666667,0.8,0.8,0.8000000000000002,4,9,1,1,0.7863636363636364
1021,15,5,0.3,MTIM (full),0.9333333333333333,1.0,0.8,0.888888888888889,4,10,0,1,0.8181818181818182
1021,15,5,0.3,w/o Cross-factor Checking,0.8666666666666667,0.8,0.8,0.8000000000000002,4,9,1,1,0.8409090909090909
1021,15,5,0.3,w/o Bayesian Aggregation,0.7333333333333333,1.0,0.2,0.33333333333333337,1,10,0,4,0.7727272727272727
1021,15,5,0.3,w/o Temporal Decay,0.6666666666666666,0.0,0.0,0.0,0,10,0,5,0.7318181818181818
1021,15,5,0.3,w/o Adaptive Policy,0.6666666666666666,0.0,0.0,0.0,0,10,0,5,0.7363636363636363
1021,15,5,0.3,w/o Incentive Mechanism,0.9333333333333333,1.0,0.8,0.888888888888889,4,10,0,1,0.7281818181818183
1021,15,5,0.3,T1 Only,0.6,0.4444444444444444,0.8,0.5714285714285714,4,5,5,1,0.7772727272727272
1021,15,5,0.3,T2 Only,0.8,0.6666666666666666,0.8,0.7272727272727272,4,8,2,1,0.8318181818181818
1021,15,5,0.3,T3 Only,0.7333333333333333,0.6,0.6,0.6,3,8,2,2,0.7909090909090909
1021,15,5,0.3,T4 Only,0.5333333333333333,0.375,0.6,0.4615384615384615,3,5,5,2,0.8181818181818182
1021,15,5,0.3,T5 Only,0.7333333333333333,0.5714285714285714,0.8,0.6666666666666666,4,7,3,1,0.8318181818181818
1022,15,5,0.3,MTIM (full),1.0,1.0,1.0,1.0,5,10,0,0,0.9227272727272727
1022,15,5,0.3,w/o Cross-factor Checking,1.0,1.0,1.0,1.0,5,10,0,0,0.9227272727272727
1022,15,5,0.3,w/o Bayesian Aggregation,0.9333333333333333,1.0,0.8,0.888888888888889,4,10,0,1,0.8772727272727273
1022,15,5,0.3,w/o Temporal Decay,0.7333333333333333,1.0,0.2,0.33333333333333337,1,10,0,4,0.7909090909090909
1022,15,5,0.3,w/o Adaptive Policy,0.9333333333333333,1.0,0.8,0.888888888888889,4,10,0,1,0.8772727272727273
1022,15,5,0.3,w/o Incentive Mechanism,1.0,1.0,1.0,1.0,5,10,0,0,0.8327272727272728
1022,15,5,0.3,T1 Only,0.9333333333333333,0.8333333333333334,1.0,0.9090909090909091,5,9,1,0,0.8454545454545455
1022,15,5,0.3,T2 Only,0.6,0.42857142857142855,0.6,0.5,3,6,4,2,0.7363636363636363
1022,15,5,0.3,T3 Only,0.6,0.42857142857142855,0.6,0.5,3,6,4,2,0.6909090909090909
1022,15,5,0.3,T4 Only,0.8,0.625,1.0,0.7692307692307693,5,7,3,0,0.8318181818181818
1022,15,5,0.3,T5 Only,1.0,1.0,1.0,1.0,5,10,0,0,0.8363636363636363
1023,15,5,0.3,MTIM (full),0.9333333333333333,1.0,0.8,0.888888888888889,4,10,0,1,0.8727272727272727
1023,15,5,0.3,w/o Cross-factor Checking,0.9333333333333333,1.0,0.8,0.888888888888889,4,10,0,1,0.8318181818181818
1023,15,5,0.3,w/o Bayesian Aggregation,0.7333333333333333,0.6666666666666666,0.4,0.5,2,9,1,3,0.7818181818181819
1023,15,5,0.3,w/o Temporal Decay,0.7333333333333333,1.0,0.2,0.33333333333333337,1,10,0,4,0.75
1023,15,5,0.3,w/o Adaptive Policy,0.8,1.0,0.4,0.5714285714285715,2,10,0,3,0.7727272727272727
1023,15,5,0.3,w/o Incentive Mechanism,0.9333333333333333,1.0,0.8,0.888888888888889,4,10,0,1,0.7918181818181819
1023,15,5,0.3,T1 Only,0.6,0.4444444444444444,0.8,0.5714285714285714,4,5,5,1,0.75
1023,15,5,0.3,T2 Only,0.8,0.75,0.6,0.6666666666666665,3,9,1,2,0.7818181818181819
1023,15,5,0.3,T3 Only,0.6666666666666666,0.5,0.8,0.6153846153846154,4,6,4,1,0.7727272727272727
1023,15,5,0.3,T4 Only,0.8,0.75,0.6,0.6666666666666665,3,9,1,2,0.7727272727272727
1023,15,5,0.3,T5 Only,0.8,0.6666666666666666,0.8,0.7272727272727272,4,8,2,1,0.8
1024,15,5,0.3,MTIM (full),1.0,1.0,1.0,1.0,5,10,0,0,0.9363636363636364
1024,15,5,0.3,w/o Cross-factor Checking,1.0,1.0,1.0,1.0,5,10,0,0,0.9363636363636364
1024,15,5,0.3,w/o Bayesian Aggregation,0.8666666666666667,1.0,0.6,0.7499999999999999,3,10,0,2,0.8590909090909091
1024,15,5,0.3,w/o Temporal Decay,0.8,1.0,0.4,0.5714285714285715,2,10,0,3,0.8181818181818182
1024,15,5,0.3,w/o Adaptive Policy,0.8666666666666667,1.0,0.6,0.7499999999999999,3,10,0,2,0.8454545454545455
1024,15,5,0.3,w/o Incentive Mechanism,1.0,1.0,1.0,1.0,5,10,0,0,0.8463636363636364
1024,15,5,0.3,T1 Only,0.8666666666666667,0.8,0.8,0.8000000000000002,4,9,1,1,0.8772727272727273
1024,15,5,0.3,T2 Only,0.5333333333333333,0.3333333333333333,0.4,0.3636363636363636,2,6,4,3,0.759090909090909
1024,15,5,0.3,T3 Only,0.6666666666666666,0.5,1.0,0.6666666666666666,5,5,5,0,0.8818181818181818
1024,15,5,0.3,T4 Only,0.8666666666666667,0.7142857142857143,1.0,0.8333333333333333,5,8,2,0,0.9181818181818182
1024,15,5,0.3,T5 Only,0.8,0.625,1.0,0.7692307692307693,5,7,3,0,0.8863636363636364
1025,15,5,0.3,MTIM (full),0.9333333333333333,0.8333333333333334,1.0,0.9090909090909091,5,9,1,0,0.9272727272727272
1025,15,5,0.3,w/o Cross-factor Checking,0.9333333333333333,0.8333333333333334,1.0,0.9090909090909091,5,9,1,0,0.9363636363636364
1025,15,5,0.3,w/o Bayesian Aggregation,0.9333333333333333,1.0,0.8,0.888888888888889,4,10,0,1,0.8772727272727273
1025,15,5,0.3,w/o Temporal Decay,0.8666666666666667,1.0,0.6,0.7499999999999999,3,10,0,2,0.8409090909090909
1025,15,5,0.3,w/o Adaptive Policy,0.9333333333333333,1.0,0.8,0.888888888888889,4,10,0,1,0.8772727272727273
1025,15,5,0.3,w/o Incentive Mechanism,0.9333333333333333,0.8333333333333334,1.0,0.9090909090909091,5,9,1,0,0.8372727272727273
1025,15,5,0.3,T1 Only,0.8,0.6666666666666666,0.8,0.7272727272727272,4,8,2,1,0.8045454545454546
1025,15,5,0.3,T2 Only,0.7333333333333333,0.6,0.6,0.6,3,8,2,2,0.7272727272727273
1025,15,5,0.3,T3 Only,0.6,0.4444444444444444,0.8,0.5714285714285714,4,5,5,1,0.740909090909091
1025,15,5,0.3,T4 Only,0.9333333333333333,0.8333333333333334,1.0,0.9090909090909091,5,9,1,0,0.8272727272727273
1025,15,5,0.3,T5 Only,0.9333333333333333,0.8333333333333334,1.0,0.9090909090909091,5,9,1,0,0.8363636363636363
1026,15,5,0.3,MTIM (full),1.0,1.0,1.0,1.0,5,10,0,0,0.9227272727272727
1026,15,5,0.3,w/o Cross-factor Checking,1.0,1.0,1.0,1.0,5,10,0,0,0.9227272727272727
1026,15,5,0.3,w/o Bayesian Aggregation,0.9333333333333333,1.0,0.8,0.888888888888889,4,10,0,1,0.8545454545454545
1026,15,5,0.3,w/o Temporal Decay,0.8666666666666667,1.0,0.6,0.7499999999999999,3,10,0,2,0.8318181818181818
1026,15,5,0.3,w/o Adaptive Policy,0.9333333333333333,1.0,0.8,0.888888888888889,4,10,0,1,0.8681818181818182
1026,15,5,0.3,w/o Incentive Mechanism,1.0,1.0,1.0,1.0,5,10,0,0,0.8327272727272728
1026,15,5,0.3,T1 Only,0.8,0.625,1.0,0.7692307692307693,5,7,3,0,0.8681818181818182
1026,15,5,0.3,T2 Only,0.7333333333333333,0.5555555555555556,1.0,0.7142857142857143,5,6,4,0,0.8681818181818182
1026,15,5,0.3,T3 Only,0.6,0.45454545454545453,1.0,0.625,5,4,6,0,0.8090909090909091
1026,15,5,0.3,T4 Only,0.8666666666666667,0.7142857142857143,1.0,0.8333333333333333,5,8,2,0,0.8909090909090909
1026,15,5,0.3,T5 Only,0.9333333333333333,0.8333333333333334,1.0,0.9090909090909091,5,9,1,0,0.8545454545454545
1027,15,5,0.3,MTIM (full),0.8,0.625,1.0,0.7692307692307693,5,7,3,0,0.9227272727272727
1027,15,5,0.3,w/o Cross-factor Checking,0.8,0.625,1.0,0.7692307692307693,5,7,3,0,0.9181818181818182
1027,15,5,0.3,w/o Bayesian Aggregation,0.8,1.0,0.4,0.5714285714285715,2,10,0,3,0.8
1027,15,5,0.3,w/o Temporal Decay,0.8,1.0,0.4,0.5714285714285715,2,10,0,3,0.8
1027,15,5,0.3,w/o Adaptive Policy,0.8,1.0,0.4,0.5714285714285715,2,10,0,3,0.8090909090909091
1027,15,5,0.3,w/o Incentive Mechanism,0.8,0.625,1.0,0.7692307692307693,5,7,3,0,0.8281818181818182
1027,15,5,0.3,T1 Only,0.6,0.42857142857142855,0.6,0.5,3,6,4,2,0.7954545454545454
1027,15,5,0.3,T2 Only,0.6,0.45454545454545453,1.0,0.625,5,4,6,0,0.85
1027,15,5,0.3,T3 Only,0.6666666666666666,0.5,1.0,0.6666666666666666,5,5,5,0,0.8409090909090909
1027,15,5,0.3,T4 Only,0.8,0.625,1.0,0.7692307692307693,5,7,3,0,0.8409090909090909
1027,15,5,0.3,T5 Only,0.8,0.625,1.0,0.7692307692307693,5,7,3,0,0.8227272727272728
1028,15,5,0.3,MTIM (full),1.0,1.0,1.0,1.0,5,10,0,0,0.9227272727272727
1028,15,5,0.3,w/o Cross-factor Checking,1.0,1.0,1.0,1.0,5,10,0,0,0.9227272727272727
1028,15,5,0.3,w/o Bayesian Aggregation,0.8,1.0,0.4,0.5714285714285715,2,10,0,3,0.8272727272727273
1028,15,5,0.3,w/o Temporal Decay,0.8,1.0,0.4,0.5714285714285715,2,10,0,3,0.8136363636363636
1028,15,5,0.3,w/o Adaptive Policy,0.8,1.0,0.4,0.5714285714285715,2,10,0,3,0.8136363636363636
1028,15,5,0.3,w/o Incentive Mechanism,1.0,1.0,1.0,1.0,5,10,0,0,0.8327272727272728
1028,15,5,0.3,T1 Only,0.8666666666666667,0.7142857142857143,1.0,0.8333333333333333,5,8,2,0,0.8590909090909091
1028,15,5,0.3,T2 Only,0.7333333333333333,0.5714285714285714,0.8,0.6666666666666666,4,7,3,1,0.8272727272727273
1028,15,5,0.3,T3 Only,0.5333333333333333,0.4,0.8,0.5333333333333333,4,4,6,1,0.759090909090909
1028,15,5,0.3,T4 Only,1.0,1.0,1.0,1.0,5,10,0,0,0.8818181818181818
1028,15,5,0.3,T5 Only,0.8666666666666667,0.7142857142857143,1.0,0.8333333333333333,5,8,2,0,0.8409090909090909
1029,15,5,0.3,MTIM (full),1.0,1.0,1.0,1.0,5,10,0,0,0.9136363636363637
1029,15,5,0.3,w/o Cross-factor Checking,0.9333333333333333,0.8333333333333334,1.0,0.9090909090909091,5,9,1,0,0.9181818181818182
1029,15,5,0.3,w/o Bayesian Aggregation,0.8666666666666667,1.0,0.6,0.7499999999999999,3,10,0,2,0.7863636363636364
1029,15,5,0.3,w/o Temporal Decay,0.8,1.0,0.4,0.5714285714285715,2,10,0,3,0.759090909090909
1029,15,5,0.3,w/o Adaptive Policy,0.8666666666666667,1.0,0.6,0.7499999999999999,3,10,0,2,0.7818181818181819
1029,15,5,0.3,w/o Incentive Mechanism,1.0,1.0,1.0,1.0,5,10,0,0,0.8236363636363637
1029,15,5,0.3,T1 Only,0.8,0.6666666666666666,0.8,0.7272727272727272,4,8,2,1,0.8454545454545455
1029,15,5,0.3,T2 Only,0.6,0.42857142857142855,0.6,0.5,3,6,4,2,0.7454545454545455
1029,15,5,0.3,T3 Only,0.4666666666666667,0.36363636363636365,0.8,0.5000000000000001,4,3,7,1,0.7
1029,15,5,0.3,T4 Only,0.9333333333333333,1.0,0.8,0.888888888888889,4,10,0,1,0.8090909090909091
1029,15,5,0.3,T5 Only,0.8666666666666667,0.8,0.8,0.8000000000000002,4,9,1,1,0.8136363636363636
1030,15,5,0.3,MTIM (full),1.0,1.0,1.0,1.0,5,10,0,0,0.9318181818181818
1030,15,5,0.3,w/o Cross-factor Checking,1.0,1.0,1.0,1.0,5,10,0,0,0.9318181818181818
1030,15,5,0.3,w/o Bayesian Aggregation,0.8,1.0,0.4,0.5714285714285715,2,10,0,3,0.8272727272727273
1030,15,5,0.3,w/o Temporal Decay,0.8,1.0,0.4,0.5714285714285715,2,10,0,3,0.8227272727272728
1030,15,5,0.3,w/o Adaptive Policy,0.8,1.0,0.4,0.5714285714285715,2,10,0,3,0.8090909090909091
1030,15,5,0.3,w/o Incentive Mechanism,1.0,1.0,1.0,1.0,5,10,0,0,0.8418181818181818
1030,15,5,0.3,T1 Only,0.9333333333333333,1.0,0.8,0.888888888888889,4,10,0,1,0.8136363636363636
1030,15,5,0.3,T2 Only,0.6,0.42857142857142855,0.6,0.5,3,6,4,2,0.7045454545454546
1030,15,5,0.3,T3 Only,0.6666666666666666,0.5,1.0,0.6666666666666666,5,5,5,0,0.8090909090909091
1030,15,5,0.3,T4 Only,0.9333333333333333,0.8333333333333334,1.0,0.9090909090909091,5,9,1,0,0.8545454545454545
1030,15,5,0.3,T5 Only,1.0,1.0,1.0,1.0,5,10,0,0,0.8409090909090909
1031,15,5,0.3,MTIM (full),0.8,0.6666666666666666,0.8,0.7272727272727272,4,8,2,1,0.8863636363636364
1031,15,5,0.3,w/o Cross-factor Checking,0.8,0.6666666666666666,0.8,0.7272727272727272,4,8,2,1,0.8863636363636364
1031,15,5,0.3,w/o Bayesian Aggregation,0.8666666666666667,1.0,0.6,0.7499999999999999,3,10,0,2,0.8181818181818182
1031,15,5,0.3,w/o Temporal Decay,0.8,1.0,0.4,0.5714285714285715,2,10,0,3,0.8045454545454546
1031,15,5,0.3,w/o Adaptive Policy,0.7333333333333333,0.6666666666666666,0.4,0.5,2,9,1,3,0.7772727272727272
1031,15,5,0.3,w/o Incentive Mechanism,0.8,0.6666666666666666,0.8,0.7272727272727272,4,8,2,1,0.7963636363636364
1031,15,5,0.3,T1 Only,0.6,0.4444444444444444,0.8,0.5714285714285714,4,5,5,1,0.7727272727272727
1031,15,5,0.3,T2 Only,0.6,0.42857142857142855,0.6,0.5,3,6,4,2,0.7636363636363637
1031,15,5,0.3,T3 Only,0.6,0.4,0.4,0.4000000000000001,2,7,3,3,0.7454545454545455
1031,15,5,0.3,T4 Only,0.7333333333333333,0.5714285714285714,0.8,0.6666666666666666,4,7,3,1,0.8090909090909091
1031,15,5,0.3,T5 Only,0.7333333333333333,0.5714285714285714,0.8,0.6666666666666666,4,7,3,1,0.8
1032,15,5,0.3,MTIM (full),1.0,1.0,1.0,1.0,5,10,0,0,0.9545454545454546
1032,15,5,0.3,w/o Cross-factor Checking,1.0,1.0,1.0,1.0,5,10,0,0,0.9545454545454546
1032,15,5,0.3,w/o Bayesian Aggregation,0.8,1.0,0.4,0.5714285714285715,2,10,0,3,0.8181818181818182
1032,15,5,0.3,w/o Temporal Decay,0.7333333333333333,1.0,0.2,0.33333333333333337,1,10,0,4,0.8227272727272728
1032,15,5,0.3,w/o Adaptive Policy,0.8,1.0,0.4,0.5714285714285715,2,10,0,3,0.8136363636363636
1032,15,5,0.3,w/o Incentive Mechanism,1.0,1.0,1.0,1.0,5,10,0,0,0.8645454545454546
1032,15,5,0.3,T1 Only,0.8,0.625,1.0,0.7692307692307693,5,7,3,0,0.7909090909090909
1032,15,5,0.3,T2 Only,0.5333333333333333,0.375,0.6,0.4615384615384615,3,5,5,2,0.6818181818181818
1032,15,5,0.3,T3 Only,0.6,0.4444444444444444,0.8,0.5714285714285714,4,5,5,1,0.7227272727272728
1032,15,5,0.3,T4 Only,0.8666666666666667,0.8,0.8,0.8000000000000002,4,9,1,1,0.7863636363636364
1032,15,5,0.3,T5 Only,0.9333333333333333,0.8333333333333334,1.0,0.9090909090909091,5,9,1,0,0.8
1033,15,5,0.3,MTIM (full),1.0,1.0,1.0,1.0,5,10,0,0,0.9272727272727272
1033,15,5,0.3,w/o Cross-factor Checking,1.0,1.0,1.0,1.0,5,10,0,0,0.9318181818181818
1033,15,5,0.3,w/o Bayesian Aggregation,0.7333333333333333,1.0,0.2,0.33333333333333337,1,10,0,4,0.759090909090909
1033,15,5,0.3,w/o Temporal Decay,0.7333333333333333,1.0,0.2,0.33333333333333337,1,10,0,4,0.7636363636363637
1033,15,5,0.3,w/o Adaptive Policy,0.8,1.0,0.4,0.5714285714285715,2,10,0,3,0.8
1033,15,5,0.3,w/o Incentive Mechanism,1.0,1.0,1.0,1.0,5,10,0,0,0.8372727272727273
1033,15,5,0.3,T1 Only,0.8,0.625,1.0,0.7692307692307693,5,7,3,0,0.8863636363636364
1033,15,5,0.3,T2 Only,0.4666666666666667,0.2857142857142857,0.4,0.3333333333333333,2,5,5,3,0.7227272727272728
1033,15,5,0.3,T3 Only,0.4666666666666667,0.36363636363636365,0.8,0.5000000000000001,4,3,7,1,0.8
1033,15,5,0.3,T4 Only,0.8,0.6666666666666666,0.8,0.7272727272727272,4,8,2,1,0.8318181818181818
1033,15,5,0.3,T5 Only,1.0,1.0,1.0,1.0,5,10,0,0,0.8909090909090909
1034,15,5,0.3,MTIM (full),1.0,1.0,1.0,1.0,5,10,0,0,0.9363636363636364
1034,15,5,0.3,w/o Cross-factor Checking,1.0,1.0,1.0,1.0,5,10,0,0,0.9318181818181818
1034,15,5,0.3,w/o Bayesian Aggregation,0.9333333333333333,1.0,0.8,0.888888888888889,4,10,0,1,0.8681818181818182
1034,15,5,0.3,w/o Temporal Decay,0.8,1.0,0.4,0.5714285714285715,2,10,0,3,0.8227272727272728
1034,15,5,0.3,w/o Adaptive Policy,0.9333333333333333,1.0,0.8,0.888888888888889,4,10,0,1,0.8681818181818182
1034,15,5,0.3,w/o Incentive Mechanism,1.0,1.0,1.0,1.0,5,10,0,0,0.8463636363636364
1034,15,5,0.3,T1 Only,1.0,1.0,1.0,1.0,5,10,0,0,0.8454545454545455
1034,15,5,0.3,T2 Only,0.8666666666666667,0.7142857142857143,1.0,0.8333333333333333,5,8,2,0,0.8409090909090909
1034,15,5,0.3,T3 Only,0.3333333333333333,0.2727272727272727,0.6,0.37499999999999994,3,2,8,2,0.6590909090909091
1034,15,5,0.3,T4 Only,1.0,1.0,1.0,1.0,5,10,0,0,0.8772727272727273
1034,15,5,0.3,T5 Only,1.0,1.0,1.0,1.0,5,10,0,0,0.8545454545454545
1035,15,5,0.3,MTIM (full),0.9333333333333333,0.8333333333333334,1.0,0.9090909090909091,5,9,1,0,0.9454545454545454
1035,15,5,0.3,w/o Cross-factor Checking,0.8666666666666667,0.8,0.8,0.8000000000000002,4,9,1,1,0.8772727272727273
1035,15,5,0.3,w/o Bayesian Aggregation,0.8,0.75,0.6,0.6666666666666665,3,9,1,2,0.8409090909090909
1035,15,5,0.3,w/o Temporal Decay,0.8666666666666667,1.0,0.6,0.7499999999999999,3,10,0,2,0.8590909090909091
1035,15,5,0.3,w/o Adaptive Policy,0.8,0.75,0.6,0.6666666666666665,3,9,1,2,0.8363636363636363
1035,15,5,0.3,w/o Incentive Mechanism,0.9333333333333333,0.8333333333333334,1.0,0.9090909090909091,5,9,1,0,0.850909090909091
1035,15,5,0.3,T1 Only,0.8666666666666667,0.7142857142857143,1.0,0.8333333333333333,5,8,2,0,0.7954545454545454
1035,15,5,0.3,T2 Only,0.6,0.42857142857142855,0.6,0.5,3,6,4,2,0.7363636363636363
1035,15,5,0.3,T3 Only,0.6,0.42857142857142855,0.6,0.5,3,6,4,2,0.6409090909090909
1035,15,5,0.3,T4 Only,0.8,0.6666666666666666,0.8,0.7272727272727272,4,8,2,1,0.7772727272727272
1035,15,5,0.3,T5 Only,0.7333333333333333,0.5714285714285714,0.8,0.6666666666666666,4,7,3,1,0.7636363636363637
1036,15,5,0.3,MTIM (full),1.0,1.0,1.0,1.0,5,10,0,0,0.95
1036,15,5,0.3,w/o Cross-factor Checking,0.9333333333333333,1.0,0.8,0.888888888888889,4,10,0,1,0.8954545454545455
1036,15,5,0.3,w/o Bayesian Aggregation,0.8,1.0,0.4,0.5714285714285715,2,10,0,3,0.8272727272727273
1036,15,5,0.3,w/o Temporal Decay,0.8,1.0,0.4,0.5714285714285715,2,10,0,3,0.8363636363636363
1036,15,5,0.3,w/o Adaptive Policy,0.8,1.0,0.4,0.5714285714285715,2,10,0,3,0.8227272727272728
1036,15,5,0.3,w/o Incentive Mechanism,1.0,1.0,1.0,1.0,5,10,0,0,0.86
1036,15,5,0.3,T1 Only,0.8666666666666667,0.8,0.8,0.8000000000000002,4,9,1,1,0.8409090909090909
1036,15,5,0.3,T2 Only,0.5333333333333333,0.3333333333333333,0.4,0.3636363636363636,2,6,4,3,0.7363636363636363
1036,15,5,0.3,T3 Only,0.5333333333333333,0.375,0.6,0.4615384615384615,3,5,5,2,0.7272727272727273
1036,15,5,0.3,T4 Only,0.9333333333333333,0.8333333333333334,1.0,0.9090909090909091,5,9,1,0,0.8772727272727273
1036,15,5,0.3,T5 Only,0.8666666666666667,0.7142857142857143,1.0,0.8333333333333333,5,8,2,0,0.8363636363636363
1037,15,5,0.3,MTIM (full),1.0,1.0,1.0,1.0,5,10,0,0,0.9272727272727272
1037,15,5,0.3,w/o Cross-factor Checking,0.8666666666666667,1.0,0.6,0.7499999999999999,3,10,0,2,0.85
1037,15,5,0.3,w/o Bayesian Aggregation,0.8666666666666667,1.0,0.6,0.7499999999999999,3,10,0,2,0.8045454545454546
1037,15,5,0.3,w/o Temporal Decay,0.8,1.0,0.4,0.5714285714285715,2,10,0,3,0.7954545454545454
1037,15,5,0.3,w/o Adaptive Policy,0.8666666666666667,1.0,0.6,0.7499999999999999,3,10,0,2,0.7909090909090909
1037,15,5,0.3,w/o Incentive Mechanism,1.0,1.0,1.0,1.0,5,10,0,0,0.8372727272727273
1037,15,5,0.3,T1 Only,0.8,0.6666666666666666,0.8,0.7272727272727272,4,8,2,1,0.8409090909090909
1037,15,5,0.3,T2 Only,0.7333333333333333,0.5714285714285714,0.8,0.6666666666666666,4,7,3,1,0.8
1037,15,5,0.3,T3 Only,0.3333333333333333,0.2727272727272727,0.6,0.37499999999999994,3,2,8,2,0.6454545454545455
1037,15,5,0.3,T4 Only,0.6666666666666666,0.5,0.6,0.5454545454545454,3,7,3,2,0.7909090909090909
1037,15,5,0.3,T5 Only,0.8,0.6666666666666666,0.8,0.7272727272727272,4,8,2,1,0.8227272727272728
1038,15,5,0.3,MTIM (full),1.0,1.0,1.0,1.0,5,10,0,0,0.9272727272727272
1038,15,5,0.3,w/o Cross-factor Checking,1.0,1.0,1.0,1.0,5,10,0,0,0.9272727272727272
1038,15,5,0.3,w/o Bayesian Aggregation,0.8,1.0,0.4,0.5714285714285715,2,10,0,3,0.8454545454545455
1038,15,5,0.3,w/o Temporal Decay,0.8,1.0,0.4,0.5714285714285715,2,10,0,3,0.8454545454545455
1038,15,5,0.3,w/o Adaptive Policy,0.8,1.0,0.4,0.5714285714285715,2,10,0,3,0.8318181818181818
1038,15,5,0.3,w/o Incentive Mechanism,1.0,1.0,1.0,1.0,5,10,0,0,0.8372727272727273
1038,15,5,0.3,T1 Only,0.8666666666666667,0.7142857142857143,1.0,0.8333333333333333,5,8,2,0,0.8863636363636364
1038,15,5,0.3,T2 Only,0.6666666666666666,0.5,0.6,0.5454545454545454,3,7,3,2,0.7772727272727272
1038,15,5,0.3,T3 Only,0.6,0.4444444444444444,0.8,0.5714285714285714,4,5,5,1,0.7545454545454545
1038,15,5,0.3,T4 Only,0.8666666666666667,0.8,0.8,0.8000000000000002,4,9,1,1,0.8181818181818182
1038,15,5,0.3,T5 Only,0.9333333333333333,0.8333333333333334,1.0,0.9090909090909091,5,9,1,0,0.8681818181818182
1039,15,5,0.3,MTIM (full),0.9333333333333333,1.0,0.8,0.888888888888889,4,10,0,1,0.8636363636363636
1039,15,5,0.3,w/o Cross-factor Checking,0.8666666666666667,0.8,0.8,0.8000000000000002,4,9,1,1,0.8454545454545455
1039,15,5,0.3,w/o Bayesian Aggregation,0.8666666666666667,0.8,0.8,0.8000000000000002,4,9,1,1,0.85
1039,15,5,0.3,w/o Temporal Decay,0.8666666666666667,1.0,0.6,0.7499999999999999,3,10,0,2,0.8045454545454546
1039,15,5,0.3,w/o Adaptive Policy,0.8,0.75,0.6,0.6666666666666665,3,9,1,2,0.8136363636363636
1039,15,5,0.3,w/o Incentive Mechanism,0.9333333333333333,1.0,0.8,0.888888888888889,4,10,0,1,0.7736363636363637
1039,15,5,0.3,T1 Only,0.8,0.6666666666666666,0.8,0.7272727272727272,4,8,2,1,0.8863636363636364
1039,15,5,0.3,T2 Only,0.5333333333333333,0.3333333333333333,0.4,0.3636363636363636,2,6,4,3,0.759090909090909
1039,15,5,0.3,T3 Only,0.6,0.45454545454545453,1.0,0.625,5,4,6,0,0.8
1039,15,5,0.3,T4 Only,0.7333333333333333,0.5714285714285714,0.8,0.6666666666666666,4,7,3,1,0.8863636363636364
1039,15,5,0.3,T5 Only,0.9333333333333333,0.8333333333333334,1.0,0.9090909090909091,5,9,1,0,0.85
1040,15,5,0.3,MTIM (full),0.9333333333333333,0.8333333333333334,1.0,0.9090909090909091,5,9,1,0,0.9181818181818182
1040,15,5,0.3,w/o Cross-factor Checking,1.0,1.0,1.0,1.0,5,10,0,0,0.9136363636363637
1040,15,5,0.3,w/o Bayesian Aggregation,0.8666666666666667,1.0,0.6,0.7499999999999999,3,10,0,2,0.8272727272727273
1040,15,5,0.3,w/o Temporal Decay,0.8,1.0,0.4,0.5714285714285715,2,10,0,3,0.8
1040,15,5,0.3,w/o Adaptive Policy,0.7333333333333333,0.6666666666666666,0.4,0.5,2,9,1,3,0.7454545454545455
1040,15,5,0.3,w/o Incentive Mechanism,0.9333333333333333,0.8333333333333334,1.0,0.9090909090909091,5,9,1,0,0.8281818181818182
1040,15,5,0.3,T1 Only,0.8666666666666667,0.8,0.8,0.8000000000000002,4,9,1,1,0.8227272727272728
1040,15,5,0.3,T2 Only,0.6,0.42857142857142855,0.6,0.5,3,6,4,2,0.7227272727272728
1040,15,5,0.3,T3 Only,0.6,0.4444444444444444,0.8,0.5714285714285714,4,5,5,1,0.8272727272727273
1040,15,5,0.3,T4 Only,0.8,0.6666666666666666,0.8,0.7272727272727272,4,8,2,1,0.8318181818181818
1040,15,5,0.3,T5 Only,0.7333333333333333,0.5714285714285714,0.8,0.6666666666666666,4,7,3,1,0.8045454545454546
1041,15,5,0.3,MTIM (full),0.9333333333333333,1.0,0.8,0.888888888888889,4,10,0,1,0.8772727272727273
1041,15,5,0.3,w/o Cross-factor Checking,0.9333333333333333,1.0,0.8,0.888888888888889,4,10,0,1,0.8772727272727273
1041,15,5,0.3,w/o Bayesian Aggregation,0.8666666666666667,1.0,0.6,0.7499999999999999,3,10,0,2,0.8318181818181818
1041,15,5,0.3,w/o Temporal Decay,0.8666666666666667,1.0,0.6,0.7499999999999999,3,10,0,2,0.8318181818181818
1041,15,5,0.3,w/o Adaptive Policy,0.8666666666666667,1.0,0.6,0.7499999999999999,3,10,0,2,0.8227272727272728
1041,15,5,0.3,w/o Incentive Mechanism,0.9333333333333333,1.0,0.8,0.888888888888889,4,10,0,1,0.7872727272727273
1041,15,5,0.3,T1 Only,0.9333333333333333,1.0,0.8,0.888888888888889,4,10,0,1,0.8727272727272727
1041,15,5,0.3,T2 Only,0.6666666666666666,0.5,0.6,0.5454545454545454,3,7,3,2,0.7727272727272727
1041,15,5,0.3,T3 Only,0.4666666666666667,0.3333333333333333,0.6,0.42857142857142855,3,4,6,2,0.7363636363636363
1041,15,5,0.3,T4 Only,0.8666666666666667,0.8,0.8,0.8000000000000002,4,9,1,1,0.8545454545454545
1041,15,5,0.3,T5 Only,0.8,0.6666666666666666,0.8,0.7272727272727272,4,8,2,1,0.8363636363636363
1042,15,5,0.3,MTIM (full),0.9333333333333333,0.8333333333333334,1.0,0.9090909090909091,5,9,1,0,0.9227272727272727
1042,15,5,0.3,w/o Cross-factor Checking,1.0,1.0,1.0,1.0,5,10,0,0,0.9272727272727272
1042,15,5,0.3,w/o Bayesian Aggregation,0.8666666666666667,1.0,0.6,0.7499999999999999,3,10,0,2,0.8363636363636363
1042,15,5,0.3,w/o Temporal Decay,0.8666666666666667,1.0,0.6,0.7499999999999999,3,10,0,2,0.8272727272727273
1042,15,5,0.3,w/o Adaptive Policy,0.8666666666666667,1.0,0.6,0.7499999999999999,3,10,0,2,0.8181818181818182
1042,15,5,0.3,w/o Incentive Mechanism,0.9333333333333333,0.8333333333333334,1.0,0.9090909090909091,5,9,1,0,0.8327272727272728
1042,15,5,0.3,T1 Only,1.0,1.0,1.0,1.0,5,10,0,0,0.8590909090909091
1042,15,5,0.3,T2 Only,0.6666666666666666,0.5,0.6,0.5454545454545454,3,7,3,2,0.8136363636363636
1042,15,5,0.3,T3 Only,0.7333333333333333,0.5555555555555556,1.0,0.7142857142857143,5,6,4,0,0.8409090909090909
1042,15,5,0.3,T4 Only,0.8666666666666667,0.7142857142857143,1.0,0.8333333333333333,5,8,2,0,0.8954545454545455
1042,15,5,0.3,T5 Only,0.9333333333333333,0.8333333333333334,1.0,0.9090909090909091,5,9,1,0,0.8727272727272727
1043,15,5,0.3,MTIM (full),0.9333333333333333,0.8333333333333334,1.0,0.9090909090909091,5,9,1,0,0.9272727272727272
1043,15,5,0.3,w/o Cross-factor Checking,0.8666666666666667,0.7142857142857143,1.0,0.8333333333333333,5,8,2,0,0.9272727272727272
1043,15,5,0.3,w/o Bayesian Aggregation,0.9333333333333333,1.0,0.8,0.888888888888889,4,10,0,1,0.8727272727272727
1043,15,5,0.3,w/o Temporal Decay,0.8666666666666667,1.0,0.6,0.7499999999999999,3,10,0,2,0.8454545454545455
1043,15,5,0.3,w/o Adaptive Policy,0.8666666666666667,0.8,0.8,0.8000000000000002,4,9,1,1,0.8409090909090909
1043,15,5,0.3,w/o Incentive Mechanism,0.9333333333333333,0.8333333333333334,1.0,0.9090909090909091,5,9,1,0,0.8372727272727273
1043,15,5,0.3,T1 Only,0.9333333333333333,0.8333333333333334,1.0,0.9090909090909091,5,9,1,0,0.8636363636363636
1043,15,5,0.3,T2 Only,0.6,0.42857142857142855,0.6,0.5,3,6,4,2,0.740909090909091
1043,15,5,0.3,T3 Only,0.6,0.45454545454545453,1.0,0.625,5,4,6,0,0.8181818181818182
1043,15,5,0.3,T4 Only,0.8,0.625,1.0,0.7692307692307693,5,7,3,0,0.85
1043,15,5,0.3,T5 Only,0.9333333333333333,0.8333333333333334,1.0,0.9090909090909091,5,9,1,0,0.8545454545454545
1044,15,5,0.3,MTIM (full),1.0,1.0,1.0,1.0,5,10,0,0,0.9045454545454545
1044,15,5,0.3,w/o Cross-factor Checking,0.9333333333333333,1.0,0.8,0.888888888888889,4,10,0,1,0.8318181818181818
1044,15,5,0.3,w/o Bayesian Aggregation,0.8,1.0,0.4,0.5714285714285715,2,10,0,3,0.75
1044,15,5,0.3,w/o Temporal Decay,0.7333333333333333,1.0,0.2,0.33333333333333337,1,10,0,4,0.7363636363636363
1044,15,5,0.3,w/o Adaptive Policy,0.6666666666666666,0.5,0.2,0.28571428571428575,1,9,1,4,0.7272727272727273
1044,15,5,0.3,w/o Incentive Mechanism,1.0,1.0,1.0,1.0,5,10,0,0,0.8145454545454546
1044,15,5,0.3,T1 Only,0.8,0.6666666666666666,0.8,0.7272727272727272,4,8,2,1,0.8545454545454545
1044,15,5,0.3,T2 Only,0.6,0.42857142857142855,0.6,0.5,3,6,4,2,0.8045454545454546
1044,15,5,0.3,T3 Only,0.4666666666666667,0.36363636363636365,0.8,0.5000000000000001,4,3,7,1,0.7818181818181819
1044,15,5,0.3,T4 Only,0.8666666666666667,0.8,0.8,0.8000000000000002,4,9,1,1,0.8636363636363636
1044,15,5,0.3,T5 Only,0.8666666666666667,0.7142857142857143,1.0,0.8333333333333333,5,8,2,0,0.8545454545454545
1045,15,5,0.3,MTIM (full),1.0,1.0,1.0,1.0,5,10,0,0,0.9681818181818181
1045,15,5,0.3,w/o Cross-factor Checking,0.9333333333333333,0.8333333333333334,1.0,0.9090909090909091,5,9,1,0,0.9681818181818181
1045,15,5,0.3,w/o Bayesian Aggregation,0.8666666666666667,1.0,0.6,0.7499999999999999,3,10,0,2,0.8363636363636363
1045,15,5,0.3,w/o Temporal Decay,0.8,1.0,0.4,0.5714285714285715,2,10,0,3,0.8318181818181818
1045,15,5,0.3,w/o Adaptive Policy,0.8666666666666667,1.0,0.6,0.7499999999999999,3,10,0,2,0.8272727272727273
1045,15,5,0.3,w/o Incentive Mechanism,1.0,1.0,1.0,1.0,5,10,0,0,0.8781818181818182
1045,15,5,0.3,T1 Only,0.7333333333333333,0.5714285714285714,0.8,0.6666666666666666,4,7,3,1,0.8181818181818182
1045,15,5,0.3,T2 Only,0.7333333333333333,0.6,0.6,0.6,3,8,2,2,0.7181818181818181
1045,15,5,0.3,T3 Only,0.6666666666666666,0.5,0.8,0.6153846153846154,4,6,4,1,0.7636363636363637
1045,15,5,0.3,T4 Only,0.8,0.625,1.0,0.7692307692307693,5,7,3,0,0.8545454545454545
1045,15,5,0.3,T5 Only,0.9333333333333333,0.8333333333333334,1.0,0.9090909090909091,5,9,1,0,0.85
1046,15,5,0.3,MTIM (full),1.0,1.0,1.0,1.0,5,10,0,0,0.8954545454545455
1046,15,5,0.3,w/o Cross-factor Checking,0.9333333333333333,1.0,0.8,0.888888888888889,4,10,0,1,0.8272727272727273
1046,15,5,0.3,w/o Bayesian Aggregation,0.8666666666666667,1.0,0.6,0.7499999999999999,3,10,0,2,0.7636363636363637
1046,15,5,0.3,w/o Temporal Decay,0.8666666666666667,1.0,0.6,0.7499999999999999,3,10,0,2,0.759090909090909
1046,15,5,0.3,w/o Adaptive Policy,0.8,0.75,0.6,0.6666666666666665,3,9,1,2,0.75
1046,15,5,0.3,w/o Incentive Mechanism,1.0,1.0,1.0,1.0,5,10,0,0,0.8054545454545455
1046,15,5,0.3,T1 Only,0.6666666666666666,0.5,0.6,0.5454545454545454,3,7,3,2,0.8045454545454546
1046,15,5,0.3,T2 Only,0.4,0.3333333333333333,0.8,0.47058823529411764,4,2,8,1,0.6772727272727272
1046,15,5,0.3,T3 Only,0.3333333333333333,0.2727272727272727,0.6,0.37499999999999994,3,2,8,2,0.6590909090909091
1046,15,5,0.3,T4 Only,0.8666666666666667,0.8,0.8,0.8000000000000002,4,9,1,1,0.8136363636363636
1046,15,5,0.3,T5 Only,0.6666666666666666,0.5,0.8,0.6153846153846154,4,6,4,1,0.7772727272727272
1047,15,5,0.3,MTIM (full),1.0,1.0,1.0,1.0,5,10,0,0,0.9090909090909091
1047,15,5,0.3,w/o Cross-factor Checking,0.8666666666666667,0.8,0.8,0.8000000000000002,4,9,1,1,0.8818181818181818
1047,15,5,0.3,w/o Bayesian Aggregation,0.8666666666666667,0.8,0.8,0.8000000000000002,4,9,1,1,0.8363636363636363
1047,15,5,0.3,w/o Temporal Decay,0.8666666666666667,1.0,0.6,0.7499999999999999,3,10,0,2,0.8409090909090909
1047,15,5,0.3,w/o Adaptive Policy,0.8666666666666667,0.8,0.8,0.8000000000000002,4,9,1,1,0.8409090909090909
1047,15,5,0.3,w/o Incentive Mechanism,1.0,1.0,1.0,1.0,5,10,0,0,0.8190909090909091
1047,15,5,0.3,T1 Only,0.7333333333333333,0.5555555555555556,1.0,0.7142857142857143,5,6,4,0,0.8409090909090909
1047,15,5,0.3,T2 Only,0.5333333333333333,0.4,0.8,0.5333333333333333,4,4,6,1,0.7636363636363637
1047,15,5,0.3,T3 Only,0.6,0.4444444444444444,0.8,0.5714285714285714,4,5,5,1,0.759090909090909
1047,15,5,0.3,T4 Only,0.8,0.6666666666666666,0.8,0.7272727272727272,4,8,2,1,0.8272727272727273
1047,15,5,0.3,T5 Only,0.8666666666666667,0.7142857142857143,1.0,0.8333333333333333,5,8,2,0,0.8409090909090909
1048,15,5,0.3,MTIM (full),0.9333333333333333,1.0,0.8,0.888888888888889,4,10,0,1,0.8454545454545455
1048,15,5,0.3,w/o Cross-factor Checking,0.9333333333333333,1.0,0.8,0.888888888888889,4,10,0,1,0.8681818181818182
1048,15,5,0.3,w/o Bayesian Aggregation,0.8666666666666667,1.0,0.6,0.7499999999999999,3,10,0,2,0.8409090909090909
1048,15,5,0.3,w/o Temporal Decay,0.7333333333333333,1.0,0.2,0.33333333333333337,1,10,0,4,0.7863636363636364
1048,15,5,0.3,w/o Adaptive Policy,0.8,0.75,0.6,0.6666666666666665,3,9,1,2,0.8136363636363636
1048,15,5,0.3,w/o Incentive Mechanism,0.9333333333333333,1.0,0.8,0.888888888888889,4,10,0,1,0.7554545454545455
1048,15,5,0.3,T1 Only,0.8,0.625,1.0,0.7692307692307693,5,7,3,0,0.85
1048,15,5,0.3,T2 Only,0.5333333333333333,0.3333333333333333,0.4,0.3636363636363636,2,6,4,3,0.6954545454545454
1048,15,5,0.3,T3 Only,0.5333333333333333,0.4,0.8,0.5333333333333333,4,4,6,1,0.7272727272727273
1048,15,5,0.3,T4 Only,0.8666666666666667,0.8,0.8,0.8000000000000002,4,9,1,1,0.8
1048,15,5,0.3,T5 Only,0.8,0.625,1.0,0.7692307692307693,5,7,3,0,0.8227272727272728
1049,15,5,0.3,MTIM (full),1.0,1.0,1.0,1.0,5,10,0,0,0.9181818181818182
1049,15,5,0.3,w/o Cross-factor Checking,1.0,1.0,1.0,1.0,5,10,0,0,0.9136363636363637
1049,15,5,0.3,w/o Bayesian Aggregation,0.9333333333333333,1.0,0.8,0.888888888888889,4,10,0,1,0.8636363636363636
1049,15,5,0.3,w/o Temporal Decay,0.9333333333333333,1.0,0.8,0.888888888888889,4,10,0,1,0.8636363636363636
1049,15,5,0.3,w/o Adaptive Policy,0.9333333333333333,1.0,0.8,0.888888888888889,4,10,0,1,0.8590909090909091
1049,15,5,0.3,w/o Incentive Mechanism,1.0,1.0,1.0,1.0,5,10,0,0,0.8236363636363637
1049,15,5,0.3,T1 Only,0.8666666666666667,0.8,0.8,0.8000000000000002,4,9,1,1,0.8272727272727273
1049,15,5,0.3,T2 Only,0.6666666666666666,0.5,0.8,0.6153846153846154,4,6,4,1,0.7681818181818182
1049,15,5,0.3,T3 Only,0.4,0.3333333333333333,0.8,0.47058823529411764,4,2,8,1,0.7045454545454546
1049,15,5,0.3,T4 Only,0.9333333333333333,0.8333333333333334,1.0,0.9090909090909091,5,9,1,0,0.8636363636363636
1049,15,5,0.3,T5 Only,0.9333333333333333,0.8333333333333334,1.0,0.9090909090909091,5,9,1,0,0.8454545454545455
1000,15,5,0.3,MTIM (full),0.9333333333333333,0.8333333333333334,1.0,0.9090909090909091,5,9,1,0,0.9136363636363637
1000,15,5,0.3,w/o Cross-factor Checking,0.9333333333333333,0.8333333333333334,1.0,0.9090909090909091,5,9,1,0,0.9136363636363637
1000,15,5,0.3,w/o Bayesian Aggregation,0.8,1.0,0.4,0.5714285714285715,2,10,0,3,0.8
1000,15,5,0.3,w/o Temporal Decay,0.7333333333333333,1.0,0.2,0.33333333333333337,1,10,0,4,0.7727272727272727
1000,15,5,0.3,w/o Adaptive Policy,0.8,1.0,0.4,0.5714285714285715,2,10,0,3,0.7909090909090909
1000,15,5,0.3,w/o Incentive Mechanism,0.9333333333333333,0.8333333333333334,1.0,0.9090909090909091,5,9,1,0,0.8236363636363637
1000,15,5,0.3,T1 Only,0.9333333333333333,0.8333333333333334,1.0,0.9090909090909091,5,9,1,0,0.8545454545454545
1000,15,5,0.3,T2 Only,0.6,0.42857142857142855,0.6,0.5,3,6,4,2,0.7227272727272728
1000,15,5,0.3,T3 Only,0.4,0.3333333333333333,0.8,0.47058823529411764,4,2,8,1,0.7136363636363636
1000,15,5,0.3,T4 Only,0.8,0.625,1.0,0.7692307692307693,5,7,3,0,0.8454545454545455
1000,15,5,0.3,T5 Only,0.7333333333333333,0.5555555555555556,1.0,0.7142857142857143,5,6,4,0,0.8227272727272728
1001,15,5,0.3,MTIM (full),0.9333333333333333,0.8333333333333334,1.0,0.9090909090909091,5,9,1,0,0.9227272727272727
1001,15,5,0.3,w/o Cross-factor Checking,0.9333333333333333,0.8333333333333334,1.0,0.9090909090909091,5,9,1,0,0.9227272727272727
1001,15,5,0.3,w/o Bayesian Aggregation,0.8666666666666667,1.0,0.6,0.7499999999999999,3,10,0,2,0.8409090909090909
1001,15,5,0.3,w/o Temporal Decay,0.7333333333333333,1.0,0.2,0.33333333333333337,1,10,0,4,0.8
1001,15,5,0.3,w/o Adaptive Policy,0.8,1.0,0.4,0.5714285714285715,2,10,0,3,0.8227272727272728
1001,15,5,0.3,w/o Incentive Mechanism,0.8666666666666667,0.7142857142857143,1.0,0.8333333333333333,5,8,2,0,0.8281818181818182
1001,15,5,0.3,T1 Only,0.7333333333333333,0.5714285714285714,0.8,0.6666666666666666,4,7,3,1,0.8363636363636363
1001,15,5,0.3,T2 Only,0.6,0.4,0.4,0.4000000000000001,2,7,3,3,0.7727272727272727
1001,15,5,0.3,T3 Only,0.6666666666666666,0.5,0.6,0.5454545454545454,3,7,3,2,0.7909090909090909
1001,15,5,0.3,T4 Only,0.9333333333333333,0.8333333333333334,1.0,0.9090909090909091,5,9,1,0,0.8818181818181818
1001,15,5,0.3,T5 Only,0.9333333333333333,0.8333333333333334,1.0,0.9090909090909091,5,9,1,0,0.8727272727272727
1002,15,5,0.3,MTIM (full),0.9333333333333333,0.8333333333333334,1.0,0.9090909090909091,5,9,1,0,0.9409090909090909
1002,15,5,0.3,w/o Cross-factor Checking,0.9333333333333333,0.8333333333333334,1.0,0.9090909090909091,5,9,1,0,0.9363636363636364
1002,15,5,0.3,w/o Bayesian Aggregation,0.8,1.0,0.4,0.5714285714285715,2,10,0,3,0.8181818181818182
1002,15,5,0.3,w/o Temporal Decay,0.8,1.0,0.4,0.5714285714285715,2,10,0,3,0.8181818181818182
1002,15,5,0.3,w/o Adaptive Policy,0.8,1.0,0.4,0.5714285714285715,2,10,0,3,0.8363636363636363
1002,15,5,0.3,w/o Incentive Mechanism,0.9333333333333333,0.8333333333333334,1.0,0.9090909090909091,5,9,1,0,0.8463636363636364
1002,15,5,0.3,T1 Only,0.6,0.42857142857142855,0.6,0.5,3,6,4,2,0.75
1002,15,5,0.3,T2 Only,0.6666666666666666,0.5,0.4,0.4444444444444445,2,8,2,3,0.7272727272727273
1002,15,5,0.3,T3 Only,0.4666666666666667,0.36363636363636365,0.8,0.5000000000000001,4,3,7,1,0.7181818181818181
1002,15,5,0.3,T4 Only,0.6,0.42857142857142855,0.6,0.5,3,6,4,2,0.6909090909090909
1002,15,5,0.3,T5 Only,0.8,0.75,0.6,0.6666666666666665,3,9,1,2,0.740909090909091
1003,15,5,0.3,MTIM (full),0.9333333333333333,1.0,0.8,0.888888888888889,4,10,0,1,0.8590909090909091
1003,15,5,0.3,w/o Cross-factor Checking,0.9333333333333333,0.8333333333333334,1.0,0.9090909090909091,5,9,1,0,0.9181818181818182
1003,15,5,0.3,w/o Bayesian Aggregation,0.8,0.75,0.6,0.6666666666666665,3,9,1,2,0.7909090909090909
1003,15,5,0.3,w/o Temporal Decay,0.8,1.0,0.4,0.5714285714285715,2,10,0,3,0.7636363636363637
1003,15,5,0.3,w/o Adaptive Policy,0.7333333333333333,0.6666666666666666,0.4,0.5,2,9,1,3,0.7818181818181819
1003,15,5,0.3,w/o Incentive Mechanism,0.9333333333333333,1.0,0.8,0.888888888888889,4,10,0,1,0.7645454545454545
1003,15,5,0.3,T1 Only,0.9333333333333333,0.8333333333333334,1.0,0.9090909090909091,5,9,1,0,0.8727272727272727
1003,15,5,0.3,T2 Only,0.5333333333333333,0.3333333333333333,0.4,0.3636363636363636,2,6,4,3,0.7090909090909091
1003,15,5,0.3,T3 Only,0.3333333333333333,0.3076923076923077,0.8,0.4444444444444444,4,1,9,1,0.6181818181818182
1003,15,5,0.3,T4 Only,0.8,0.625,1.0,0.7692307692307693,5,7,3,0,0.8681818181818182
1003,15,5,0.3,T5 Only,0.8,0.625,1.0,0.7692307692307693,5,7,3,0,0.8545454545454545
1004,15,5,0.3,MTIM (full),0.8666666666666667,0.8,0.8,0.8000000000000002,4,9,1,1,0.8409090909090909
1004,15,5,0.3,w/o Cross-factor Checking,0.9333333333333333,1.0,0.8,0.888888888888889,4,10,0,1,0.8318181818181818
1004,15,5,0.3,w/o Bayesian Aggregation,0.8,1.0,0.4,0.5714285714285715,2,10,0,3,0.7727272727272727
1004,15,5,0.3,w/o Temporal Decay,0.7333333333333333,1.0,0.2,0.33333333333333337,1,10,0,4,0.7636363636363637
1004,15,5,0.3,w/o Adaptive Policy,0.8,1.0,0.4,0.5714285714285715,2,10,0,3,0.7681818181818182
1004,15,5,0.3,w/o Incentive Mechanism,0.8666666666666667,0.8,0.8,0.8000000000000002,4,9,1,1,0.7463636363636363
1004,15,5,0.3,T1 Only,0.8666666666666667,0.8,0.8,0.8000000000000002,4,9,1,1,0.8590909090909091
1004,15,5,0.3,T2 Only,0.6666666666666666,0.5,0.8,0.6153846153846154,4,6,4,1,0.8545454545454545
1004,15,5,0.3,T3 Only,0.7333333333333333,0.5714285714285714,0.8,0.6666666666666666,4,7,3,1,0.8363636363636363
1004,15,5,0.3,T4 Only,0.8,0.6666666666666666,0.8,0.7272727272727272,4,8,2,1,0.8272727272727273
1004,15,5,0.3,T5 Only,0.8,0.6666666666666666,0.8,0.7272727272727272,4,8,2,1,0.8545454545454545
1005,15,5,0.3,MTIM (full),0.8666666666666667,1.0,0.6,0.7499999999999999,3,10,0,2,0.8136363636363636
1005,15,5,0.3,w/o Cross-factor Checking,0.8666666666666667,1.0,0.6,0.7499999999999999,3,10,0,2,0.8090909090909091
1005,15,5,0.3,w/o Bayesian Aggregation,0.7333333333333333,1.0,0.2,0.33333333333333337,1,10,0,4,0.7045454545454546
1005,15,5,0.3,w/o Temporal Decay,0.6666666666666666,0.0,0.0,0.0,0,10,0,5,0.7181818181818181
1005,15,5,0.3,w/o Adaptive Policy,0.7333333333333333,1.0,0.2,0.33333333333333337,1,10,0,4,0.7
1005,15,5,0.3,w/o Incentive Mechanism,0.8666666666666667,1.0,0.6,0.7499999999999999,3,10,0,2,0.7190909090909091
1005,15,5,0.3,T1 Only,0.7333333333333333,0.6666666666666666,0.4,0.5,2,9,1,3,0.7636363636363637
1005,15,5,0.3,T2 Only,0.6666666666666666,0.5,0.2,0.28571428571428575,1,9,1,4,0.7272727272727273
1005,15,5,0.3,T3 Only,0.4666666666666667,0.36363636363636365,0.8,0.5000000000000001,4,3,7,1,0.7181818181818181
1005,15,5,0.3,T4 Only,0.7333333333333333,0.6,0.6,0.6,3,8,2,2,0.7681818181818182
1005,15,5,0.3,T5 Only,0.6666666666666666,0.5,0.4,0.4444444444444445,2,8,2,3,0.7545454545454545
1006,15,5,0.3,MTIM (full),0.8666666666666667,0.7142857142857143,1.0,0.8333333333333333,5,8,2,0,0.9272727272727272
1006,15,5,0.3,w/o Cross-factor Checking,0.9333333333333333,0.8333333333333334,1.0,0.9090909090909091,5,9,1,0,0.9318181818181818
1006,15,5,0.3,w/o Bayesian Aggregation,0.9333333333333333,1.0,0.8,0.888888888888889,4,10,0,1,0.8454545454545455
1006,15,5,0.3,w/o Temporal Decay,0.9333333333333333,1.0,0.8,0.888888888888889,4,10,0,1,0.8545454545454545
1006,15,5,0.3,w/o Adaptive Policy,0.8666666666666667,0.8,0.8,0.8000000000000002,4,9,1,1,0.8409090909090909
1006,15,5,0.3,w/o Incentive Mechanism,0.8666666666666667,0.7142857142857143,1.0,0.8333333333333333,5,8,2,0,0.8372727272727273
1006,15,5,0.3,T1 Only,0.8666666666666667,0.8,0.8,0.8000000000000002,4,9,1,1,0.8318181818181818
1006,15,5,0.3,T2 Only,0.6666666666666666,0.5,0.8,0.6153846153846154,4,6,4,1,0.8090909090909091
1006,15,5,0.3,T3 Only,0.6666666666666666,0.5,0.8,0.6153846153846154,4,6,4,1,0.7863636363636364
1006,15,5,0.3,T4 Only,0.8,0.6666666666666666,0.8,0.7272727272727272,4,8,2,1,0.8227272727272728
1006,15,5,0.3,T5 Only,0.8,0.625,1.0,0.7692307692307693,5,7,3,0,0.85
1007,15,5,0.3,MTIM (full),0.9333333333333333,1.0,0.8,0.888888888888889,4,10,0,1,0.8772727272727273
1007,15,5,0.3,w/o Cross-factor Checking,0.9333333333333333,1.0,0.8,0.888888888888889,4,10,0,1,0.8909090909090909
1007,15,5,0.3,w/o Bayesian Aggregation,0.8,1.0,0.4,0.5714285714285715,2,10,0,3,0.8227272727272728
1007,15,5,0.3,w/o Temporal Decay,0.8,1.0,0.4,0.5714285714285715,2,10,0,3,0.8272727272727273
1007,15,5,0.3,w/o Adaptive Policy,0.8,1.0,0.4,0.5714285714285715,2,10,0,3,0.8227272727272728
1007,15,5,0.3,w/o Incentive Mechanism,0.9333333333333333,1.0,0.8,0.888888888888889,4,10,0,1,0.7918181818181819
1007,15,5,0.3,T1 Only,0.7333333333333333,0.5714285714285714,0.8,0.6666666666666666,4,7,3,1,0.85
1007,15,5,0.3,T2 Only,0.8,0.75,0.6,0.6666666666666665,3,9,1,2,0.8136363636363636
1007,15,5,0.3,T3 Only,0.7333333333333333,0.5555555555555556,1.0,0.7142857142857143,5,6,4,0,0.8545454545454545
1007,15,5,0.3,T4 Only,0.8,0.6666666666666666,0.8,0.7272727272727272,4,8,2,1,0.8363636363636363
1007,15,5,0.3,T5 Only,0.8666666666666667,0.8,0.8,0.8000000000000002,4,9,1,1,0.8409090909090909
1008,15,5,0.3,MTIM (full),0.8666666666666667,0.8,0.8,0.8000000000000002,4,9,1,1,0.8681818181818182
1008,15,5,0.3,w/o Cross-factor Checking,0.8666666666666667,0.8,0.8,0.8000000000000002,4,9,1,1,0.8681818181818182
1008,15,5,0.3,w/o Bayesian Aggregation,0.8,1.0,0.4,0.5714285714285715,2,10,0,3,0.8
1008,15,5,0.3,w/o Temporal Decay,0.6666666666666666,0.0,0.0,0.0,0,10,0,5,0.7772727272727272
1008,15,5,0.3,w/o Adaptive Policy,0.8,1.0,0.4,0.5714285714285715,2,10,0,3,0.7909090909090909
1008,15,5,0.3,w/o Incentive Mechanism,0.8666666666666667,0.8,0.8,0.8000000000000002,4,9,1,1,0.7781818181818182
1008,15,5,0.3,T1 Only,0.8,0.6666666666666666,0.8,0.7272727272727272,4,8,2,1,0.8181818181818182
1008,15,5,0.3,T2 Only,0.6,0.42857142857142855,0.6,0.5,3,6,4,2,0.7772727272727272
1008,15,5,0.3,T3 Only,0.6666666666666666,0.5,0.8,0.6153846153846154,4,6,4,1,0.8181818181818182
1008,15,5,0.3,T4 Only,0.8,0.6666666666666666,0.8,0.7272727272727272,4,8,2,1,0.8
1008,15,5,0.3,T5 Only,0.8,0.6666666666666666,0.8,0.7272727272727272,4,8,2,1,0.8227272727272728
1009,15,5,0.3,MTIM (full),0.9333333333333333,0.8333333333333334,1.0,0.9090909090909091,5,9,1,0,0.9090909090909091
1009,15,5,0.3,w/o Cross-factor Checking,0.8666666666666667,0.8,0.8,0.8000000000000002,4,9,1,1,0.8318181818181818
1009,15,5,0.3,w/o Bayesian Aggregation,0.8666666666666667,1.0,0.6,0.7499999999999999,3,10,0,2,0.8
1009,15,5,0.3,w/o Temporal Decay,0.8,1.0,0.4,0.5714285714285715,2,10,0,3,0.7909090909090909
1009,15,5,0.3,w/o Adaptive Policy,0.8666666666666667,1.0,0.6,0.7499999999999999,3,10,0,2,0.8
1009,15,5,0.3,w/o Incentive Mechanism,0.9333333333333333,0.8333333333333334,1.0,0.9090909090909091,5,9,1,0,0.8145454545454546
1009,15,5,0.3,T1 Only,0.9333333333333333,0.8333333333333334,1.0,0.9090909090909091,5,9,1,0,0.8409090909090909
1009,15,5,0.3,T2 Only,0.9333333333333333,0.8333333333333334,1.0,0.9090909090909091,5,9,1,0,0.8318181818181818
1009,15,5,0.3,T3 Only,0.5333333333333333,0.375,0.6,0.4615384615384615,3,5,5,2,0.7181818181818181
1009,15,5,0.3,T4 Only,0.8,0.6666666666666666,0.8,0.7272727272727272,4,8,2,1,0.8
1009,15,5,0.3,T5 Only,0.9333333333333333,0.8333333333333334,1.0,0.9090909090909091,5,9,1,0,0.8227272727272728
1010,15,5,0.3,MTIM (full),1.0,1.0,1.0,1.0,5,10,0,0,0.9090909090909091
1010,15,5,0.3,w/o Cross-factor Checking,1.0,1.0,1.0,1.0,5,10,0,0,0.9
1010,15,5,0.3,w/o Bayesian Aggregation,0.8666666666666667,1.0,0.6,0.7499999999999999,3,10,0,2,0.8363636363636363
1010,15,5,0.3,w/o Temporal Decay,0.8,1.0,0.4,0.5714285714285715,2,10,0,3,0.7818181818181819
1010,15,5,0.3,w/o Adaptive Policy,0.8666666666666667,1.0,0.6,0.7499999999999999,3,10,0,2,0.8318181818181818
1010,15,5,0.3,w/o Incentive Mechanism,1.0,1.0,1.0,1.0,5,10,0,0,0.8190909090909091
1010,15,5,0.3,T1 Only,0.8666666666666667,0.7142857142857143,1.0,0.8333333333333333,5,8,2,0,0.8318181818181818
1010,15,5,0.3,T2 Only,0.6,0.42857142857142855,0.6,0.5,3,6,4,2,0.7318181818181818
1010,15,5,0.3,T3 Only,0.6,0.4444444444444444,0.8,0.5714285714285714,4,5,5,1,0.7863636363636364
1010,15,5,0.3,T4 Only,0.8,0.625,1.0,0.7692307692307693,5,7,3,0,0.8
1010,15,5,0.3,T5 Only,0.8,0.625,1.0,0.7692307692307693,5,7,3,0,0.8181818181818182
1011,15,5,0.3,MTIM (full),1.0,1.0,1.0,1.0,5,10,0,0,0.9363636363636364
1011,15,5,0.3,w/o Cross-factor Checking,1.0,1.0,1.0,1.0,5,10,0,0,0.9363636363636364
1011,15,5,0.3,w/o Bayesian Aggregation,0.8666666666666667,1.0,0.6,0.7499999999999999,3,10,0,2,0.8136363636363636
1011,15,5,0.3,w/o Temporal Decay,0.8,1.0,0.4,0.5714285714285715,2,10,0,3,0.7772727272727272
1011,15,5,0.3,w/o Adaptive Policy,0.8666666666666667,1.0,0.6,0.7499999999999999,3,10,0,2,0.8136363636363636
1011,15,5,0.3,w/o Incentive Mechanism,1.0,1.0,1.0,1.0,5,10,0,0,0.8463636363636364
1011,15,5,0.3,T1 Only,0.6666666666666666,0.5,0.6,0.5454545454545454,3,7,3,2,0.7045454545454546
1011,15,5,0.3,T2 Only,0.7333333333333333,0.6,0.6,0.6,3,8,2,2,0.7681818181818182
1011,15,5,0.3,T3 Only,0.6,0.4444444444444444,0.8,0.5714285714285714,4,5,5,1,0.7545454545454545
1011,15,5,0.3,T4 Only,0.6,0.4444444444444444,0.8,0.5714285714285714,4,5,5,1,0.8090909090909091
1011,15,5,0.3,T5 Only,0.7333333333333333,0.6,0.6,0.6,3,8,2,2,0.7272727272727273
1012,15,5,0.3,MTIM (full),0.9333333333333333,1.0,0.8,0.888888888888889,4,10,0,1,0.8772727272727273
1012,15,5,0.3,w/o Cross-factor Checking,0.9333333333333333,1.0,0.8,0.888888888888889,4,10,0,1,0.8727272727272727
1012,15,5,0.3,w/o Bayesian Aggregation,0.9333333333333333,1.0,0.8,0.888888888888889,4,10,0,1,0.8636363636363636
1012,15,5,0.3,w/o Temporal Decay,0.8,1.0,0.4,0.5714285714285715,2,10,0,3,0.7954545454545454
1012,15,5,0.3,w/o Adaptive Policy,0.9333333333333333,1.0,0.8,0.888888888888889,4,10,0,1,0.8636363636363636
1012,15,5,0.3,w/o Incentive Mechanism,0.9333333333333333,1.0,0.8,0.888888888888889,4,10,0,1,0.7872727272727273
1012,15,5,0.3,T1 Only,0.9333333333333333,1.0,0.8,0.888888888888889,4,10,0,1,0.8681818181818182
1012,15,5,0.3,T2 Only,0.6,0.4444444444444444,0.8,0.5714285714285714,4,5,5,1,0.8227272727272728
1012,15,5,0.3,T3 Only,0.4666666666666667,0.36363636363636365,0.8,0.5000000000000001,4,3,7,1,0.7727272727272727
1012,15,5,0.3,T4 Only,0.8666666666666667,0.8,0.8,0.8000000000000002,4,9,1,1,0.8636363636363636
1012,15,5,0.3,T5 Only,0.7333333333333333,0.5555555555555556,1.0,0.7142857142857143,5,6,4,0,0.8409090909090909
1013,15,5,0.3,MTIM (full),0.9333333333333333,0.8333333333333334,1.0,0.9090909090909091,5,9,1,0,0.9454545454545454
1013,15,5,0.3,w/o Cross-factor Checking,0.9333333333333333,0.8333333333333334,1.0,0.9090909090909091,5,9,1,0,0.9454545454545454
1013,15,5,0.3,w/o Bayesian Aggregation,0.8666666666666667,1.0,0.6,0.7499999999999999,3,10,0,2,0.8545454545454545
1013,15,5,0.3,w/o Temporal Decay,0.8,1.0,0.4,0.5714285714285715,2,10,0,3,0.8136363636363636
1013,15,5,0.3,w/o Adaptive Policy,0.8666666666666667,1.0,0.6,0.7499999999999999,3,10,0,2,0.85
1013,15,5,0.3,w/o Incentive Mechanism,0.9333333333333333,0.8333333333333334,1.0,0.9090909090909091,5,9,1,0,0.8554545454545455
1013,15,5,0.3,T1 Only,0.9333333333333333,0.8333333333333334,1.0,0.9090909090909091,5,9,1,0,0.8681818181818182
1013,15,5,0.3,T2 Only,0.4,0.3333333333333333,0.8,0.47058823529411764,4,2,8,1,0.7545454545454545
1013,15,5,0.3,T3 Only,0.6,0.45454545454545453,1.0,0.625,5,4,6,0,0.8136363636363636
1013,15,5,0.3,T4 Only,1.0,1.0,1.0,1.0,5,10,0,0,0.8681818181818182
1013,15,5,0.3,T5 Only,0.8,0.625,1.0,0.7692307692307693,5,7,3,0,0.8590909090909091
1014,15,5,0.3,MTIM (full),0.8666666666666667,0.8,0.8,0.8000000000000002,4,9,1,1,0.8727272727272727
1014,15,5,0.3,w/o Cross-factor Checking,0.8666666666666667,0.8,0.8,0.8000000000000002,4,9,1,1,0.8727272727272727
1014,15,5,0.3,w/o Bayesian Aggregation,0.8666666666666667,1.0,0.6,0.7499999999999999,3,10,0,2,0.8454545454545455
1014,15,5,0.3,w/o Temporal Decay,0.7333333333333333,1.0,0.2,0.33333333333333337,1,10,0,4,0.7954545454545454
1014,15,5,0.3,w/o Adaptive Policy,0.8666666666666667,1.0,0.6,0.7499999999999999,3,10,0,2,0.8590909090909091
1014,15,5,0.3,w/o Incentive Mechanism,0.8666666666666667,0.8,0.8,0.8000000000000002,4,9,1,1,0.7827272727272727
1014,15,5,0.3,T1 Only,0.8666666666666667,0.8,0.8,0.8000000000000002,4,9,1,1,0.8409090909090909
1014,15,5,0.3,T2 Only,0.6666666666666666,0.5,0.4,0.4444444444444445,2,8,2,3,0.7909090909090909
1014,15,5,0.3,T3 Only,0.8,0.625,1.0,0.7692307692307693,5,7,3,0,0.8772727272727273
1014,15,5,0.3,T4 Only,0.8,0.6666666666666666,0.8,0.7272727272727272,4,8,2,1,0.8545454545454545
1014,15,5,0.3,T5 Only,0.8666666666666667,0.8,0.8,0.8000000000000002,4,9,1,1,0.8590909090909091
1015,15,5,0.3,MTIM (full),1.0,1.0,1.0,1.0,5,10,0,0,0.9454545454545454
1015,15,5,0.3,w/o Cross-factor Checking,1.0,1.0,1.0,1.0,5,10,0,0,0.9409090909090909
1015,15,5,0.3,w/o Bayesian Aggregation,0.9333333333333333,1.0,0.8,0.888888888888889,4,10,0,1,0.9090909090909091
1015,15,5,0.3,w/o Temporal Decay,0.8666666666666667,1.0,0.6,0.7499999999999999,3,10,0,2,0.8863636363636364
1015,15,5,0.3,w/o Adaptive Policy,0.9333333333333333,1.0,0.8,0.888888888888889,4,10,0,1,0.9045454545454545
1015,15,5,0.3,w/o Incentive Mechanism,1.0,1.0,1.0,1.0,5,10,0,0,0.850909090909091
1015,15,5,0.3,T1 Only,0.9333333333333333,0.8333333333333334,1.0,0.9090909090909091,5,9,1,0,0.8772727272727273
1015,15,5,0.3,T2 Only,0.9333333333333333,1.0,0.8,0.888888888888889,4,10,0,1,0.8181818181818182
1015,15,5,0.3,T3 Only,0.6666666666666666,0.5,0.8,0.6153846153846154,4,6,4,1,0.7863636363636364
1015,15,5,0.3,T4 Only,0.9333333333333333,0.8333333333333334,1.0,0.9090909090909091,5,9,1,0,0.8727272727272727
1015,15,5,0.3,T5 Only,1.0,1.0,1.0,1.0,5,10,0,0,0.8454545454545455
1016,15,5,0.3,MTIM (full),0.9333333333333333,1.0,0.8,0.888888888888889,4,10,0,1,0.85
1016,15,5,0.3,w/o Cross-factor Checking,0.9333333333333333,1.0,0.8,0.888888888888889,4,10,0,1,0.8409090909090909
1016,15,5,0.3,w/o Bayesian Aggregation,0.7333333333333333,1.0,0.2,0.33333333333333337,1,10,0,4,0.740909090909091
1016,15,5,0.3,w/o Temporal Decay,0.7333333333333333,1.0,0.2,0.33333333333333337,1,10,0,4,0.740909090909091
1016,15,5,0.3,w/o Adaptive Policy,0.7333333333333333,1.0,0.2,0.33333333333333337,1,10,0,4,0.7181818181818181
1016,15,5,0.3,w/o Incentive Mechanism,0.9333333333333333,1.0,0.8,0.888888888888889,4,10,0,1,0.750909090909091
1016,15,5,0.3,T1 Only,0.6666666666666666,0.5,0.4,0.4444444444444445,2,8,2,3,0.7136363636363636
1016,15,5,0.3,T2 Only,0.6,0.4,0.4,0.4000000000000001,2,7,3,3,0.6909090909090909
1016,15,5,0.3,T3 Only,0.6666666666666666,0.5,0.8,0.6153846153846154,4,6,4,1,0.7727272727272727
1016,15,5,0.3,T4 Only,0.6,0.4,0.4,0.4000000000000001,2,7,3,3,0.7636363636363637
1016,15,5,0.3,T5 Only,0.6,0.4,0.4,0.4000000000000001,2,7,3,3,0.7136363636363636
1017,15,5,0.3,MTIM (full),0.9333333333333333,0.8333333333333334,1.0,0.9090909090909091,5,9,1,0,0.9318181818181818
1017,15,5,0.3,w/o Cross-factor Checking,0.9333333333333333,0.8333333333333334,1.0,0.9090909090909091,5,9,1,0,0.9318181818181818
1017,15,5,0.3,w/o Bayesian Aggregation,0.8666666666666667,1.0,0.6,0.7499999999999999,3,10,0,2,0.8272727272727273
1017,15,5,0.3,w/o Temporal Decay,0.8,1.0,0.4,0.5714285714285715,2,10,0,3,0.7954545454545454
1017,15,5,0.3,w/o Adaptive Policy,0.8666666666666667,1.0,0.6,0.7499999999999999,3,10,0,2,0.8136363636363636
1017,15,5,0.3,w/o Incentive Mechanism,0.9333333333333333,0.8333333333333334,1.0,0.9090909090909091,5,9,1,0,0.8418181818181818
1017,15,5,0.3,T1 Only,0.7333333333333333,0.5555555555555556,1.0,0.7142857142857143,5,6,4,0,0.8272727272727273
1017,15,5,0.3,T2 Only,0.4,0.25,0.4,0.3076923076923077,2,4,6,3,0.6318181818181818
1017,15,5,0.3,T3 Only,0.6,0.4444444444444444,0.8,0.5714285714285714,4,5,5,1,0.7227272727272728
1017,15,5,0.3,T4 Only,0.9333333333333333,0.8333333333333334,1.0,0.9090909090909091,5,9,1,0,0.8545454545454545
1017,15,5,0.3,T5 Only,0.8666666666666667,0.7142857142857143,1.0,0.8333333333333333,5,8,2,0,0.8181818181818182
1018,15,5,0.3,MTIM (full),0.8666666666666667,0.7142857142857143,1.0,0.8333333333333333,5,8,2,0,0.9
1018,15,5,0.3,w/o Cross-factor Checking,0.8,0.6666666666666666,0.8,0.7272727272727272,4,8,2,1,0.8363636363636363
1018,15,5,0.3,w/o Bayesian Aggregation,0.8,1.0,0.4,0.5714285714285715,2,10,0,3,0.7681818181818182
1018,15,5,0.3,w/o Temporal Decay,0.8,1.0,0.4,0.5714285714285715,2,10,0,3,0.7636363636363637
1018,15,5,0.3,w/o Adaptive Policy,0.6666666666666666,0.5,0.4,0.4444444444444445,2,8,2,3,0.7363636363636363
1018,15,5,0.3,w/o Incentive Mechanism,0.8666666666666667,0.7142857142857143,1.0,0.8333333333333333,5,8,2,0,0.8054545454545455
1018,15,5,0.3,T1 Only,0.7333333333333333,0.6,0.6,0.6,3,8,2,2,0.7818181818181819
1018,15,5,0.3,T2 Only,0.5333333333333333,0.375,0.6,0.4615384615384615,3,5,5,2,0.7318181818181818
1018,15,5,0.3,T3 Only,0.4,0.3333333333333333,0.8,0.47058823529411764,4,2,8,1,0.6636363636363637
1018,15,5,0.3,T4 Only,0.8666666666666667,0.7142857142857143,1.0,0.8333333333333333,5,8,2,0,0.8636363636363636
1018,15,5,0.3,T5 Only,0.7333333333333333,0.5555555555555556,1.0,0.7142857142857143,5,6,4,0,0.8363636363636363
1019,15,5,0.3,MTIM (full),0.8666666666666667,0.8,0.8,0.8000000000000002,4,9,1,1,0.8227272727272728
1019,15,5,0.3,w/o Cross-factor Checking,0.8666666666666667,0.8,0.8,0.8000000000000002,4,9,1,1,0.8227272727272728
1019,15,5,0.3,w/o Bayesian Aggregation,0.8,1.0,0.4,0.5714285714285715,2,10,0,3,0.7545454545454545
1019,15,5,0.3,w/o Temporal Decay,0.8,1.0,0.4,0.5714285714285715,2,10,0,3,0.7454545454545455
1019,15,5,0.3,w/o Adaptive Policy,0.8,1.0,0.4,0.5714285714285715,2,10,0,3,0.75
1019,15,5,0.3,w/o Incentive Mechanism,0.8666666666666667,0.8,0.8,0.8000000000000002,4,9,1,1,0.7327272727272728
1019,15,5,0.3,T1 Only,0.5333333333333333,0.375,0.6,0.4615384615384615,3,5,5,2,0.7318181818181818
1019,15,5,0.3,T2 Only,0.7333333333333333,0.5714285714285714,0.8,0.6666666666666666,4,7,3,1,0.75
1019,15,5,0.3,T3 Only,0.8666666666666667,0.7142857142857143,1.0,0.8333333333333333,5,8,2,0,0.7954545454545454
1019,15,5,0.3,T4 Only,0.8,0.75,0.6,0.6666666666666665,3,9,1,2,0.7454545454545455
1019,15,5,0.3,T5 Only,0.7333333333333333,0.5714285714285714,0.8,0.6666666666666666,4,7,3,1,0.7636363636363637
1020,15,5,0.3,MTIM (full),0.8666666666666667,0.8,0.8,0.8000000000000002,4,9,1,1,0.9090909090909091
1020,15,5,0.3,w/o Cross-factor Checking,0.8666666666666667,0.8,0.8,0.8000000000000002,4,9,1,1,0.8636363636363636
1020,15,5,0.3,w/o Bayesian Aggregation,0.7333333333333333,1.0,0.2,0.33333333333333337,1,10,0,4,0.7818181818181819
1020,15,5,0.3,w/o Temporal Decay,0.7333333333333333,1.0,0.2,0.33333333333333337,1,10,0,4,0.7772727272727272
1020,15,5,0.3,w/o Adaptive Policy,0.7333333333333333,1.0,0.2,0.33333333333333337,1,10,0,4,0.7545454545454545
1020,15,5,0.3,w/o Incentive Mechanism,0.8666666666666667,0.8,0.8,0.8000000000000002,4,9,1,1,0.8145454545454546
1020,15,5,0.3,T1 Only,0.8666666666666667,0.8,0.8,0.8000000000000002,4,9,1,1,0.8
1020,15,5,0.3,T2 Only,0.6666666666666666,0.5,0.4,0.4444444444444445,2,8,2,3,0.7181818181818181
1020,15,5,0.3,T3 Only,0.6,0.4444444444444444,0.8,0.5714285714285714,4,5,5,1,0.7454545454545455
1020,15,5,0.3,T4 Only,0.7333333333333333,0.5714285714285714,0.8,0.6666666666666666,4,7,3,1,0.8045454545454546
1020,15,5,0.3,T5 Only,0.8666666666666667,0.8,0.8,0.8000000000000002,4,9,1,1,0.7863636363636364
1021,15,5,0.3,MTIM (full),0.9333333333333333,1.0,0.8,0.888888888888889,4,10,0,1,0.8181818181818182
1021,15,5,0.3,w/o Cross-factor Checking,0.8666666666666667,0.8,0.8,0.8000000000000002,4,9,1,1,0.8409090909090909
1021,15,5,0.3,w/o Bayesian Aggregation,0.7333333333333333,1.0,0.2,0.33333333333333337,1,10,0,4,0.7727272727272727
1021,15,5,0.3,w/o Temporal Decay,0.6666666666666666,0.0,0.0,0.0,0,10,0,5,0.7318181818181818
1021,15,5,0.3,w/o Adaptive Policy,0.6666666666666666,0.0,0.0,0.0,0,10,0,5,0.7363636363636363
1021,15,5,0.3,w/o Incentive Mechanism,0.9333333333333333,1.0,0.8,0.888888888888889,4,10,0,1,0.7281818181818183
1021,15,5,0.3,T1 Only,0.6,0.4444444444444444,0.8,0.5714285714285714,4,5,5,1,0.7772727272727272
1021,15,5,0.3,T2 Only,0.8,0.6666666666666666,0.8,0.7272727272727272,4,8,2,1,0.8318181818181818
1021,15,5,0.3,T3 Only,0.7333333333333333,0.6,0.6,0.6,3,8,2,2,0.7909090909090909
1021,15,5,0.3,T4 Only,0.5333333333333333,0.375,0.6,0.4615384615384615,3,5,5,2,0.8181818181818182
1021,15,5,0.3,T5 Only,0.7333333333333333,0.5714285714285714,0.8,0.6666666666666666,4,7,3,1,0.8318181818181818
1022,15,5,0.3,MTIM (full),1.0,1.0,1.0,1.0,5,10,0,0,0.9227272727272727
1022,15,5,0.3,w/o Cross-factor Checking,1.0,1.0,1.0,1.0,5,10,0,0,0.9227272727272727
1022,15,5,0.3,w/o Bayesian Aggregation,0.9333333333333333,1.0,0.8,0.888888888888889,4,10,0,1,0.8772727272727273
1022,15,5,0.3,w/o Temporal Decay,0.7333333333333333,1.0,0.2,0.33333333333333337,1,10,0,4,0.7909090909090909
1022,15,5,0.3,w/o Adaptive Policy,0.9333333333333333,1.0,0.8,0.888888888888889,4,10,0,1,0.8772727272727273
1022,15,5,0.3,w/o Incentive Mechanism,1.0,1.0,1.0,1.0,5,10,0,0,0.8327272727272728
1022,15,5,0.3,T1 Only,0.9333333333333333,0.8333333333333334,1.0,0.9090909090909091,5,9,1,0,0.8454545454545455
1022,15,5,0.3,T2 Only,0.6,0.42857142857142855,0.6,0.5,3,6,4,2,0.7363636363636363
1022,15,5,0.3,T3 Only,0.6,0.42857142857142855,0.6,0.5,3,6,4,2,0.6909090909090909
1022,15,5,0.3,T4 Only,0.8,0.625,1.0,0.7692307692307693,5,7,3,0,0.8318181818181818
1022,15,5,0.3,T5 Only,1.0,1.0,1.0,1.0,5,10,0,0,0.8363636363636363
1023,15,5,0.3,MTIM (full),0.9333333333333333,1.0,0.8,0.888888888888889,4,10,0,1,0.8727272727272727
1023,15,5,0.3,w/o Cross-factor Checking,0.9333333333333333,1.0,0.8,0.888888888888889,4,10,0,1,0.8318181818181818
1023,15,5,0.3,w/o Bayesian Aggregation,0.7333333333333333,0.6666666666666666,0.4,0.5,2,9,1,3,0.7818181818181819
1023,15,5,0.3,w/o Temporal Decay,0.7333333333333333,1.0,0.2,0.33333333333333337,1,10,0,4,0.75
1023,15,5,0.3,w/o Adaptive Policy,0.8,1.0,0.4,0.5714285714285715,2,10,0,3,0.7727272727272727
1023,15,5,0.3,w/o Incentive Mechanism,0.9333333333333333,1.0,0.8,0.888888888888889,4,10,0,1,0.7918181818181819
1023,15,5,0.3,T1 Only,0.6,0.4444444444444444,0.8,0.5714285714285714,4,5,5,1,0.75
1023,15,5,0.3,T2 Only,0.8,0.75,0.6,0.6666666666666665,3,9,1,2,0.7818181818181819
1023,15,5,0.3,T3 Only,0.6666666666666666,0.5,0.8,0.6153846153846154,4,6,4,1,0.7727272727272727
1023,15,5,0.3,T4 Only,0.8,0.75,0.6,0.6666666666666665,3,9,1,2,0.7727272727272727
1023,15,5,0.3,T5 Only,0.8,0.6666666666666666,0.8,0.7272727272727272,4,8,2,1,0.8
1024,15,5,0.3,MTIM (full),1.0,1.0,1.0,1.0,5,10,0,0,0.9363636363636364
1024,15,5,0.3,w/o Cross-factor Checking,1.0,1.0,1.0,1.0,5,10,0,0,0.9363636363636364
1024,15,5,0.3,w/o Bayesian Aggregation,0.8666666666666667,1.0,0.6,0.7499999999999999,3,10,0,2,0.8590909090909091
1024,15,5,0.3,w/o Temporal Decay,0.8,1.0,0.4,0.5714285714285715,2,10,0,3,0.8181818181818182
1024,15,5,0.3,w/o Adaptive Policy,0.8666666666666667,1.0,0.6,0.7499999999999999,3,10,0,2,0.8454545454545455
1024,15,5,0.3,w/o Incentive Mechanism,1.0,1.0,1.0,1.0,5,10,0,0,0.8463636363636364
1024,15,5,0.3,T1 Only,0.8666666666666667,0.8,0.8,0.8000000000000002,4,9,1,1,0.8772727272727273
1024,15,5,0.3,T2 Only,0.5333333333333333,0.3333333333333333,0.4,0.3636363636363636,2,6,4,3,0.759090909090909
1024,15,5,0.3,T3 Only,0.6666666666666666,0.5,1.0,0.6666666666666666,5,5,5,0,0.8818181818181818
1024,15,5,0.3,T4 Only,0.8666666666666667,0.7142857142857143,1.0,0.8333333333333333,5,8,2,0,0.9181818181818182
1024,15,5,0.3,T5 Only,0.8,0.625,1.0,0.7692307692307693,5,7,3,0,0.8863636363636364
1025,15,5,0.3,MTIM (full),0.9333333333333333,0.8333333333333334,1.0,0.9090909090909091,5,9,1,0,0.9272727272727272
1025,15,5,0.3,w/o Cross-factor Checking,0.9333333333333333,0.8333333333333334,1.0,0.9090909090909091,5,9,1,0,0.9363636363636364
1025,15,5,0.3,w/o Bayesian Aggregation,0.9333333333333333,1.0,0.8,0.888888888888889,4,10,0,1,0.8772727272727273
1025,15,5,0.3,w/o Temporal Decay,0.8666666666666667,1.0,0.6,0.7499999999999999,3,10,0,2,0.8409090909090909
1025,15,5,0.3,w/o Adaptive Policy,0.9333333333333333,1.0,0.8,0.888888888888889,4,10,0,1,0.8772727272727273
1025,15,5,0.3,w/o Incentive Mechanism,0.9333333333333333,0.8333333333333334,1.0,0.9090909090909091,5,9,1,0,0.8372727272727273
1025,15,5,0.3,T1 Only,0.8,0.6666666666666666,0.8,0.7272727272727272,4,8,2,1,0.8045454545454546
1025,15,5,0.3,T2 Only,0.7333333333333333,0.6,0.6,0.6,3,8,2,2,0.7272727272727273
1025,15,5,0.3,T3 Only,0.6,0.4444444444444444,0.8,0.5714285714285714,4,5,5,1,0.740909090909091
1025,15,5,0.3,T4 Only,0.9333333333333333,0.8333333333333334,1.0,0.9090909090909091,5,9,1,0,0.8272727272727273
1025,15,5,0.3,T5 Only,0.9333333333333333,0.8333333333333334,1.0,0.9090909090909091,5,9,1,0,0.8363636363636363
1026,15,5,0.3,MTIM (full),1.0,1.0,1.0,1.0,5,10,0,0,0.9227272727272727
1026,15,5,0.3,w/o Cross-factor Checking,1.0,1.0,1.0,1.0,5,10,0,0,0.9227272727272727
1026,15,5,0.3,w/o Bayesian Aggregation,0.9333333333333333,1.0,0.8,0.888888888888889,4,10,0,1,0.8545454545454545
1026,15,5,0.3,w/o Temporal Decay,0.8666666666666667,1.0,0.6,0.7499999999999999,3,10,0,2,0.8318181818181818
1026,15,5,0.3,w/o Adaptive Policy,0.9333333333333333,1.0,0.8,0.888888888888889,4,10,0,1,0.8681818181818182
1026,15,5,0.3,w/o Incentive Mechanism,1.0,1.0,1.0,1.0,5,10,0,0,0.8327272727272728
1026,15,5,0.3,T1 Only,0.8,0.625,1.0,0.7692307692307693,5,7,3,0,0.8681818181818182
1026,15,5,0.3,T2 Only,0.7333333333333333,0.5555555555555556,1.0,0.7142857142857143,5,6,4,0,0.8681818181818182
1026,15,5,0.3,T3 Only,0.6,0.45454545454545453,1.0,0.625,5,4,6,0,0.8090909090909091
1026,15,5,0.3,T4 Only,0.8666666666666667,0.7142857142857143,1.0,0.8333333333333333,5,8,2,0,0.8909090909090909
1026,15,5,0.3,T5 Only,0.9333333333333333,0.8333333333333334,1.0,0.9090909090909091,5,9,1,0,0.8545454545454545
1027,15,5,0.3,MTIM (full),0.8,0.625,1.0,0.7692307692307693,5,7,3,0,0.9227272727272727
1027,15,5,0.3,w/o Cross-factor Checking,0.8,0.625,1.0,0.7692307692307693,5,7,3,0,0.9181818181818182
1027,15,5,0.3,w/o Bayesian Aggregation,0.8,1.0,0.4,0.5714285714285715,2,10,0,3,0.8
1027,15,5,0.3,w/o Temporal Decay,0.8,1.0,0.4,0.5714285714285715,2,10,0,3,0.8
1027,15,5,0.3,w/o Adaptive Policy,0.8,1.0,0.4,0.5714285714285715,2,10,0,3,0.8090909090909091
1027,15,5,0.3,w/o Incentive Mechanism,0.8,0.625,1.0,0.7692307692307693,5,7,3,0,0.8281818181818182
1027,15,5,0.3,T1 Only,0.6,0.42857142857142855,0.6,0.5,3,6,4,2,0.7954545454545454
1027,15,5,0.3,T2 Only,0.6,0.45454545454545453,1.0,0.625,5,4,6,0,0.85
1027,15,5,0.3,T3 Only,0.6666666666666666,0.5,1.0,0.6666666666666666,5,5,5,0,0.8409090909090909
1027,15,5,0.3,T4 Only,0.8,0.625,1.0,0.7692307692307693,5,7,3,0,0.8409090909090909
1027,15,5,0.3,T5 Only,0.8,0.625,1.0,0.7692307692307693,5,7,3,0,0.8227272727272728
1028,15,5,0.3,MTIM (full),1.0,1.0,1.0,1.0,5,10,0,0,0.9227272727272727
1028,15,5,0.3,w/o Cross-factor Checking,1.0,1.0,1.0,1.0,5,10,0,0,0.9227272727272727
1028,15,5,0.3,w/o Bayesian Aggregation,0.8,1.0,0.4,0.5714285714285715,2,10,0,3,0.8272727272727273
1028,15,5,0.3,w/o Temporal Decay,0.8,1.0,0.4,0.5714285714285715,2,10,0,3,0.8136363636363636
1028,15,5,0.3,w/o Adaptive Policy,0.8,1.0,0.4,0.5714285714285715,2,10,0,3,0.8136363636363636
1028,15,5,0.3,w/o Incentive Mechanism,1.0,1.0,1.0,1.0,5,10,0,0,0.8327272727272728
1028,15,5,0.3,T1 Only,0.8666666666666667,0.7142857142857143,1.0,0.8333333333333333,5,8,2,0,0.8590909090909091
1028,15,5,0.3,T2 Only,0.7333333333333333,0.5714285714285714,0.8,0.6666666666666666,4,7,3,1,0.8272727272727273
1028,15,5,0.3,T3 Only,0.5333333333333333,0.4,0.8,0.5333333333333333,4,4,6,1,0.759090909090909
1028,15,5,0.3,T4 Only,1.0,1.0,1.0,1.0,5,10,0,0,0.8818181818181818
1028,15,5,0.3,T5 Only,0.8666666666666667,0.7142857142857143,1.0,0.8333333333333333,5,8,2,0,0.8409090909090909
1029,15,5,0.3,MTIM (full),1.0,1.0,1.0,1.0,5,10,0,0,0.9136363636363637
1029,15,5,0.3,w/o Cross-factor Checking,0.9333333333333333,0.8333333333333334,1.0,0.9090909090909091,5,9,1,0,0.9181818181818182
1029,15,5,0.3,w/o Bayesian Aggregation,0.8666666666666667,1.0,0.6,0.7499999999999999,3,10,0,2,0.7863636363636364
1029,15,5,0.3,w/o Temporal Decay,0.8,1.0,0.4,0.5714285714285715,2,10,0,3,0.759090909090909
1029,15,5,0.3,w/o Adaptive Policy,0.8666666666666667,1.0,0.6,0.7499999999999999,3,10,0,2,0.7818181818181819
1029,15,5,0.3,w/o Incentive Mechanism,1.0,1.0,1.0,1.0,5,10,0,0,0.8236363636363637
1029,15,5,0.3,T1 Only,0.8,0.6666666666666666,0.8,0.7272727272727272,4,8,2,1,0.8454545454545455
1029,15,5,0.3,T2 Only,0.6,0.42857142857142855,0.6,0.5,3,6,4,2,0.7454545454545455
1029,15,5,0.3,T3 Only,0.4666666666666667,0.36363636363636365,0.8,0.5000000000000001,4,3,7,1,0.7
1029,15,5,0.3,T4 Only,0.9333333333333333,1.0,0.8,0.888888888888889,4,10,0,1,0.8090909090909091
1029,15,5,0.3,T5 Only,0.8666666666666667,0.8,0.8,0.8000000000000002,4,9,1,1,0.8136363636363636
1030,15,5,0.3,MTIM (full),1.0,1.0,1.0,1.0,5,10,0,0,0.9318181818181818
1030,15,5,0.3,w/o Cross-factor Checking,1.0,1.0,1.0,1.0,5,10,0,0,0.9318181818181818
1030,15,5,0.3,w/o Bayesian Aggregation,0.8,1.0,0.4,0.5714285714285715,2,10,0,3,0.8272727272727273
1030,15,5,0.3,w/o Temporal Decay,0.8,1.0,0.4,0.5714285714285715,2,10,0,3,0.8227272727272728
1030,15,5,0.3,w/o Adaptive Policy,0.8,1.0,0.4,0.5714285714285715,2,10,0,3,0.8090909090909091
1030,15,5,0.3,w/o Incentive Mechanism,1.0,1.0,1.0,1.0,5,10,0,0,0.8418181818181818
1030,15,5,0.3,T1 Only,0.9333333333333333,1.0,0.8,0.888888888888889,4,10,0,1,0.8136363636363636
1030,15,5,0.3,T2 Only,0.6,0.42857142857142855,0.6,0.5,3,6,4,2,0.7045454545454546
1030,15,5,0.3,T3 Only,0.6666666666666666,0.5,1.0,0.6666666666666666,5,5,5,0,0.8090909090909091
1030,15,5,0.3,T4 Only,0.9333333333333333,0.8333333333333334,1.0,0.9090909090909091,5,9,1,0,0.8545454545454545
1030,15,5,0.3,T5 Only,1.0,1.0,1.0,1.0,5,10,0,0,0.8409090909090909
1031,15,5,0.3,MTIM (full),0.8,0.6666666666666666,0.8,0.7272727272727272,4,8,2,1,0.8863636363636364
1031,15,5,0.3,w/o Cross-factor Checking,0.8,0.6666666666666666,0.8,0.7272727272727272,4,8,2,1,0.8863636363636364
1031,15,5,0.3,w/o Bayesian Aggregation,0.8666666666666667,1.0,0.6,0.7499999999999999,3,10,0,2,0.8181818181818182
1031,15,5,0.3,w/o Temporal Decay,0.8,1.0,0.4,0.5714285714285715,2,10,0,3,0.8045454545454546
1031,15,5,0.3,w/o Adaptive Policy,0.7333333333333333,0.6666666666666666,0.4,0.5,2,9,1,3,0.7772727272727272
1031,15,5,0.3,w/o Incentive Mechanism,0.8,0.6666666666666666,0.8,0.7272727272727272,4,8,2,1,0.7963636363636364
1031,15,5,0.3,T1 Only,0.6,0.4444444444444444,0.8,0.5714285714285714,4,5,5,1,0.7727272727272727
1031,15,5,0.3,T2 Only,0.6,0.42857142857142855,0.6,0.5,3,6,4,2,0.7636363636363637
1031,15,5,0.3,T3 Only,0.6,0.4,0.4,0.4000000000000001,2,7,3,3,0.7454545454545455
1031,15,5,0.3,T4 Only,0.7333333333333333,0.5714285714285714,0.8,0.6666666666666666,4,7,3,1,0.8090909090909091
1031,15,5,0.3,T5 Only,0.7333333333333333,0.5714285714285714,0.8,0.6666666666666666,4,7,3,1,0.8
1032,15,5,0.3,MTIM (full),1.0,1.0,1.0,1.0,5,10,0,0,0.9545454545454546
1032,15,5,0.3,w/o Cross-factor Checking,1.0,1.0,1.0,1.0,5,10,0,0,0.9545454545454546
1032,15,5,0.3,w/o Bayesian Aggregation,0.8,1.0,0.4,0.5714285714285715,2,10,0,3,0.8181818181818182
1032,15,5,0.3,w/o Temporal Decay,0.7333333333333333,1.0,0.2,0.33333333333333337,1,10,0,4,0.8227272727272728
1032,15,5,0.3,w/o Adaptive Policy,0.8,1.0,0.4,0.5714285714285715,2,10,0,3,0.8136363636363636
1032,15,5,0.3,w/o Incentive Mechanism,1.0,1.0,1.0,1.0,5,10,0,0,0.8645454545454546
1032,15,5,0.3,T1 Only,0.8,0.625,1.0,0.7692307692307693,5,7,3,0,0.7909090909090909
1032,15,5,0.3,T2 Only,0.5333333333333333,0.375,0.6,0.4615384615384615,3,5,5,2,0.6818181818181818
1032,15,5,0.3,T3 Only,0.6,0.4444444444444444,0.8,0.5714285714285714,4,5,5,1,0.7227272727272728
1032,15,5,0.3,T4 Only,0.8666666666666667,0.8,0.8,0.8000000000000002,4,9,1,1,0.7863636363636364
1032,15,5,0.3,T5 Only,0.9333333333333333,0.8333333333333334,1.0,0.9090909090909091,5,9,1,0,0.8
1033,15,5,0.3,MTIM (full),1.0,1.0,1.0,1.0,5,10,0,0,0.9272727272727272
1033,15,5,0.3,w/o Cross-factor Checking,1.0,1.0,1.0,1.0,5,10,0,0,0.9318181818181818
1033,15,5,0.3,w/o Bayesian Aggregation,0.7333333333333333,1.0,0.2,0.33333333333333337,1,10,0,4,0.759090909090909
1033,15,5,0.3,w/o Temporal Decay,0.7333333333333333,1.0,0.2,0.33333333333333337,1,10,0,4,0.7636363636363637
1033,15,5,0.3,w/o Adaptive Policy,0.8,1.0,0.4,0.5714285714285715,2,10,0,3,0.8
1033,15,5,0.3,w/o Incentive Mechanism,1.0,1.0,1.0,1.0,5,10,0,0,0.8372727272727273
1033,15,5,0.3,T1 Only,0.8,0.625,1.0,0.7692307692307693,5,7,3,0,0.8863636363636364
1033,15,5,0.3,T2 Only,0.4666666666666667,0.2857142857142857,0.4,0.3333333333333333,2,5,5,3,0.7227272727272728
1033,15,5,0.3,T3 Only,0.4666666666666667,0.36363636363636365,0.8,0.5000000000000001,4,3,7,1,0.8
1033,15,5,0.3,T4 Only,0.8,0.6666666666666666,0.8,0.7272727272727272,4,8,2,1,0.8318181818181818
1033,15,5,0.3,T5 Only,1.0,1.0,1.0,1.0,5,10,0,0,0.8909090909090909
1034,15,5,0.3,MTIM (full),1.0,1.0,1.0,1.0,5,10,0,0,0.9363636363636364
1034,15,5,0.3,w/o Cross-factor Checking,1.0,1.0,1.0,1.0,5,10,0,0,0.9318181818181818
1034,15,5,0.3,w/o Bayesian Aggregation,0.9333333333333333,1.0,0.8,0.888888888888889,4,10,0,1,0.8681818181818182
1034,15,5,0.3,w/o Temporal Decay,0.8,1.0,0.4,0.5714285714285715,2,10,0,3,0.8227272727272728
1034,15,5,0.3,w/o Adaptive Policy,0.9333333333333333,1.0,0.8,0.888888888888889,4,10,0,1,0.8681818181818182
1034,15,5,0.3,w/o Incentive Mechanism,1.0,1.0,1.0,1.0,5,10,0,0,0.8463636363636364
1034,15,5,0.3,T1 Only,1.0,1.0,1.0,1.0,5,10,0,0,0.8454545454545455
1034,15,5,0.3,T2 Only,0.8666666666666667,0.7142857142857143,1.0,0.8333333333333333,5,8,2,0,0.8409090909090909
1034,15,5,0.3,T3 Only,0.3333333333333333,0.2727272727272727,0.6,0.37499999999999994,3,2,8,2,0.6590909090909091
1034,15,5,0.3,T4 Only,1.0,1.0,1.0,1.0,5,10,0,0,0.8772727272727273
1034,15,5,0.3,T5 Only,1.0,1.0,1.0,1.0,5,10,0,0,0.8545454545454545
1035,15,5,0.3,MTIM (full),0.9333333333333333,0.8333333333333334,1.0,0.9090909090909091,5,9,1,0,0.9454545454545454
1035,15,5,0.3,w/o Cross-factor Checking,0.8666666666666667,0.8,0.8,0.8000000000000002,4,9,1,1,0.8772727272727273
1035,15,5,0.3,w/o Bayesian Aggregation,0.8,0.75,0.6,0.6666666666666665,3,9,1,2,0.8409090909090909
1035,15,5,0.3,w/o Temporal Decay,0.8666666666666667,1.0,0.6,0.7499999999999999,3,10,0,2,0.8590909090909091
1035,15,5,0.3,w/o Adaptive Policy,0.8,0.75,0.6,0.6666666666666665,3,9,1,2,0.8363636363636363
1035,15,5,0.3,w/o Incentive Mechanism,0.9333333333333333,0.8333333333333334,1.0,0.9090909090909091,5,9,1,0,0.850909090909091
1035,15,5,0.3,T1 Only,0.8666666666666667,0.7142857142857143,1.0,0.8333333333333333,5,8,2,0,0.7954545454545454
1035,15,5,0.3,T2 Only,0.6,0.42857142857142855,0.6,0.5,3,6,4,2,0.7363636363636363
1035,15,5,0.3,T3 Only,0.6,0.42857142857142855,0.6,0.5,3,6,4,2,0.6409090909090909
1035,15,5,0.3,T4 Only,0.8,0.6666666666666666,0.8,0.7272727272727272,4,8,2,1,0.7772727272727272
1035,15,5,0.3,T5 Only,0.7333333333333333,0.5714285714285714,0.8,0.6666666666666666,4,7,3,1,0.7636363636363637
1036,15,5,0.3,MTIM (full),1.0,1.0,1.0,1.0,5,10,0,0,0.95
1036,15,5,0.3,w/o Cross-factor Checking,0.9333333333333333,1.0,0.8,0.888888888888889,4,10,0,1,0.8954545454545455
1036,15,5,0.3,w/o Bayesian Aggregation,0.8,1.0,0.4,0.5714285714285715,2,10,0,3,0.8272727272727273
1036,15,5,0.3,w/o Temporal Decay,0.8,1.0,0.4,0.5714285714285715,2,10,0,3,0.8363636363636363
1036,15,5,0.3,w/o Adaptive Policy,0.8,1.0,0.4,0.5714285714285715,2,10,0,3,0.8227272727272728
1036,15,5,0.3,w/o Incentive Mechanism,1.0,1.0,1.0,1.0,5,10,0,0,0.86
1036,15,5,0.3,T1 Only,0.8666666666666667,0.8,0.8,0.8000000000000002,4,9,1,1,0.8409090909090909
1036,15,5,0.3,T2 Only,0.5333333333333333,0.3333333333333333,0.4,0.3636363636363636,2,6,4,3,0.7363636363636363
1036,15,5,0.3,T3 Only,0.5333333333333333,0.375,0.6,0.4615384615384615,3,5,5,2,0.7272727272727273
1036,15,5,0.3,T4 Only,0.9333333333333333,0.8333333333333334,1.0,0.9090909090909091,5,9,1,0,0.8772727272727273
1036,15,5,0.3,T5 Only,0.8666666666666667,0.7142857142857143,1.0,0.8333333333333333,5,8,2,0,0.8363636363636363
1037,15,5,0.3,MTIM (full),1.0,1.0,1.0,1.0,5,10,0,0,0.9272727272727272
1037,15,5,0.3,w/o Cross-factor Checking,0.8666666666666667,1.0,0.6,0.7499999999999999,3,10,0,2,0.85
1037,15,5,0.3,w/o Bayesian Aggregation,0.8666666666666667,1.0,0.6,0.7499999999999999,3,10,0,2,0.8045454545454546
1037,15,5,0.3,w/o Temporal Decay,0.8,1.0,0.4,0.5714285714285715,2,10,0,3,0.7954545454545454
1037,15,5,0.3,w/o Adaptive Policy,0.8666666666666667,1.0,0.6,0.7499999999999999,3,10,0,2,0.7909090909090909
1037,15,5,0.3,w/o Incentive Mechanism,1.0,1.0,1.0,1.0,5,10,0,0,0.8372727272727273
1037,15,5,0.3,T1 Only,0.8,0.6666666666666666,0.8,0.7272727272727272,4,8,2,1,0.8409090909090909
1037,15,5,0.3,T2 Only,0.7333333333333333,0.5714285714285714,0.8,0.6666666666666666,4,7,3,1,0.8
1037,15,5,0.3,T3 Only,0.3333333333333333,0.2727272727272727,0.6,0.37499999999999994,3,2,8,2,0.6454545454545455
1037,15,5,0.3,T4 Only,0.6666666666666666,0.5,0.6,0.5454545454545454,3,7,3,2,0.7909090909090909
1037,15,5,0.3,T5 Only,0.8,0.6666666666666666,0.8,0.7272727272727272,4,8,2,1,0.8227272727272728
1038,15,5,0.3,MTIM (full),1.0,1.0,1.0,1.0,5,10,0,0,0.9272727272727272
1038,15,5,0.3,w/o Cross-factor Checking,1.0,1.0,1.0,1.0,5,10,0,0,0.9272727272727272
1038,15,5,0.3,w/o Bayesian Aggregation,0.8,1.0,0.4,0.5714285714285715,2,10,0,3,0.8454545454545455
1038,15,5,0.3,w/o Temporal Decay,0.8,1.0,0.4,0.5714285714285715,2,10,0,3,0.8454545454545455
1038,15,5,0.3,w/o Adaptive Policy,0.8,1.0,0.4,0.5714285714285715,2,10,0,3,0.8318181818181818
1038,15,5,0.3,w/o Incentive Mechanism,1.0,1.0,1.0,1.0,5,10,0,0,0.8372727272727273
1038,15,5,0.3,T1 Only,0.8666666666666667,0.7142857142857143,1.0,0.8333333333333333,5,8,2,0,0.8863636363636364
1038,15,5,0.3,T2 Only,0.6666666666666666,0.5,0.6,0.5454545454545454,3,7,3,2,0.7772727272727272
1038,15,5,0.3,T3 Only,0.6,0.4444444444444444,0.8,0.5714285714285714,4,5,5,1,0.7545454545454545
1038,15,5,0.3,T4 Only,0.8666666666666667,0.8,0.8,0.8000000000000002,4,9,1,1,0.8181818181818182
1038,15,5,0.3,T5 Only,0.9333333333333333,0.8333333333333334,1.0,0.9090909090909091,5,9,1,0,0.8681818181818182
1039,15,5,0.3,MTIM (full),0.9333333333333333,1.0,0.8,0.888888888888889,4,10,0,1,0.8636363636363636
1039,15,5,0.3,w/o Cross-factor Checking,0.8666666666666667,0.8,0.8,0.8000000000000002,4,9,1,1,0.8454545454545455
1039,15,5,0.3,w/o Bayesian Aggregation,0.8666666666666667,0.8,0.8,0.8000000000000002,4,9,1,1,0.85
1039,15,5,0.3,w/o Temporal Decay,0.8666666666666667,1.0,0.6,0.7499999999999999,3,10,0,2,0.8045454545454546
1039,15,5,0.3,w/o Adaptive Policy,0.8,0.75,0.6,0.6666666666666665,3,9,1,2,0.8136363636363636
1039,15,5,0.3,w/o Incentive Mechanism,0.9333333333333333,1.0,0.8,0.888888888888889,4,10,0,1,0.7736363636363637
1039,15,5,0.3,T1 Only,0.8,0.6666666666666666,0.8,0.7272727272727272,4,8,2,1,0.8863636363636364
1039,15,5,0.3,T2 Only,0.5333333333333333,0.3333333333333333,0.4,0.3636363636363636,2,6,4,3,0.759090909090909
1039,15,5,0.3,T3 Only,0.6,0.45454545454545453,1.0,0.625,5,4,6,0,0.8
1039,15,5,0.3,T4 Only,0.7333333333333333,0.5714285714285714,0.8,0.6666666666666666,4,7,3,1,0.8863636363636364
1039,15,5,0.3,T5 Only,0.9333333333333333,0.8333333333333334,1.0,0.9090909090909091,5,9,1,0,0.85
1040,15,5,0.3,MTIM (full),0.9333333333333333,0.8333333333333334,1.0,0.9090909090909091,5,9,1,0,0.9181818181818182
1040,15,5,0.3,w/o Cross-factor Checking,1.0,1.0,1.0,1.0,5,10,0,0,0.9136363636363637
1040,15,5,0.3,w/o Bayesian Aggregation,0.8666666666666667,1.0,0.6,0.7499999999999999,3,10,0,2,0.8272727272727273
1040,15,5,0.3,w/o Temporal Decay,0.8,1.0,0.4,0.5714285714285715,2,10,0,3,0.8
1040,15,5,0.3,w/o Adaptive Policy,0.7333333333333333,0.6666666666666666,0.4,0.5,2,9,1,3,0.7454545454545455
1040,15,5,0.3,w/o Incentive Mechanism,0.9333333333333333,0.8333333333333334,1.0,0.9090909090909091,5,9,1,0,0.8281818181818182
1040,15,5,0.3,T1 Only,0.8666666666666667,0.8,0.8,0.8000000000000002,4,9,1,1,0.8227272727272728
1040,15,5,0.3,T2 Only,0.6,0.42857142857142855,0.6,0.5,3,6,4,2,0.7227272727272728
1040,15,5,0.3,T3 Only,0.6,0.4444444444444444,0.8,0.5714285714285714,4,5,5,1,0.8272727272727273
1040,15,5,0.3,T4 Only,0.8,0.6666666666666666,0.8,0.7272727272727272,4,8,2,1,0.8318181818181818
1040,15,5,0.3,T5 Only,0.7333333333333333,0.5714285714285714,0.8,0.6666666666666666,4,7,3,1,0.8045454545454546
1041,15,5,0.3,MTIM (full),0.9333333333333333,1.0,0.8,0.888888888888889,4,10,0,1,0.8772727272727273
1041,15,5,0.3,w/o Cross-factor Checking,0.9333333333333333,1.0,0.8,0.888888888888889,4,10,0,1,0.8772727272727273
1041,15,5,0.3,w/o Bayesian Aggregation,0.8666666666666667,1.0,0.6,0.7499999999999999,3,10,0,2,0.8318181818181818
1041,15,5,0.3,w/o Temporal Decay,0.8666666666666667,1.0,0.6,0.7499999999999999,3,10,0,2,0.8318181818181818
1041,15,5,0.3,w/o Adaptive Policy,0.8666666666666667,1.0,0.6,0.7499999999999999,3,10,0,2,0.8227272727272728
1041,15,5,0.3,w/o Incentive Mechanism,0.9333333333333333,1.0,0.8,0.888888888888889,4,10,0,1,0.7872727272727273
1041,15,5,0.3,T1 Only,0.9333333333333333,1.0,0.8,0.888888888888889,4,10,0,1,0.8727272727272727
1041,15,5,0.3,T2 Only,0.6666666666666666,0.5,0.6,0.5454545454545454,3,7,3,2,0.7727272727272727
1041,15,5,0.3,T3 Only,0.4666666666666667,0.3333333333333333,0.6,0.42857142857142855,3,4,6,2,0.7363636363636363
1041,15,5,0.3,T4 Only,0.8666666666666667,0.8,0.8,0.8000000000000002,4,9,1,1,0.8545454545454545
1041,15,5,0.3,T5 Only,0.8,0.6666666666666666,0.8,0.7272727272727272,4,8,2,1,0.8363636363636363
1042,15,5,0.3,MTIM (full),0.9333333333333333,0.8333333333333334,1.0,0.9090909090909091,5,9,1,0,0.9227272727272727
1042,15,5,0.3,w/o Cross-factor Checking,1.0,1.0,1.0,1.0,5,10,0,0,0.9272727272727272
1042,15,5,0.3,w/o Bayesian Aggregation,0.8666666666666667,1.0,0.6,0.7499999999999999,3,10,0,2,0.8363636363636363
1042,15,5,0.3,w/o Temporal Decay,0.8666666666666667,1.0,0.6,0.7499999999999999,3,10,0,2,0.8272727272727273
1042,15,5,0.3,w/o Adaptive Policy,0.8666666666666667,1.0,0.6,0.7499999999999999,3,10,0,2,0.8181818181818182
1042,15,5,0.3,w/o Incentive Mechanism,0.9333333333333333,0.8333333333333334,1.0,0.9090909090909091,5,9,1,0,0.8327272727272728
1042,15,5,0.3,T1 Only,1.0,1.0,1.0,1.0,5,10,0,0,0.8590909090909091
1042,15,5,0.3,T2 Only,0.6666666666666666,0.5,0.6,0.5454545454545454,3,7,3,2,0.8136363636363636
1042,15,5,0.3,T3 Only,0.7333333333333333,0.5555555555555556,1.0,0.7142857142857143,5,6,4,0,0.8409090909090909
1042,15,5,0.3,T4 Only,0.8666666666666667,0.7142857142857143,1.0,0.8333333333333333,5,8,2,0,0.8954545454545455
1042,15,5,0.3,T5 Only,0.9333333333333333,0.8333333333333334,1.0,0.9090909090909091,5,9,1,0,0.8727272727272727
1043,15,5,0.3,MTIM (full),0.9333333333333333,0.8333333333333334,1.0,0.9090909090909091,5,9,1,0,0.9272727272727272
1043,15,5,0.3,w/o Cross-factor Checking,0.8666666666666667,0.7142857142857143,1.0,0.8333333333333333,5,8,2,0,0.9272727272727272
1043,15,5,0.3,w/o Bayesian Aggregation,0.9333333333333333,1.0,0.8,0.888888888888889,4,10,0,1,0.8727272727272727
1043,15,5,0.3,w/o Temporal Decay,0.8666666666666667,1.0,0.6,0.7499999999999999,3,10,0,2,0.8454545454545455
1043,15,5,0.3,w/o Adaptive Policy,0.8666666666666667,0.8,0.8,0.8000000000000002,4,9,1,1,0.8409090909090909
1043,15,5,0.3,w/o Incentive Mechanism,0.9333333333333333,0.8333333333333334,1.0,0.9090909090909091,5,9,1,0,0.8372727272727273
1043,15,5,0.3,T1 Only,0.9333333333333333,0.8333333333333334,1.0,0.9090909090909091,5,9,1,0,0.8636363636363636
1043,15,5,0.3,T2 Only,0.6,0.42857142857142855,0.6,0.5,3,6,4,2,0.740909090909091
1043,15,5,0.3,T3 Only,0.6,0.45454545454545453,1.0,0.625,5,4,6,0,0.8181818181818182
1043,15,5,0.3,T4 Only,0.8,0.625,1.0,0.7692307692307693,5,7,3,0,0.85
1043,15,5,0.3,T5 Only,0.9333333333333333,0.8333333333333334,1.0,0.9090909090909091,5,9,1,0,0.8545454545454545
1044,15,5,0.3,MTIM (full),1.0,1.0,1.0,1.0,5,10,0,0,0.9045454545454545
1044,15,5,0.3,w/o Cross-factor Checking,0.9333333333333333,1.0,0.8,0.888888888888889,4,10,0,1,0.8318181818181818
1044,15,5,0.3,w/o Bayesian Aggregation,0.8,1.0,0.4,0.5714285714285715,2,10,0,3,0.75
1044,15,5,0.3,w/o Temporal Decay,0.7333333333333333,1.0,0.2,0.33333333333333337,1,10,0,4,0.7363636363636363
1044,15,5,0.3,w/o Adaptive Policy,0.6666666666666666,0.5,0.2,0.28571428571428575,1,9,1,4,0.7272727272727273
1044,15,5,0.3,w/o Incentive Mechanism,1.0,1.0,1.0,1.0,5,10,0,0,0.8145454545454546
1044,15,5,0.3,T1 Only,0.8,0.6666666666666666,0.8,0.7272727272727272,4,8,2,1,0.8545454545454545
1044,15,5,0.3,T2 Only,0.6,0.42857142857142855,0.6,0.5,3,6,4,2,0.8045454545454546
1044,15,5,0.3,T3 Only,0.4666666666666667,0.36363636363636365,0.8,0.5000000000000001,4,3,7,1,0.7818181818181819
1044,15,5,0.3,T4 Only,0.8666666666666667,0.8,0.8,0.8000000000000002,4,9,1,1,0.8636363636363636
1044,15,5,0.3,T5 Only,0.8666666666666667,0.7142857142857143,1.0,0.8333333333333333,5,8,2,0,0.8545454545454545
1045,15,5,0.3,MTIM (full),1.0,1.0,1.0,1.0,5,10,0,0,0.9681818181818181
1045,15,5,0.3,w/o Cross-factor Checking,0.9333333333333333,0.8333333333333334,1.0,0.9090909090909091,5,9,1,0,0.9681818181818181
1045,15,5,0.3,w/o Bayesian Aggregation,0.8666666666666667,1.0,0.6,0.7499999999999999,3,10,0,2,0.8363636363636363
1045,15,5,0.3,w/o Temporal Decay,0.8,1.0,0.4,0.5714285714285715,2,10,0,3,0.8318181818181818
1045,15,5,0.3,w/o Adaptive Policy,0.8666666666666667,1.0,0.6,0.7499999999999999,3,10,0,2,0.8272727272727273
1045,15,5,0.3,w/o Incentive Mechanism,1.0,1.0,1.0,1.0,5,10,0,0,0.8781818181818182
1045,15,5,0.3,T1 Only,0.7333333333333333,0.5714285714285714,0.8,0.6666666666666666,4,7,3,1,0.8181818181818182
1045,15,5,0.3,T2 Only,0.7333333333333333,0.6,0.6,0.6,3,8,2,2,0.7181818181818181
1045,15,5,0.3,T3 Only,0.6666666666666666,0.5,0.8,0.6153846153846154,4,6,4,1,0.7636363636363637
1045,15,5,0.3,T4 Only,0.8,0.625,1.0,0.7692307692307693,5,7,3,0,0.8545454545454545
1045,15,5,0.3,T5 Only,0.9333333333333333,0.8333333333333334,1.0,0.9090909090909091,5,9,1,0,0.85
1046,15,5,0.3,MTIM (full),1.0,1.0,1.0,1.0,5,10,0,0,0.8954545454545455
1046,15,5,0.3,w/o Cross-factor Checking,0.9333333333333333,1.0,0.8,0.888888888888889,4,10,0,1,0.8272727272727273
1046,15,5,0.3,w/o Bayesian Aggregation,0.8666666666666667,1.0,0.6,0.7499999999999999,3,10,0,2,0.7636363636363637
1046,15,5,0.3,w/o Temporal Decay,0.8666666666666667,1.0,0.6,0.7499999999999999,3,10,0,2,0.759090909090909
1046,15,5,0.3,w/o Adaptive Policy,0.8,0.75,0.6,0.6666666666666665,3,9,1,2,0.75
1046,15,5,0.3,w/o Incentive Mechanism,1.0,1.0,1.0,1.0,5,10,0,0,0.8054545454545455
1046,15,5,0.3,T1 Only,0.6666666666666666,0.5,0.6,0.5454545454545454,3,7,3,2,0.8045454545454546
1046,15,5,0.3,T2 Only,0.4,0.3333333333333333,0.8,0.47058823529411764,4,2,8,1,0.6772727272727272
1046,15,5,0.3,T3 Only,0.3333333333333333,0.2727272727272727,0.6,0.37499999999999994,3,2,8,2,0.6590909090909091
1046,15,5,0.3,T4 Only,0.8666666666666667,0.8,0.8,0.8000000000000002,4,9,1,1,0.8136363636363636
1046,15,5,0.3,T5 Only,0.6666666666666666,0.5,0.8,0.6153846153846154,4,6,4,1,0.7772727272727272
1047,15,5,0.3,MTIM (full),1.0,1.0,1.0,1.0,5,10,0,0,0.9090909090909091
1047,15,5,0.3,w/o Cross-factor Checking,0.8666666666666667,0.8,0.8,0.8000000000000002,4,9,1,1,0.8818181818181818
1047,15,5,0.3,w/o Bayesian Aggregation,0.8666666666666667,0.8,0.8,0.8000000000000002,4,9,1,1,0.8363636363636363
1047,15,5,0.3,w/o Temporal Decay,0.8666666666666667,1.0,0.6,0.7499999999999999,3,10,0,2,0.8409090909090909
1047,15,5,0.3,w/o Adaptive Policy,0.8666666666666667,0.8,0.8,0.8000000000000002,4,9,1,1,0.8409090909090909
1047,15,5,0.3,w/o Incentive Mechanism,1.0,1.0,1.0,1.0,5,10,0,0,0.8190909090909091
1047,15,5,0.3,T1 Only,0.7333333333333333,0.5555555555555556,1.0,0.7142857142857143,5,6,4,0,0.8409090909090909
1047,15,5,0.3,T2 Only,0.5333333333333333,0.4,0.8,0.5333333333333333,4,4,6,1,0.7636363636363637
1047,15,5,0.3,T3 Only,0.6,0.4444444444444444,0.8,0.5714285714285714,4,5,5,1,0.759090909090909
1047,15,5,0.3,T4 Only,0.8,0.6666666666666666,0.8,0.7272727272727272,4,8,2,1,0.8272727272727273
1047,15,5,0.3,T5 Only,0.8666666666666667,0.7142857142857143,1.0,0.8333333333333333,5,8,2,0,0.8409090909090909
1048,15,5,0.3,MTIM (full),0.9333333333333333,1.0,0.8,0.888888888888889,4,10,0,1,0.8454545454545455
1048,15,5,0.3,w/o Cross-factor Checking,0.9333333333333333,1.0,0.8,0.888888888888889,4,10,0,1,0.8681818181818182
1048,15,5,0.3,w/o Bayesian Aggregation,0.8666666666666667,1.0,0.6,0.7499999999999999,3,10,0,2,0.8409090909090909
1048,15,5,0.3,w/o Temporal Decay,0.7333333333333333,1.0,0.2,0.33333333333333337,1,10,0,4,0.7863636363636364
1048,15,5,0.3,w/o Adaptive Policy,0.8,0.75,0.6,0.6666666666666665,3,9,1,2,0.8136363636363636
1048,15,5,0.3,w/o Incentive Mechanism,0.9333333333333333,1.0,0.8,0.888888888888889,4,10,0,1,0.7554545454545455
1048,15,5,0.3,T1 Only,0.8,0.625,1.0,0.7692307692307693,5,7,3,0,0.85
1048,15,5,0.3,T2 Only,0.5333333333333333,0.3333333333333333,0.4,0.3636363636363636,2,6,4,3,0.6954545454545454
1048,15,5,0.3,T3 Only,0.5333333333333333,0.4,0.8,0.5333333333333333,4,4,6,1,0.7272727272727273
1048,15,5,0.3,T4 Only,0.8666666666666667,0.8,0.8,0.8000000000000002,4,9,1,1,0.8
1048,15,5,0.3,T5 Only,0.8,0.625,1.0,0.7692307692307693,5,7,3,0,0.8227272727272728
1049,15,5,0.3,MTIM (full),1.0,1.0,1.0,1.0,5,10,0,0,0.9181818181818182
1049,15,5,0.3,w/o Cross-factor Checking,1.0,1.0,1.0,1.0,5,10,0,0,0.9136363636363637
1049,15,5,0.3,w/o Bayesian Aggregation,0.9333333333333333,1.0,0.8,0.888888888888889,4,10,0,1,0.8636363636363636
1049,15,5,0.3,w/o Temporal Decay,0.9333333333333333,1.0,0.8,0.888888888888889,4,10,0,1,0.8636363636363636
1049,15,5,0.3,w/o Adaptive Policy,0.9333333333333333,1.0,0.8,0.888888888888889,4,10,0,1,0.8590909090909091
1049,15,5,0.3,w/o Incentive Mechanism,1.0,1.0,1.0,1.0,5,10,0,0,0.8236363636363637
1049,15,5,0.3,T1 Only,0.8666666666666667,0.8,0.8,0.8000000000000002,4,9,1,1,0.8272727272727273
1049,15,5,0.3,T2 Only,0.6666666666666666,0.5,0.8,0.6153846153846154,4,6,4,1,0.7681818181818182
1049,15,5,0.3,T3 Only,0.4,0.3333333333333333,0.8,0.47058823529411764,4,2,8,1,0.7045454545454546
1049,15,5,0.3,T4 Only,0.9333333333333333,0.8333333333333334,1.0,0.9090909090909091,5,9,1,0,0.8636363636363636
1049,15,5,0.3,T5 Only,0.9333333333333333,0.8333333333333334,1.0,0.9090909090909091,5,9,1,0,0.8454545454545455
1000,15,5,0.3,MTIM (full),0.9333333333333333,0.8333333333333334,1.0,0.9090909090909091,5,9,1,0,0.9136363636363637
1000,15,5,0.3,w/o Cross-factor Checking,0.9333333333333333,0.8333333333333334,1.0,0.9090909090909091,5,9,1,0,0.9136363636363637
1000,15,5,0.3,w/o Bayesian Aggregation,0.8,1.0,0.4,0.5714285714285715,2,10,0,3,0.8
1000,15,5,0.3,w/o Temporal Decay,0.7333333333333333,1.0,0.2,0.33333333333333337,1,10,0,4,0.7727272727272727
1000,15,5,0.3,w/o Adaptive Policy,0.8,1.0,0.4,0.5714285714285715,2,10,0,3,0.7909090909090909
1000,15,5,0.3,w/o Incentive Mechanism,0.9333333333333333,0.8333333333333334,1.0,0.9090909090909091,5,9,1,0,0.8236363636363637
1000,15,5,0.3,T1 Only,0.9333333333333333,0.8333333333333334,1.0,0.9090909090909091,5,9,1,0,0.8545454545454545
1000,15,5,0.3,T2 Only,0.6,0.42857142857142855,0.6,0.5,3,6,4,2,0.7227272727272728
1000,15,5,0.3,T3 Only,0.4,0.3333333333333333,0.8,0.47058823529411764,4,2,8,1,0.7136363636363636
1000,15,5,0.3,T4 Only,0.8,0.625,1.0,0.7692307692307693,5,7,3,0,0.8454545454545455
1000,15,5,0.3,T5 Only,0.7333333333333333,0.5555555555555556,1.0,0.7142857142857143,5,6,4,0,0.8227272727272728
1001,15,5,0.3,MTIM (full),0.9333333333333333,0.8333333333333334,1.0,0.9090909090909091,5,9,1,0,0.9227272727272727
1001,15,5,0.3,w/o Cross-factor Checking,0.9333333333333333,0.8333333333333334,1.0,0.9090909090909091,5,9,1,0,0.9227272727272727
1001,15,5,0.3,w/o Bayesian Aggregation,0.8666666666666667,1.0,0.6,0.7499999999999999,3,10,0,2,0.8409090909090909
1001,15,5,0.3,w/o Temporal Decay,0.7333333333333333,1.0,0.2,0.33333333333333337,1,10,0,4,0.8
1001,15,5,0.3,w/o Adaptive Policy,0.8,1.0,0.4,0.5714285714285715,2,10,0,3,0.8227272727272728
1001,15,5,0.3,w/o Incentive Mechanism,0.8666666666666667,0.7142857142857143,1.0,0.8333333333333333,5,8,2,0,0.8281818181818182
1001,15,5,0.3,T1 Only,0.7333333333333333,0.5714285714285714,0.8,0.6666666666666666,4,7,3,1,0.8363636363636363
1001,15,5,0.3,T2 Only,0.6,0.4,0.4,0.4000000000000001,2,7,3,3,0.7727272727272727
1001,15,5,0.3,T3 Only,0.6666666666666666,0.5,0.6,0.5454545454545454,3,7,3,2,0.7909090909090909
1001,15,5,0.3,T4 Only,0.9333333333333333,0.8333333333333334,1.0,0.9090909090909091,5,9,1,0,0.8818181818181818
1001,15,5,0.3,T5 Only,0.9333333333333333,0.8333333333333334,1.0,0.9090909090909091,5,9,1,0,0.8727272727272727
1002,15,5,0.3,MTIM (full),0.9333333333333333,0.8333333333333334,1.0,0.9090909090909091,5,9,1,0,0.9409090909090909
1002,15,5,0.3,w/o Cross-factor Checking,0.9333333333333333,0.8333333333333334,1.0,0.9090909090909091,5,9,1,0,0.9363636363636364
1002,15,5,0.3,w/o Bayesian Aggregation,0.8,1.0,0.4,0.5714285714285715,2,10,0,3,0.8181818181818182
1002,15,5,0.3,w/o Temporal Decay,0.8,1.0,0.4,0.5714285714285715,2,10,0,3,0.8181818181818182
1002,15,5,0.3,w/o Adaptive Policy,0.8,1.0,0.4,0.5714285714285715,2,10,0,3,0.8363636363636363
1002,15,5,0.3,w/o Incentive Mechanism,0.9333333333333333,0.8333333333333334,1.0,0.9090909090909091,5,9,1,0,0.8463636363636364
1002,15,5,0.3,T1 Only,0.6,0.42857142857142855,0.6,0.5,3,6,4,2,0.75
1002,15,5,0.3,T2 Only,0.6666666666666666,0.5,0.4,0.4444444444444445,2,8,2,3,0.7272727272727273
1002,15,5,0.3,T3 Only,0.4666666666666667,0.36363636363636365,0.8,0.5000000000000001,4,3,7,1,0.7181818181818181
1002,15,5,0.3,T4 Only,0.6,0.42857142857142855,0.6,0.5,3,6,4,2,0.6909090909090909
1002,15,5,0.3,T5 Only,0.8,0.75,0.6,0.6666666666666665,3,9,1,2,0.740909090909091
1003,15,5,0.3,MTIM (full),0.9333333333333333,1.0,0.8,0.888888888888889,4,10,0,1,0.8590909090909091
1003,15,5,0.3,w/o Cross-factor Checking,0.9333333333333333,0.8333333333333334,1.0,0.9090909090909091,5,9,1,0,0.9181818181818182
1003,15,5,0.3,w/o Bayesian Aggregation,0.8,0.75,0.6,0.6666666666666665,3,9,1,2,0.7909090909090909
1003,15,5,0.3,w/o Temporal Decay,0.8,1.0,0.4,0.5714285714285715,2,10,0,3,0.7636363636363637
1003,15,5,0.3,w/o Adaptive Policy,0.7333333333333333,0.6666666666666666,0.4,0.5,2,9,1,3,0.7818181818181819
1003,15,5,0.3,w/o Incentive Mechanism,0.9333333333333333,1.0,0.8,0.888888888888889,4,10,0,1,0.7645454545454545
1003,15,5,0.3,T1 Only,0.9333333333333333,0.8333333333333334,1.0,0.9090909090909091,5,9,1,0,0.8727272727272727
1003,15,5,0.3,T2 Only,0.5333333333333333,0.3333333333333333,0.4,0.3636363636363636,2,6,4,3,0.7090909090909091
1003,15,5,0.3,T3 Only,0.3333333333333333,0.3076923076923077,0.8,0.4444444444444444,4,1,9,1,0.6181818181818182
1003,15,5,0.3,T4 Only,0.8,0.625,1.0,0.7692307692307693,5,7,3,0,0.8681818181818182
1003,15,5,0.3,T5 Only,0.8,0.625,1.0,0.7692307692307693,5,7,3,0,0.8545454545454545
1004,15,5,0.3,MTIM (full),0.8666666666666667,0.8,0.8,0.8000000000000002,4,9,1,1,0.8409090909090909
1004,15,5,0.3,w/o Cross-factor Checking,0.9333333333333333,1.0,0.8,0.888888888888889,4,10,0,1,0.8318181818181818
1004,15,5,0.3,w/o Bayesian Aggregation,0.8,1.0,0.4,0.5714285714285715,2,10,0,3,0.7727272727272727
1004,15,5,0.3,w/o Temporal Decay,0.7333333333333333,1.0,0.2,0.33333333333333337,1,10,0,4,0.7636363636363637
1004,15,5,0.3,w/o Adaptive Policy,0.8,1.0,0.4,0.5714285714285715,2,10,0,3,0.7681818181818182
1004,15,5,0.3,w/o Incentive Mechanism,0.8666666666666667,0.8,0.8,0.8000000000000002,4,9,1,1,0.7463636363636363
1004,15,5,0.3,T1 Only,0.8666666666666667,0.8,0.8,0.8000000000000002,4,9,1,1,0.8590909090909091
1004,15,5,0.3,T2 Only,0.6666666666666666,0.5,0.8,0.6153846153846154,4,6,4,1,0.8545454545454545
1004,15,5,0.3,T3 Only,0.7333333333333333,0.5714285714285714,0.8,0.6666666666666666,4,7,3,1,0.8363636363636363
1004,15,5,0.3,T4 Only,0.8,0.6666666666666666,0.8,0.7272727272727272,4,8,2,1,0.8272727272727273
1004,15,5,0.3,T5 Only,0.8,0.6666666666666666,0.8,0.7272727272727272,4,8,2,1,0.8545454545454545
1005,15,5,0.3,MTIM (full),0.8666666666666667,1.0,0.6,0.7499999999999999,3,10,0,2,0.8136363636363636
1005,15,5,0.3,w/o Cross-factor Checking,0.8666666666666667,1.0,0.6,0.7499999999999999,3,10,0,2,0.8090909090909091
1005,15,5,0.3,w/o Bayesian Aggregation,0.7333333333333333,1.0,0.2,0.33333333333333337,1,10,0,4,0.7045454545454546
1005,15,5,0.3,w/o Temporal Decay,0.6666666666666666,0.0,0.0,0.0,0,10,0,5,0.7181818181818181
1005,15,5,0.3,w/o Adaptive Policy,0.7333333333333333,1.0,0.2,0.33333333333333337,1,10,0,4,0.7
1005,15,5,0.3,w/o Incentive Mechanism,0.8666666666666667,1.0,0.6,0.7499999999999999,3,10,0,2,0.7190909090909091
1005,15,5,0.3,T1 Only,0.7333333333333333,0.6666666666666666,0.4,0.5,2,9,1,3,0.7636363636363637
1005,15,5,0.3,T2 Only,0.6666666666666666,0.5,0.2,0.28571428571428575,1,9,1,4,0.7272727272727273
1005,15,5,0.3,T3 Only,0.4666666666666667,0.36363636363636365,0.8,0.5000000000000001,4,3,7,1,0.7181818181818181
1005,15,5,0.3,T4 Only,0.7333333333333333,0.6,0.6,0.6,3,8,2,2,0.7681818181818182
1005,15,5,0.3,T5 Only,0.6666666666666666,0.5,0.4,0.4444444444444445,2,8,2,3,0.7545454545454545
1006,15,5,0.3,MTIM (full),0.8666666666666667,0.7142857142857143,1.0,0.8333333333333333,5,8,2,0,0.9272727272727272
1006,15,5,0.3,w/o Cross-factor Checking,0.9333333333333333,0.8333333333333334,1.0,0.9090909090909091,5,9,1,0,0.9318181818181818
1006,15,5,0.3,w/o Bayesian Aggregation,0.9333333333333333,1.0,0.8,0.888888888888889,4,10,0,1,0.8454545454545455
1006,15,5,0.3,w/o Temporal Decay,0.9333333333333333,1.0,0.8,0.888888888888889,4,10,0,1,0.8545454545454545
1006,15,5,0.3,w/o Adaptive Policy,0.8666666666666667,0.8,0.8,0.8000000000000002,4,9,1,1,0.8409090909090909
1006,15,5,0.3,w/o Incentive Mechanism,0.8666666666666667,0.7142857142857143,1.0,0.8333333333333333,5,8,2,0,0.8372727272727273
1006,15,5,0.3,T1 Only,0.8666666666666667,0.8,0.8,0.8000000000000002,4,9,1,1,0.8318181818181818
1006,15,5,0.3,T2 Only,0.6666666666666666,0.5,0.8,0.6153846153846154,4,6,4,1,0.8090909090909091
1006,15,5,0.3,T3 Only,0.6666666666666666,0.5,0.8,0.6153846153846154,4,6,4,1,0.7863636363636364
1006,15,5,0.3,T4 Only,0.8,0.6666666666666666,0.8,0.7272727272727272,4,8,2,1,0.8227272727272728
1006,15,5,0.3,T5 Only,0.8,0.625,1.0,0.7692307692307693,5,7,3,0,0.85
1007,15,5,0.3,MTIM (full),0.9333333333333333,1.0,0.8,0.888888888888889,4,10,0,1,0.8772727272727273
1007,15,5,0.3,w/o Cross-factor Checking,0.9333333333333333,1.0,0.8,0.888888888888889,4,10,0,1,0.8909090909090909
1007,15,5,0.3,w/o Bayesian Aggregation,0.8,1.0,0.4,0.5714285714285715,2,10,0,3,0.8227272727272728
1007,15,5,0.3,w/o Temporal Decay,0.8,1.0,0.4,0.5714285714285715,2,10,0,3,0.8272727272727273
1007,15,5,0.3,w/o Adaptive Policy,0.8,1.0,0.4,0.5714285714285715,2,10,0,3,0.8227272727272728
1007,15,5,0.3,w/o Incentive Mechanism,0.9333333333333333,1.0,0.8,0.888888888888889,4,10,0,1,0.7918181818181819
1007,15,5,0.3,T1 Only,0.7333333333333333,0.5714285714285714,0.8,0.6666666666666666,4,7,3,1,0.85
1007,15,5,0.3,T2 Only,0.8,0.75,0.6,0.6666666666666665,3,9,1,2,0.8136363636363636
1007,15,5,0.3,T3 Only,0.7333333333333333,0.5555555555555556,1.0,0.7142857142857143,5,6,4,0,0.8545454545454545
1007,15,5,0.3,T4 Only,0.8,0.6666666666666666,0.8,0.7272727272727272,4,8,2,1,0.8363636363636363
1007,15,5,0.3,T5 Only,0.8666666666666667,0.8,0.8,0.8000000000000002,4,9,1,1,0.8409090909090909
1008,15,5,0.3,MTIM (full),0.8666666666666667,0.8,0.8,0.8000000000000002,4,9,1,1,0.8681818181818182
1008,15,5,0.3,w/o Cross-factor Checking,0.8666666666666667,0.8,0.8,0.8000000000000002,4,9,1,1,0.8681818181818182
1008,15,5,0.3,w/o Bayesian Aggregation,0.8,1.0,0.4,0.5714285714285715,2,10,0,3,0.8
1008,15,5,0.3,w/o Temporal Decay,0.6666666666666666,0.0,0.0,0.0,0,10,0,5,0.7772727272727272
1008,15,5,0.3,w/o Adaptive Policy,0.8,1.0,0.4,0.5714285714285715,2,10,0,3,0.7909090909090909
1008,15,5,0.3,w/o Incentive Mechanism,0.8666666666666667,0.8,0.8,0.8000000000000002,4,9,1,1,0.7781818181818182
1008,15,5,0.3,T1 Only,0.8,0.6666666666666666,0.8,0.7272727272727272,4,8,2,1,0.8181818181818182
1008,15,5,0.3,T2 Only,0.6,0.42857142857142855,0.6,0.5,3,6,4,2,0.7772727272727272
1008,15,5,0.3,T3 Only,0.6666666666666666,0.5,0.8,0.6153846153846154,4,6,4,1,0.8181818181818182
1008,15,5,0.3,T4 Only,0.8,0.6666666666666666,0.8,0.7272727272727272,4,8,2,1,0.8
1008,15,5,0.3,T5 Only,0.8,0.6666666666666666,0.8,0.7272727272727272,4,8,2,1,0.8227272727272728
1009,15,5,0.3,MTIM (full),0.9333333333333333,0.8333333333333334,1.0,0.9090909090909091,5,9,1,0,0.9090909090909091
1009,15,5,0.3,w/o Cross-factor Checking,0.8666666666666667,0.8,0.8,0.8000000000000002,4,9,1,1,0.8318181818181818
1009,15,5,0.3,w/o Bayesian Aggregation,0.8666666666666667,1.0,0.6,0.7499999999999999,3,10,0,2,0.8
1009,15,5,0.3,w/o Temporal Decay,0.8,1.0,0.4,0.5714285714285715,2,10,0,3,0.7909090909090909
1009,15,5,0.3,w/o Adaptive Policy,0.8666666666666667,1.0,0.6,0.7499999999999999,3,10,0,2,0.8
1009,15,5,0.3,w/o Incentive Mechanism,0.9333333333333333,0.8333333333333334,1.0,0.9090909090909091,5,9,1,0,0.8145454545454546
1009,15,5,0.3,T1 Only,0.9333333333333333,0.8333333333333334,1.0,0.9090909090909091,5,9,1,0,0.8409090909090909
1009,15,5,0.3,T2 Only,0.9333333333333333,0.8333333333333334,1.0,0.9090909090909091,5,9,1,0,0.8318181818181818
1009,15,5,0.3,T3 Only,0.5333333333333333,0.375,0.6,0.4615384615384615,3,5,5,2,0.7181818181818181
1009,15,5,0.3,T4 Only,0.8,0.6666666666666666,0.8,0.7272727272727272,4,8,2,1,0.8
1009,15,5,0.3,T5 Only,0.9333333333333333,0.8333333333333334,1.0,0.9090909090909091,5,9,1,0,0.8227272727272728
1010,15,5,0.3,MTIM (full),1.0,1.0,1.0,1.0,5,10,0,0,0.9090909090909091
1010,15,5,0.3,w/o Cross-factor Checking,1.0,1.0,1.0,1.0,5,10,0,0,0.9
1010,15,5,0.3,w/o Bayesian Aggregation,0.8666666666666667,1.0,0.6,0.7499999999999999,3,10,0,2,0.8363636363636363
1010,15,5,0.3,w/o Temporal Decay,0.8,1.0,0.4,0.5714285714285715,2,10,0,3,0.7818181818181819
1010,15,5,0.3,w/o Adaptive Policy,0.8666666666666667,1.0,0.6,0.7499999999999999,3,10,0,2,0.8318181818181818
1010,15,5,0.3,w/o Incentive Mechanism,1.0,1.0,1.0,1.0,5,10,0,0,0.8190909090909091
1010,15,5,0.3,T1 Only,0.8666666666666667,0.7142857142857143,1.0,0.8333333333333333,5,8,2,0,0.8318181818181818
1010,15,5,0.3,T2 Only,0.6,0.42857142857142855,0.6,0.5,3,6,4,2,0.7318181818181818
1010,15,5,0.3,T3 Only,0.6,0.4444444444444444,0.8,0.5714285714285714,4,5,5,1,0.7863636363636364
1010,15,5,0.3,T4 Only,0.8,0.625,1.0,0.7692307692307693,5,7,3,0,0.8
1010,15,5,0.3,T5 Only,0.8,0.625,1.0,0.7692307692307693,5,7,3,0,0.8181818181818182
1011,15,5,0.3,MTIM (full),1.0,1.0,1.0,1.0,5,10,0,0,0.9363636363636364
1011,15,5,0.3,w/o Cross-factor Checking,1.0,1.0,1.0,1.0,5,10,0,0,0.9363636363636364
1011,15,5,0.3,w/o Bayesian Aggregation,0.8666666666666667,1.0,0.6,0.7499999999999999,3,10,0,2,0.8136363636363636
1011,15,5,0.3,w/o Temporal Decay,0.8,1.0,0.4,0.5714285714285715,2,10,0,3,0.7772727272727272
1011,15,5,0.3,w/o Adaptive Policy,0.8666666666666667,1.0,0.6,0.7499999999999999,3,10,0,2,0.8136363636363636
1011,15,5,0.3,w/o Incentive Mechanism,1.0,1.0,1.0,1.0,5,10,0,0,0.8463636363636364
1011,15,5,0.3,T1 Only,0.6666666666666666,0.5,0.6,0.5454545454545454,3,7,3,2,0.7045454545454546
1011,15,5,0.3,T2 Only,0.7333333333333333,0.6,0.6,0.6,3,8,2,2,0.7681818181818182
1011,15,5,0.3,T3 Only,0.6,0.4444444444444444,0.8,0.5714285714285714,4,5,5,1,0.7545454545454545
1011,15,5,0.3,T4 Only,0.6,0.4444444444444444,0.8,0.5714285714285714,4,5,5,1,0.8090909090909091
1011,15,5,0.3,T5 Only,0.7333333333333333,0.6,0.6,0.6,3,8,2,2,0.7272727272727273
1012,15,5,0.3,MTIM (full),0.9333333333333333,1.0,0.8,0.888888888888889,4,10,0,1,0.8772727272727273
1012,15,5,0.3,w/o Cross-factor Checking,0.9333333333333333,1.0,0.8,0.888888888888889,4,10,0,1,0.8727272727272727
1012,15,5,0.3,w/o Bayesian Aggregation,0.9333333333333333,1.0,0.8,0.888888888888889,4,10,0,1,0.8636363636363636
1012,15,5,0.3,w/o Temporal Decay,0.8,1.0,0.4,0.5714285714285715,2,10,0,3,0.7954545454545454
1012,15,5,0.3,w/o Adaptive Policy,0.9333333333333333,1.0,0.8,0.888888888888889,4,10,0,1,0.8636363636363636
1012,15,5,0.3,w/o Incentive Mechanism,0.9333333333333333,1.0,0.8,0.888888888888889,4,10,0,1,0.7872727272727273
1012,15,5,0.3,T1 Only,0.9333333333333333,1.0,0.8,0.888888888888889,4,10,0,1,0.8681818181818182
1012,15,5,0.3,T2 Only,0.6,0.4444444444444444,0.8,0.5714285714285714,4,5,5,1,0.8227272727272728
1012,15,5,0.3,T3 Only,0.4666666666666667,0.36363636363636365,0.8,0.5000000000000001,4,3,7,1,0.7727272727272727
1012,15,5,0.3,T4 Only,0.8666666666666667,0.8,0.8,0.8000000000000002,4,9,1,1,0.8636363636363636
1012,15,5,0.3,T5 Only,0.7333333333333333,0.5555555555555556,1.0,0.7142857142857143,5,6,4,0,0.8409090909090909
1013,15,5,0.3,MTIM (full),0.9333333333333333,0.8333333333333334,1.0,0.9090909090909091,5,9,1,0,0.9454545454545454
1013,15,5,0.3,w/o Cross-factor Checking,0.9333333333333333,0.8333333333333334,1.0,0.9090909090909091,5,9,1,0,0.9454545454545454
1013,15,5,0.3,w/o Bayesian Aggregation,0.8666666666666667,1.0,0.6,0.7499999999999999,3,10,0,2,0.8545454545454545
1013,15,5,0.3,w/o Temporal Decay,0.8,1.0,0.4,0.5714285714285715,2,10,0,3,0.8136363636363636
1013,15,5,0.3,w/o Adaptive Policy,0.8666666666666667,1.0,0.6,0.7499999999999999,3,10,0,2,0.85
1013,15,5,0.3,w/o Incentive Mechanism,0.9333333333333333,0.8333333333333334,1.0,0.9090909090909091,5,9,1,0,0.8554545454545455
1013,15,5,0.3,T1 Only,0.9333333333333333,0.8333333333333334,1.0,0.9090909090909091,5,9,1,0,0.8681818181818182
1013,15,5,0.3,T2 Only,0.4,0.3333333333333333,0.8,0.47058823529411764,4,2,8,1,0.7545454545454545
1013,15,5,0.3,T3 Only,0.6,0.45454545454545453,1.0,0.625,5,4,6,0,0.8136363636363636
1013,15,5,0.3,T4 Only,1.0,1.0,1.0,1.0,5,10,0,0,0.8681818181818182
1013,15,5,0.3,T5 Only,0.8,0.625,1.0,0.7692307692307693,5,7,3,0,0.8590909090909091
1014,15,5,0.3,MTIM (full),0.8666666666666667,0.8,0.8,0.8000000000000002,4,9,1,1,0.8727272727272727
1014,15,5,0.3,w/o Cross-factor Checking,0.8666666666666667,0.8,0.8,0.8000000000000002,4,9,1,1,0.8727272727272727
1014,15,5,0.3,w/o Bayesian Aggregation,0.8666666666666667,1.0,0.6,0.7499999999999999,3,10,0,2,0.8454545454545455
1014,15,5,0.3,w/o Temporal Decay,0.7333333333333333,1.0,0.2,0.33333333333333337,1,10,0,4,0.7954545454545454
1014,15,5,0.3,w/o Adaptive Policy,0.8666666666666667,1.0,0.6,0.7499999999999999,3,10,0,2,0.8590909090909091
1014,15,5,0.3,w/o Incentive Mechanism,0.8666666666666667,0.8,0.8,0.8000000000000002,4,9,1,1,0.7827272727272727
1014,15,5,0.3,T1 Only,0.8666666666666667,0.8,0.8,0.8000000000000002,4,9,1,1,0.8409090909090909
1014,15,5,0.3,T2 Only,0.6666666666666666,0.5,0.4,0.4444444444444445,2,8,2,3,0.7909090909090909
1014,15,5,0.3,T3 Only,0.8,0.625,1.0,0.7692307692307693,5,7,3,0,0.8772727272727273
1014,15,5,0.3,T4 Only,0.8,0.6666666666666666,0.8,0.7272727272727272,4,8,2,1,0.8545454545454545
1014,15,5,0.3,T5 Only,0.8666666666666667,0.8,0.8,0.8000000000000002,4,9,1,1,0.8590909090909091
1015,15,5,0.3,MTIM (full),1.0,1.0,1.0,1.0,5,10,0,0,0.9454545454545454
1015,15,5,0.3,w/o Cross-factor Checking,1.0,1.0,1.0,1.0,5,10,0,0,0.9409090909090909
1015,15,5,0.3,w/o Bayesian Aggregation,0.9333333333333333,1.0,0.8,0.888888888888889,4,10,0,1,0.9090909090909091
1015,15,5,0.3,w/o Temporal Decay,0.8666666666666667,1.0,0.6,0.7499999999999999,3,10,0,2,0.8863636363636364
1015,15,5,0.3,w/o Adaptive Policy,0.9333333333333333,1.0,0.8,0.888888888888889,4,10,0,1,0.9045454545454545
1015,15,5,0.3,w/o Incentive Mechanism,1.0,1.0,1.0,1.0,5,10,0,0,0.850909090909091
1015,15,5,0.3,T1 Only,0.9333333333333333,0.8333333333333334,1.0,0.9090909090909091,5,9,1,0,0.8772727272727273
1015,15,5,0.3,T2 Only,0.9333333333333333,1.0,0.8,0.888888888888889,4,10,0,1,0.8181818181818182
1015,15,5,0.3,T3 Only,0.6666666666666666,0.5,0.8,0.6153846153846154,4,6,4,1,0.7863636363636364
1015,15,5,0.3,T4 Only,0.9333333333333333,0.8333333333333334,1.0,0.9090909090909091,5,9,1,0,0.8727272727272727
1015,15,5,0.3,T5 Only,1.0,1.0,1.0,1.0,5,10,0,0,0.8454545454545455
1016,15,5,0.3,MTIM (full),0.9333333333333333,1.0,0.8,0.888888888888889,4,10,0,1,0.85
1016,15,5,0.3,w/o Cross-factor Checking,0.9333333333333333,1.0,0.8,0.888888888888889,4,10,0,1,0.8409090909090909
1016,15,5,0.3,w/o Bayesian Aggregation,0.7333333333333333,1.0,0.2,0.33333333333333337,1,10,0,4,0.740909090909091
1016,15,5,0.3,w/o Temporal Decay,0.7333333333333333,1.0,0.2,0.33333333333333337,1,10,0,4,0.740909090909091
1016,15,5,0.3,w/o Adaptive Policy,0.7333333333333333,1.0,0.2,0.33333333333333337,1,10,0,4,0.7181818181818181
1016,15,5,0.3,w/o Incentive Mechanism,0.9333333333333333,1.0,0.8,0.888888888888889,4,10,0,1,0.750909090909091
1016,15,5,0.3,T1 Only,0.6666666666666666,0.5,0.4,0.4444444444444445,2,8,2,3,0.7136363636363636
1016,15,5,0.3,T2 Only,0.6,0.4,0.4,0.4000000000000001,2,7,3,3,0.6909090909090909
1016,15,5,0.3,T3 Only,0.6666666666666666,0.5,0.8,0.6153846153846154,4,6,4,1,0.7727272727272727
1016,15,5,0.3,T4 Only,0.6,0.4,0.4,0.4000000000000001,2,7,3,3,0.7636363636363637
1016,15,5,0.3,T5 Only,0.6,0.4,0.4,0.4000000000000001,2,7,3,3,0.7136363636363636
1017,15,5,0.3,MTIM (full),0.9333333333333333,0.8333333333333334,1.0,0.9090909090909091,5,9,1,0,0.9318181818181818
1017,15,5,0.3,w/o Cross-factor Checking,0.9333333333333333,0.8333333333333334,1.0,0.9090909090909091,5,9,1,0,0.9318181818181818
1017,15,5,0.3,w/o Bayesian Aggregation,0.8666666666666667,1.0,0.6,0.7499999999999999,3,10,0,2,0.8272727272727273
1017,15,5,0.3,w/o Temporal Decay,0.8,1.0,0.4,0.5714285714285715,2,10,0,3,0.7954545454545454
1017,15,5,0.3,w/o Adaptive Policy,0.8666666666666667,1.0,0.6,0.7499999999999999,3,10,0,2,0.8136363636363636
1017,15,5,0.3,w/o Incentive Mechanism,0.9333333333333333,0.8333333333333334,1.0,0.9090909090909091,5,9,1,0,0.8418181818181818
1017,15,5,0.3,T1 Only,0.7333333333333333,0.5555555555555556,1.0,0.7142857142857143,5,6,4,0,0.8272727272727273
1017,15,5,0.3,T2 Only,0.4,0.25,0.4,0.3076923076923077,2,4,6,3,0.6318181818181818
1017,15,5,0.3,T3 Only,0.6,0.4444444444444444,0.8,0.5714285714285714,4,5,5,1,0.7227272727272728
1017,15,5,0.3,T4 Only,0.9333333333333333,0.8333333333333334,1.0,0.9090909090909091,5,9,1,0,0.8545454545454545
1017,15,5,0.3,T5 Only,0.8666666666666667,0.7142857142857143,1.0,0.8333333333333333,5,8,2,0,0.8181818181818182
1018,15,5,0.3,MTIM (full),0.8666666666666667,0.7142857142857143,1.0,0.8333333333333333,5,8,2,0,0.9
1018,15,5,0.3,w/o Cross-factor Checking,0.8,0.6666666666666666,0.8,0.7272727272727272,4,8,2,1,0.8363636363636363
1018,15,5,0.3,w/o Bayesian Aggregation,0.8,1.0,0.4,0.5714285714285715,2,10,0,3,0.7681818181818182
1018,15,5,0.3,w/o Temporal Decay,0.8,1.0,0.4,0.5714285714285715,2,10,0,3,0.7636363636363637
1018,15,5,0.3,w/o Adaptive Policy,0.6666666666666666,0.5,0.4,0.4444444444444445,2,8,2,3,0.7363636363636363
1018,15,5,0.3,w/o Incentive Mechanism,0.8666666666666667,0.7142857142857143,1.0,0.8333333333333333,5,8,2,0,0.8054545454545455
1018,15,5,0.3,T1 Only,0.7333333333333333,0.6,0.6,0.6,3,8,2,2,0.7818181818181819
1018,15,5,0.3,T2 Only,0.5333333333333333,0.375,0.6,0.4615384615384615,3,5,5,2,0.7318181818181818
1018,15,5,0.3,T3 Only,0.4,0.3333333333333333,0.8,0.47058823529411764,4,2,8,1,0.6636363636363637
1018,15,5,0.3,T4 Only,0.8666666666666667,0.7142857142857143,1.0,0.8333333333333333,5,8,2,0,0.8636363636363636
1018,15,5,0.3,T5 Only,0.7333333333333333,0.5555555555555556,1.0,0.7142857142857143,5,6,4,0,0.8363636363636363
1019,15,5,0.3,MTIM (full),0.8666666666666667,0.8,0.8,0.8000000000000002,4,9,1,1,0.8227272727272728
1019,15,5,0.3,w/o Cross-factor Checking,0.8666666666666667,0.8,0.8,0.8000000000000002,4,9,1,1,0.8227272727272728
1019,15,5,0.3,w/o Bayesian Aggregation,0.8,1.0,0.4,0.5714285714285715,2,10,0,3,0.7545454545454545
1019,15,5,0.3,w/o Temporal Decay,0.8,1.0,0.4,0.5714285714285715,2,10,0,3,0.7454545454545455
1019,15,5,0.3,w/o Adaptive Policy,0.8,1.0,0.4,0.5714285714285715,2,10,0,3,0.75
1019,15,5,0.3,w/o Incentive Mechanism,0.8666666666666667,0.8,0.8,0.8000000000000002,4,9,1,1,0.7327272727272728
1019,15,5,0.3,T1 Only,0.5333333333333333,0.375,0.6,0.4615384615384615,3,5,5,2,0.7318181818181818
1019,15,5,0.3,T2 Only,0.7333333333333333,0.5714285714285714,0.8,0.6666666666666666,4,7,3,1,0.75
1019,15,5,0.3,T3 Only,0.8666666666666667,0.7142857142857143,1.0,0.8333333333333333,5,8,2,0,0.7954545454545454
1019,15,5,0.3,T4 Only,0.8,0.75,0.6,0.6666666666666665,3,9,1,2,0.7454545454545455
1019,15,5,0.3,T5 Only,0.7333333333333333,0.5714285714285714,0.8,0.6666666666666666,4,7,3,1,0.7636363636363637
1020,15,5,0.3,MTIM (full),0.8666666666666667,0.8,0.8,0.8000000000000002,4,9,1,1,0.9090909090909091
1020,15,5,0.3,w/o Cross-factor Checking,0.8666666666666667,0.8,0.8,0.8000000000000002,4,9,1,1,0.8636363636363636
1020,15,5,0.3,w/o Bayesian Aggregation,0.7333333333333333,1.0,0.2,0.33333333333333337,1,10,0,4,0.7818181818181819
1020,15,5,0.3,w/o Temporal Decay,0.7333333333333333,1.0,0.2,0.33333333333333337,1,10,0,4,0.7772727272727272
1020,15,5,0.3,w/o Adaptive Policy,0.7333333333333333,1.0,0.2,0.33333333333333337,1,10,0,4,0.7545454545454545
1020,15,5,0.3,w/o Incentive Mechanism,0.8666666666666667,0.8,0.8,0.8000000000000002,4,9,1,1,0.8145454545454546
1020,15,5,0.3,T1 Only,0.8666666666666667,0.8,0.8,0.8000000000000002,4,9,1,1,0.8
1020,15,5,0.3,T2 Only,0.6666666666666666,0.5,0.4,0.4444444444444445,2,8,2,3,0.7181818181818181
1020,15,5,0.3,T3 Only,0.6,0.4444444444444444,0.8,0.5714285714285714,4,5,5,1,0.7454545454545455
1020,15,5,0.3,T4 Only,0.7333333333333333,0.5714285714285714,0.8,0.6666666666666666,4,7,3,1,0.8045454545454546
1020,15,5,0.3,T5 Only,0.8666666666666667,0.8,0.8,0.8000000000000002,4,9,1,1,0.7863636363636364
1021,15,5,0.3,MTIM (full),0.9333333333333333,1.0,0.8,0.888888888888889,4,10,0,1,0.8181818181818182
1021,15,5,0.3,w/o Cross-factor Checking,0.8666666666666667,0.8,0.8,0.8000000000000002,4,9,1,1,0.8409090909090909
1021,15,5,0.3,w/o Bayesian Aggregation,0.7333333333333333,1.0,0.2,0.33333333333333337,1,10,0,4,0.7727272727272727
1021,15,5,0.3,w/o Temporal Decay,0.6666666666666666,0.0,0.0,0.0,0,10,0,5,0.7318181818181818
1021,15,5,0.3,w/o Adaptive Policy,0.6666666666666666,0.0,0.0,0.0,0,10,0,5,0.7363636363636363
1021,15,5,0.3,w/o Incentive Mechanism,0.9333333333333333,1.0,0.8,0.888888888888889,4,10,0,1,0.7281818181818183
1021,15,5,0.3,T1 Only,0.6,0.4444444444444444,0.8,0.5714285714285714,4,5,5,1,0.7772727272727272
1021,15,5,0.3,T2 Only,0.8,0.6666666666666666,0.8,0.7272727272727272,4,8,2,1,0.8318181818181818
1021,15,5,0.3,T3 Only,0.7333333333333333,0.6,0.6,0.6,3,8,2,2,0.7909090909090909
1021,15,5,0.3,T4 Only,0.5333333333333333,0.375,0.6,0.4615384615384615,3,5,5,2,0.8181818181818182
1021,15,5,0.3,T5 Only,0.7333333333333333,0.5714285714285714,0.8,0.6666666666666666,4,7,3,1,0.8318181818181818
1022,15,5,0.3,MTIM (full),1.0,1.0,1.0,1.0,5,10,0,0,0.9227272727272727
1022,15,5,0.3,w/o Cross-factor Checking,1.0,1.0,1.0,1.0,5,10,0,0,0.9227272727272727
1022,15,5,0.3,w/o Bayesian Aggregation,0.9333333333333333,1.0,0.8,0.888888888888889,4,10,0,1,0.8772727272727273
1022,15,5,0.3,w/o Temporal Decay,0.7333333333333333,1.0,0.2,0.33333333333333337,1,10,0,4,0.7909090909090909
1022,15,5,0.3,w/o Adaptive Policy,0.9333333333333333,1.0,0.8,0.888888888888889,4,10,0,1,0.8772727272727273
1022,15,5,0.3,w/o Incentive Mechanism,1.0,1.0,1.0,1.0,5,10,0,0,0.8327272727272728
1022,15,5,0.3,T1 Only,0.9333333333333333,0.8333333333333334,1.0,0.9090909090909091,5,9,1,0,0.8454545454545455
1022,15,5,0.3,T2 Only,0.6,0.42857142857142855,0.6,0.5,3,6,4,2,0.7363636363636363
1022,15,5,0.3,T3 Only,0.6,0.42857142857142855,0.6,0.5,3,6,4,2,0.6909090909090909
1022,15,5,0.3,T4 Only,0.8,0.625,1.0,0.7692307692307693,5,7,3,0,0.8318181818181818
1022,15,5,0.3,T5 Only,1.0,1.0,1.0,1.0,5,10,0,0,0.8363636363636363
1023,15,5,0.3,MTIM (full),0.9333333333333333,1.0,0.8,0.888888888888889,4,10,0,1,0.8727272727272727
1023,15,5,0.3,w/o Cross-factor Checking,0.9333333333333333,1.0,0.8,0.888888888888889,4,10,0,1,0.8318181818181818
1023,15,5,0.3,w/o Bayesian Aggregation,0.7333333333333333,0.6666666666666666,0.4,0.5,2,9,1,3,0.7818181818181819
1023,15,5,0.3,w/o Temporal Decay,0.7333333333333333,1.0,0.2,0.33333333333333337,1,10,0,4,0.75
1023,15,5,0.3,w/o Adaptive Policy,0.8,1.0,0.4,0.5714285714285715,2,10,0,3,0.7727272727272727
1023,15,5,0.3,w/o Incentive Mechanism,0.9333333333333333,1.0,0.8,0.888888888888889,4,10,0,1,0.7918181818181819
1023,15,5,0.3,T1 Only,0.6,0.4444444444444444,0.8,0.5714285714285714,4,5,5,1,0.75
1023,15,5,0.3,T2 Only,0.8,0.75,0.6,0.6666666666666665,3,9,1,2,0.7818181818181819
1023,15,5,0.3,T3 Only,0.6666666666666666,0.5,0.8,0.6153846153846154,4,6,4,1,0.7727272727272727
1023,15,5,0.3,T4 Only,0.8,0.75,0.6,0.6666666666666665,3,9,1,2,0.7727272727272727
1023,15,5,0.3,T5 Only,0.8,0.6666666666666666,0.8,0.7272727272727272,4,8,2,1,0.8
1024,15,5,0.3,MTIM (full),1.0,1.0,1.0,1.0,5,10,0,0,0.9363636363636364
1024,15,5,0.3,w/o Cross-factor Checking,1.0,1.0,1.0,1.0,5,10,0,0,0.9363636363636364
1024,15,5,0.3,w/o Bayesian Aggregation,0.8666666666666667,1.0,0.6,0.7499999999999999,3,10,0,2,0.8590909090909091
1024,15,5,0.3,w/o Temporal Decay,0.8,1.0,0.4,0.5714285714285715,2,10,0,3,0.8181818181818182
1024,15,5,0.3,w/o Adaptive Policy,0.8666666666666667,1.0,0.6,0.7499999999999999,3,10,0,2,0.8454545454545455
1024,15,5,0.3,w/o Incentive Mechanism,1.0,1.0,1.0,1.0,5,10,0,0,0.8463636363636364
1024,15,5,0.3,T1 Only,0.8666666666666667,0.8,0.8,0.8000000000000002,4,9,1,1,0.8772727272727273
1024,15,5,0.3,T2 Only,0.5333333333333333,0.3333333333333333,0.4,0.3636363636363636,2,6,4,3,0.759090909090909
1024,15,5,0.3,T3 Only,0.6666666666666666,0.5,1.0,0.6666666666666666,5,5,5,0,0.8818181818181818
1024,15,5,0.3,T4 Only,0.8666666666666667,0.7142857142857143,1.0,0.8333333333333333,5,8,2,0,0.9181818181818182
1024,15,5,0.3,T5 Only,0.8,0.625,1.0,0.7692307692307693,5,7,3,0,0.8863636363636364
1025,15,5,0.3,MTIM (full),0.9333333333333333,0.8333333333333334,1.0,0.9090909090909091,5,9,1,0,0.9272727272727272
1025,15,5,0.3,w/o Cross-factor Checking,0.9333333333333333,0.8333333333333334,1.0,0.9090909090909091,5,9,1,0,0.9363636363636364
1025,15,5,0.3,w/o Bayesian Aggregation,0.9333333333333333,1.0,0.8,0.888888888888889,4,10,0,1,0.8772727272727273
1025,15,5,0.3,w/o Temporal Decay,0.8666666666666667,1.0,0.6,0.7499999999999999,3,10,0,2,0.8409090909090909
1025,15,5,0.3,w/o Adaptive Policy,0.9333333333333333,1.0,0.8,0.888888888888889,4,10,0,1,0.8772727272727273
1025,15,5,0.3,w/o Incentive Mechanism,0.9333333333333333,0.8333333333333334,1.0,0.9090909090909091,5,9,1,0,0.8372727272727273
1025,15,5,0.3,T1 Only,0.8,0.6666666666666666,0.8,0.7272727272727272,4,8,2,1,0.8045454545454546
1025,15,5,0.3,T2 Only,0.7333333333333333,0.6,0.6,0.6,3,8,2,2,0.7272727272727273
1025,15,5,0.3,T3 Only,0.6,0.4444444444444444,0.8,0.5714285714285714,4,5,5,1,0.740909090909091
1025,15,5,0.3,T4 Only,0.9333333333333333,0.8333333333333334,1.0,0.9090909090909091,5,9,1,0,0.8272727272727273
1025,15,5,0.3,T5 Only,0.9333333333333333,0.8333333333333334,1.0,0.9090909090909091,5,9,1,0,0.8363636363636363
1026,15,5,0.3,MTIM (full),1.0,1.0,1.0,1.0,5,10,0,0,0.9227272727272727
1026,15,5,0.3,w/o Cross-factor Checking,1.0,1.0,1.0,1.0,5,10,0,0,0.9227272727272727
1026,15,5,0.3,w/o Bayesian Aggregation,0.9333333333333333,1.0,0.8,0.888888888888889,4,10,0,1,0.8545454545454545
1026,15,5,0.3,w/o Temporal Decay,0.8666666666666667,1.0,0.6,0.7499999999999999,3,10,0,2,0.8318181818181818
1026,15,5,0.3,w/o Adaptive Policy,0.9333333333333333,1.0,0.8,0.888888888888889,4,10,0,1,0.8681818181818182
1026,15,5,0.3,w/o Incentive Mechanism,1.0,1.0,1.0,1.0,5,10,0,0,0.8327272727272728
1026,15,5,0.3,T1 Only,0.8,0.625,1.0,0.7692307692307693,5,7,3,0,0.8681818181818182
1026,15,5,0.3,T2 Only,0.7333333333333333,0.5555555555555556,1.0,0.7142857142857143,5,6,4,0,0.8681818181818182
1026,15,5,0.3,T3 Only,0.6,0.45454545454545453,1.0,0.625,5,4,6,0,0.8090909090909091
1026,15,5,0.3,T4 Only,0.8666666666666667,0.7142857142857143,1.0,0.8333333333333333,5,8,2,0,0.8909090909090909
1026,15,5,0.3,T5 Only,0.9333333333333333,0.8333333333333334,1.0,0.9090909090909091,5,9,1,0,0.8545454545454545
1027,15,5,0.3,MTIM (full),0.8,0.625,1.0,0.7692307692307693,5,7,3,0,0.9227272727272727
1027,15,5,0.3,w/o Cross-factor Checking,0.8,0.625,1.0,0.7692307692307693,5,7,3,0,0.9181818181818182
1027,15,5,0.3,w/o Bayesian Aggregation,0.8,1.0,0.4,0.5714285714285715,2,10,0,3,0.8
1027,15,5,0.3,w/o Temporal Decay,0.8,1.0,0.4,0.5714285714285715,2,10,0,3,0.8
1027,15,5,0.3,w/o Adaptive Policy,0.8,1.0,0.4,0.5714285714285715,2,10,0,3,0.8090909090909091
1027,15,5,0.3,w/o Incentive Mechanism,0.8,0.625,1.0,0.7692307692307693,5,7,3,0,0.8281818181818182
1027,15,5,0.3,T1 Only,0.6,0.42857142857142855,0.6,0.5,3,6,4,2,0.7954545454545454
1027,15,5,0.3,T2 Only,0.6,0.45454545454545453,1.0,0.625,5,4,6,0,0.85
1027,15,5,0.3,T3 Only,0.6666666666666666,0.5,1.0,0.6666666666666666,5,5,5,0,0.8409090909090909
1027,15,5,0.3,T4 Only,0.8,0.625,1.0,0.7692307692307693,5,7,3,0,0.8409090909090909
1027,15,5,0.3,T5 Only,0.8,0.625,1.0,0.7692307692307693,5,7,3,0,0.8227272727272728
1028,15,5,0.3,MTIM (full),1.0,1.0,1.0,1.0,5,10,0,0,0.9227272727272727
1028,15,5,0.3,w/o Cross-factor Checking,1.0,1.0,1.0,1.0,5,10,0,0,0.9227272727272727
1028,15,5,0.3,w/o Bayesian Aggregation,0.8,1.0,0.4,0.5714285714285715,2,10,0,3,0.8272727272727273
1028,15,5,0.3,w/o Temporal Decay,0.8,1.0,0.4,0.5714285714285715,2,10,0,3,0.8136363636363636
1028,15,5,0.3,w/o Adaptive Policy,0.8,1.0,0.4,0.5714285714285715,2,10,0,3,0.8136363636363636
1028,15,5,0.3,w/o Incentive Mechanism,1.0,1.0,1.0,1.0,5,10,0,0,0.8327272727272728
1028,15,5,0.3,T1 Only,0.8666666666666667,0.7142857142857143,1.0,0.8333333333333333,5,8,2,0,0.8590909090909091
1028,15,5,0.3,T2 Only,0.7333333333333333,0.5714285714285714,0.8,0.6666666666666666,4,7,3,1,0.8272727272727273
1028,15,5,0.3,T3 Only,0.5333333333333333,0.4,0.8,0.5333333333333333,4,4,6,1,0.759090909090909
1028,15,5,0.3,T4 Only,1.0,1.0,1.0,1.0,5,10,0,0,0.8818181818181818
1028,15,5,0.3,T5 Only,0.8666666666666667,0.7142857142857143,1.0,0.8333333333333333,5,8,2,0,0.8409090909090909
1029,15,5,0.3,MTIM (full),1.0,1.0,1.0,1.0,5,10,0,0,0.9136363636363637
1029,15,5,0.3,w/o Cross-factor Checking,0.9333333333333333,0.8333333333333334,1.0,0.9090909090909091,5,9,1,0,0.9181818181818182
1029,15,5,0.3,w/o Bayesian Aggregation,0.8666666666666667,1.0,0.6,0.7499999999999999,3,10,0,2,0.7863636363636364
1029,15,5,0.3,w/o Temporal Decay,0.8,1.0,0.4,0.5714285714285715,2,10,0,3,0.759090909090909
1029,15,5,0.3,w/o Adaptive Policy,0.8666666666666667,1.0,0.6,0.7499999999999999,3,10,0,2,0.7818181818181819
1029,15,5,0.3,w/o Incentive Mechanism,1.0,1.0,1.0,1.0,5,10,0,0,0.8236363636363637
1029,15,5,0.3,T1 Only,0.8,0.6666666666666666,0.8,0.7272727272727272,4,8,2,1,0.8454545454545455
1029,15,5,0.3,T2 Only,0.6,0.42857142857142855,0.6,0.5,3,6,4,2,0.7454545454545455
1029,15,5,0.3,T3 Only,0.4666666666666667,0.36363636363636365,0.8,0.5000000000000001,4,3,7,1,0.7
1029,15,5,0.3,T4 Only,0.9333333333333333,1.0,0.8,0.888888888888889,4,10,0,1,0.8090909090909091
1029,15,5,0.3,T5 Only,0.8666666666666667,0.8,0.8,0.8000000000000002,4,9,1,1,0.8136363636363636
1030,15,5,0.3,MTIM (full),1.0,1.0,1.0,1.0,5,10,0,0,0.9318181818181818
1030,15,5,0.3,w/o Cross-factor Checking,1.0,1.0,1.0,1.0,5,10,0,0,0.9318181818181818
1030,15,5,0.3,w/o Bayesian Aggregation,0.8,1.0,0.4,0.5714285714285715,2,10,0,3,0.8272727272727273
1030,15,5,0.3,w/o Temporal Decay,0.8,1.0,0.4,0.5714285714285715,2,10,0,3,0.8227272727272728
1030,15,5,0.3,w/o Adaptive Policy,0.8,1.0,0.4,0.5714285714285715,2,10,0,3,0.8090909090909091
1030,15,5,0.3,w/o Incentive Mechanism,1.0,1.0,1.0,1.0,5,10,0,0,0.8418181818181818
1030,15,5,0.3,T1 Only,0.9333333333333333,1.0,0.8,0.888888888888889,4,10,0,1,0.8136363636363636
1030,15,5,0.3,T2 Only,0.6,0.42857142857142855,0.6,0.5,3,6,4,2,0.7045454545454546
1030,15,5,0.3,T3 Only,0.6666666666666666,0.5,1.0,0.6666666666666666,5,5,5,0,0.8090909090909091
1030,15,5,0.3,T4 Only,0.9333333333333333,0.8333333333333334,1.0,0.9090909090909091,5,9,1,0,0.8545454545454545
1030,15,5,0.3,T5 Only,1.0,1.0,1.0,1.0,5,10,0,0,0.8409090909090909
1031,15,5,0.3,MTIM (full),0.8,0.6666666666666666,0.8,0.7272727272727272,4,8,2,1,0.8863636363636364
1031,15,5,0.3,w/o Cross-factor Checking,0.8,0.6666666666666666,0.8,0.7272727272727272,4,8,2,1,0.8863636363636364
1031,15,5,0.3,w/o Bayesian Aggregation,0.8666666666666667,1.0,0.6,0.7499999999999999,3,10,0,2,0.8181818181818182
1031,15,5,0.3,w/o Temporal Decay,0.8,1.0,0.4,0.5714285714285715,2,10,0,3,0.8045454545454546
1031,15,5,0.3,w/o Adaptive Policy,0.7333333333333333,0.6666666666666666,0.4,0.5,2,9,1,3,0.7772727272727272
1031,15,5,0.3,w/o Incentive Mechanism,0.8,0.6666666666666666,0.8,0.7272727272727272,4,8,2,1,0.7963636363636364
1031,15,5,0.3,T1 Only,0.6,0.4444444444444444,0.8,0.5714285714285714,4,5,5,1,0.7727272727272727
1031,15,5,0.3,T2 Only,0.6,0.42857142857142855,0.6,0.5,3,6,4,2,0.7636363636363637
1031,15,5,0.3,T3 Only,0.6,0.4,0.4,0.4000000000000001,2,7,3,3,0.7454545454545455
1031,15,5,0.3,T4 Only,0.7333333333333333,0.5714285714285714,0.8,0.6666666666666666,4,7,3,1,0.8090909090909091
1031,15,5,0.3,T5 Only,0.7333333333333333,0.5714285714285714,0.8,0.6666666666666666,4,7,3,1,0.8
1032,15,5,0.3,MTIM (full),1.0,1.0,1.0,1.0,5,10,0,0,0.9545454545454546
1032,15,5,0.3,w/o Cross-factor Checking,1.0,1.0,1.0,1.0,5,10,0,0,0.9545454545454546
1032,15,5,0.3,w/o Bayesian Aggregation,0.8,1.0,0.4,0.5714285714285715,2,10,0,3,0.8181818181818182
1032,15,5,0.3,w/o Temporal Decay,0.7333333333333333,1.0,0.2,0.33333333333333337,1,10,0,4,0.8227272727272728
1032,15,5,0.3,w/o Adaptive Policy,0.8,1.0,0.4,0.5714285714285715,2,10,0,3,0.8136363636363636
1032,15,5,0.3,w/o Incentive Mechanism,1.0,1.0,1.0,1.0,5,10,0,0,0.8645454545454546
1032,15,5,0.3,T1 Only,0.8,0.625,1.0,0.7692307692307693,5,7,3,0,0.7909090909090909
1032,15,5,0.3,T2 Only,0.5333333333333333,0.375,0.6,0.4615384615384615,3,5,5,2,0.6818181818181818
1032,15,5,0.3,T3 Only,0.6,0.4444444444444444,0.8,0.5714285714285714,4,5,5,1,0.7227272727272728
1032,15,5,0.3,T4 Only,0.8666666666666667,0.8,0.8,0.8000000000000002,4,9,1,1,0.7863636363636364
1032,15,5,0.3,T5 Only,0.9333333333333333,0.8333333333333334,1.0,0.9090909090909091,5,9,1,0,0.8
1033,15,5,0.3,MTIM (full),1.0,1.0,1.0,1.0,5,10,0,0,0.9272727272727272
1033,15,5,0.3,w/o Cross-factor Checking,1.0,1.0,1.0,1.0,5,10,0,0,0.9318181818181818
1033,15,5,0.3,w/o Bayesian Aggregation,0.7333333333333333,1.0,0.2,0.33333333333333337,1,10,0,4,0.759090909090909
1033,15,5,0.3,w/o Temporal Decay,0.7333333333333333,1.0,0.2,0.33333333333333337,1,10,0,4,0.7636363636363637
1033,15,5,0.3,w/o Adaptive Policy,0.8,1.0,0.4,0.5714285714285715,2,10,0,3,0.8
1033,15,5,0.3,w/o Incentive Mechanism,1.0,1.0,1.0,1.0,5,10,0,0,0.8372727272727273
1033,15,5,0.3,T1 Only,0.8,0.625,1.0,0.7692307692307693,5,7,3,0,0.8863636363636364
1033,15,5,0.3,T2 Only,0.4666666666666667,0.2857142857142857,0.4,0.3333333333333333,2,5,5,3,0.7227272727272728
1033,15,5,0.3,T3 Only,0.4666666666666667,0.36363636363636365,0.8,0.5000000000000001,4,3,7,1,0.8
1033,15,5,0.3,T4 Only,0.8,0.6666666666666666,0.8,0.7272727272727272,4,8,2,1,0.8318181818181818
1033,15,5,0.3,T5 Only,1.0,1.0,1.0,1.0,5,10,0,0,0.8909090909090909
1034,15,5,0.3,MTIM (full),1.0,1.0,1.0,1.0,5,10,0,0,0.9363636363636364
1034,15,5,0.3,w/o Cross-factor Checking,1.0,1.0,1.0,1.0,5,10,0,0,0.9318181818181818
1034,15,5,0.3,w/o Bayesian Aggregation,0.9333333333333333,1.0,0.8,0.888888888888889,4,10,0,1,0.8681818181818182
1034,15,5,0.3,w/o Temporal Decay,0.8,1.0,0.4,0.5714285714285715,2,10,0,3,0.8227272727272728
1034,15,5,0.3,w/o Adaptive Policy,0.9333333333333333,1.0,0.8,0.888888888888889,4,10,0,1,0.8681818181818182
1034,15,5,0.3,w/o Incentive Mechanism,1.0,1.0,1.0,1.0,5,10,0,0,0.8463636363636364
1034,15,5,0.3,T1 Only,1.0,1.0,1.0,1.0,5,10,0,0,0.8454545454545455
1034,15,5,0.3,T2 Only,0.8666666666666667,0.7142857142857143,1.0,0.8333333333333333,5,8,2,0,0.8409090909090909
1034,15,5,0.3,T3 Only,0.3333333333333333,0.2727272727272727,0.6,0.37499999999999994,3,2,8,2,0.6590909090909091
1034,15,5,0.3,T4 Only,1.0,1.0,1.0,1.0,5,10,0,0,0.8772727272727273
1034,15,5,0.3,T5 Only,1.0,1.0,1.0,1.0,5,10,0,0,0.8545454545454545
1035,15,5,0.3,MTIM (full),0.9333333333333333,0.8333333333333334,1.0,0.9090909090909091,5,9,1,0,0.9454545454545454
1035,15,5,0.3,w/o Cross-factor Checking,0.8666666666666667,0.8,0.8,0.8000000000000002,4,9,1,1,0.8772727272727273
1035,15,5,0.3,w/o Bayesian Aggregation,0.8,0.75,0.6,0.6666666666666665,3,9,1,2,0.8409090909090909
1035,15,5,0.3,w/o Temporal Decay,0.8666666666666667,1.0,0.6,0.7499999999999999,3,10,0,2,0.8590909090909091
1035,15,5,0.3,w/o Adaptive Policy,0.8,0.75,0.6,0.6666666666666665,3,9,1,2,0.8363636363636363
1035,15,5,0.3,w/o Incentive Mechanism,0.9333333333333333,0.8333333333333334,1.0,0.9090909090909091,5,9,1,0,0.850909090909091
1035,15,5,0.3,T1 Only,0.8666666666666667,0.7142857142857143,1.0,0.8333333333333333,5,8,2,0,0.7954545454545454
1035,15,5,0.3,T2 Only,0.6,0.42857142857142855,0.6,0.5,3,6,4,2,0.7363636363636363
1035,15,5,0.3,T3 Only,0.6,0.42857142857142855,0.6,0.5,3,6,4,2,0.6409090909090909
1035,15,5,0.3,T4 Only,0.8,0.6666666666666666,0.8,0.7272727272727272,4,8,2,1,0.7772727272727272
1035,15,5,0.3,T5 Only,0.7333333333333333,0.5714285714285714,0.8,0.6666666666666666,4,7,3,1,0.7636363636363637
1036,15,5,0.3,MTIM (full),1.0,1.0,1.0,1.0,5,10,0,0,0.95
1036,15,5,0.3,w/o Cross-factor Checking,0.9333333333333333,1.0,0.8,0.888888888888889,4,10,0,1,0.8954545454545455
1036,15,5,0.3,w/o Bayesian Aggregation,0.8,1.0,0.4,0.5714285714285715,2,10,0,3,0.8272727272727273
1036,15,5,0.3,w/o Temporal Decay,0.8,1.0,0.4,0.5714285714285715,2,10,0,3,0.8363636363636363
1036,15,5,0.3,w/o Adaptive Policy,0.8,1.0,0.4,0.5714285714285715,2,10,0,3,0.8227272727272728
1036,15,5,0.3,w/o Incentive Mechanism,1.0,1.0,1.0,1.0,5,10,0,0,0.86
1036,15,5,0.3,T1 Only,0.8666666666666667,0.8,0.8,0.8000000000000002,4,9,1,1,0.8409090909090909
1036,15,5,0.3,T2 Only,0.5333333333333333,0.3333333333333333,0.4,0.3636363636363636,2,6,4,3,0.7363636363636363
1036,15,5,0.3,T3 Only,0.5333333333333333,0.375,0.6,0.4615384615384615,3,5,5,2,0.7272727272727273
1036,15,5,0.3,T4 Only,0.9333333333333333,0.8333333333333334,1.0,0.9090909090909091,5,9,1,0,0.8772727272727273
1036,15,5,0.3,T5 Only,0.8666666666666667,0.7142857142857143,1.0,0.8333333333333333,5,8,2,0,0.8363636363636363
1037,15,5,0.3,MTIM (full),1.0,1.0,1.0,1.0,5,10,0,0,0.9272727272727272
1037,15,5,0.3,w/o Cross-factor Checking,0.8666666666666667,1.0,0.6,0.7499999999999999,3,10,0,2,0.85
1037,15,5,0.3,w/o Bayesian Aggregation,0.8666666666666667,1.0,0.6,0.7499999999999999,3,10,0,2,0.8045454545454546
1037,15,5,0.3,w/o Temporal Decay,0.8,1.0,0.4,0.5714285714285715,2,10,0,3,0.7954545454545454
1037,15,5,0.3,w/o Adaptive Policy,0.8666666666666667,1.0,0.6,0.7499999999999999,3,10,0,2,0.7909090909090909
1037,15,5,0.3,w/o Incentive Mechanism,1.0,1.0,1.0,1.0,5,10,0,0,0.8372727272727273
1037,15,5,0.3,T1 Only,0.8,0.6666666666666666,0.8,0.7272727272727272,4,8,2,1,0.8409090909090909
1037,15,5,0.3,T2 Only,0.7333333333333333,0.5714285714285714,0.8,0.6666666666666666,4,7,3,1,0.8
1037,15,5,0.3,T3 Only,0.3333333333333333,0.2727272727272727,0.6,0.37499999999999994,3,2,8,2,0.6454545454545455
1037,15,5,0.3,T4 Only,0.6666666666666666,0.5,0.6,0.5454545454545454,3,7,3,2,0.7909090909090909
1037,15,5,0.3,T5 Only,0.8,0.6666666666666666,0.8,0.7272727272727272,4,8,2,1,0.8227272727272728
1038,15,5,0.3,MTIM (full),1.0,1.0,1.0,1.0,5,10,0,0,0.9272727272727272
1038,15,5,0.3,w/o Cross-factor Checking,1.0,1.0,1.0,1.0,5,10,0,0,0.9272727272727272
1038,15,5,0.3,w/o Bayesian Aggregation,0.8,1.0,0.4,0.5714285714285715,2,10,0,3,0.8454545454545455
1038,15,5,0.3,w/o Temporal Decay,0.8,1.0,0.4,0.5714285714285715,2,10,0,3,0.8454545454545455
1038,15,5,0.3,w/o Adaptive Policy,0.8,1.0,0.4,0.5714285714285715,2,10,0,3,0.8318181818181818
1038,15,5,0.3,w/o Incentive Mechanism,1.0,1.0,1.0,1.0,5,10,0,0,0.8372727272727273
1038,15,5,0.3,T1 Only,0.8666666666666667,0.7142857142857143,1.0,0.8333333333333333,5,8,2,0,0.8863636363636364
1038,15,5,0.3,T2 Only,0.6666666666666666,0.5,0.6,0.5454545454545454,3,7,3,2,0.7772727272727272
1038,15,5,0.3,T3 Only,0.6,0.4444444444444444,0.8,0.5714285714285714,4,5,5,1,0.7545454545454545
1038,15,5,0.3,T4 Only,0.8666666666666667,0.8,0.8,0.8000000000000002,4,9,1,1,0.8181818181818182
1038,15,5,0.3,T5 Only,0.9333333333333333,0.8333333333333334,1.0,0.9090909090909091,5,9,1,0,0.8681818181818182
1039,15,5,0.3,MTIM (full),0.9333333333333333,1.0,0.8,0.888888888888889,4,10,0,1,0.8636363636363636
1039,15,5,0.3,w/o Cross-factor Checking,0.8666666666666667,0.8,0.8,0.8000000000000002,4,9,1,1,0.8454545454545455
1039,15,5,0.3,w/o Bayesian Aggregation,0.8666666666666667,0.8,0.8,0.8000000000000002,4,9,1,1,0.85
1039,15,5,0.3,w/o Temporal Decay,0.8666666666666667,1.0,0.6,0.7499999999999999,3,10,0,2,0.8045454545454546
1039,15,5,0.3,w/o Adaptive Policy,0.8,0.75,0.6,0.6666666666666665,3,9,1,2,0.8136363636363636
1039,15,5,0.3,w/o Incentive Mechanism,0.9333333333333333,1.0,0.8,0.888888888888889,4,10,0,1,0.7736363636363637
1039,15,5,0.3,T1 Only,0.8,0.6666666666666666,0.8,0.7272727272727272,4,8,2,1,0.8863636363636364
1039,15,5,0.3,T2 Only,0.5333333333333333,0.3333333333333333,0.4,0.3636363636363636,2,6,4,3,0.759090909090909
1039,15,5,0.3,T3 Only,0.6,0.45454545454545453,1.0,0.625,5,4,6,0,0.8
1039,15,5,0.3,T4 Only,0.7333333333333333,0.5714285714285714,0.8,0.6666666666666666,4,7,3,1,0.8863636363636364
1039,15,5,0.3,T5 Only,0.9333333333333333,0.8333333333333334,1.0,0.9090909090909091,5,9,1,0,0.85
1040,15,5,0.3,MTIM (full),0.9333333333333333,0.8333333333333334,1.0,0.9090909090909091,5,9,1,0,0.9181818181818182
1040,15,5,0.3,w/o Cross-factor Checking,1.0,1.0,1.0,1.0,5,10,0,0,0.9136363636363637
1040,15,5,0.3,w/o Bayesian Aggregation,0.8666666666666667,1.0,0.6,0.7499999999999999,3,10,0,2,0.8272727272727273
1040,15,5,0.3,w/o Temporal Decay,0.8,1.0,0.4,0.5714285714285715,2,10,0,3,0.8
1040,15,5,0.3,w/o Adaptive Policy,0.7333333333333333,0.6666666666666666,0.4,0.5,2,9,1,3,0.7454545454545455
1040,15,5,0.3,w/o Incentive Mechanism,0.9333333333333333,0.8333333333333334,1.0,0.9090909090909091,5,9,1,0,0.8281818181818182
1040,15,5,0.3,T1 Only,0.8666666666666667,0.8,0.8,0.8000000000000002,4,9,1,1,0.8227272727272728
1040,15,5,0.3,T2 Only,0.6,0.42857142857142855,0.6,0.5,3,6,4,2,0.7227272727272728
1040,15,5,0.3,T3 Only,0.6,0.4444444444444444,0.8,0.5714285714285714,4,5,5,1,0.8272727272727273
1040,15,5,0.3,T4 Only,0.8,0.6666666666666666,0.8,0.7272727272727272,4,8,2,1,0.8318181818181818
1040,15,5,0.3,T5 Only,0.7333333333333333,0.5714285714285714,0.8,0.6666666666666666,4,7,3,1,0.8045454545454546
1041,15,5,0.3,MTIM (full),0.9333333333333333,1.0,0.8,0.888888888888889,4,10,0,1,0.8772727272727273
1041,15,5,0.3,w/o Cross-factor Checking,0.9333333333333333,1.0,0.8,0.888888888888889,4,10,0,1,0.8772727272727273
1041,15,5,0.3,w/o Bayesian Aggregation,0.8666666666666667,1.0,0.6,0.7499999999999999,3,10,0,2,0.8318181818181818
1041,15,5,0.3,w/o Temporal Decay,0.8666666666666667,1.0,0.6,0.7499999999999999,3,10,0,2,0.8318181818181818
1041,15,5,0.3,w/o Adaptive Policy,0.8666666666666667,1.0,0.6,0.7499999999999999,3,10,0,2,0.8227272727272728
1041,15,5,0.3,w/o Incentive Mechanism,0.9333333333333333,1.0,0.8,0.888888888888889,4,10,0,1,0.7872727272727273
1041,15,5,0.3,T1 Only,0.9333333333333333,1.0,0.8,0.888888888888889,4,10,0,1,0.8727272727272727
1041,15,5,0.3,T2 Only,0.6666666666666666,0.5,0.6,0.5454545454545454,3,7,3,2,0.7727272727272727
1041,15,5,0.3,T3 Only,0.4666666666666667,0.3333333333333333,0.6,0.42857142857142855,3,4,6,2,0.7363636363636363
1041,15,5,0.3,T4 Only,0.8666666666666667,0.8,0.8,0.8000000000000002,4,9,1,1,0.8545454545454545
1041,15,5,0.3,T5 Only,0.8,0.6666666666666666,0.8,0.7272727272727272,4,8,2,1,0.8363636363636363
1042,15,5,0.3,MTIM (full),0.9333333333333333,0.8333333333333334,1.0,0.9090909090909091,5,9,1,0,0.9227272727272727
1042,15,5,0.3,w/o Cross-factor Checking,1.0,1.0,1.0,1.0,5,10,0,0,0.9272727272727272
1042,15,5,0.3,w/o Bayesian Aggregation,0.8666666666666667,1.0,0.6,0.7499999999999999,3,10,0,2,0.8363636363636363
1042,15,5,0.3,w/o Temporal Decay,0.8666666666666667,1.0,0.6,0.7499999999999999,3,10,0,2,0.8272727272727273
1042,15,5,0.3,w/o Adaptive Policy,0.8666666666666667,1.0,0.6,0.7499999999999999,3,10,0,2,0.8181818181818182
1042,15,5,0.3,w/o Incentive Mechanism,0.9333333333333333,0.8333333333333334,1.0,0.9090909090909091,5,9,1,0,0.8327272727272728
1042,15,5,0.3,T1 Only,1.0,1.0,1.0,1.0,5,10,0,0,0.8590909090909091
1042,15,5,0.3,T2 Only,0.6666666666666666,0.5,0.6,0.5454545454545454,3,7,3,2,0.8136363636363636
1042,15,5,0.3,T3 Only,0.7333333333333333,0.5555555555555556,1.0,0.7142857142857143,5,6,4,0,0.8409090909090909
1042,15,5,0.3,T4 Only,0.8666666666666667,0.7142857142857143,1.0,0.8333333333333333,5,8,2,0,0.8954545454545455
1042,15,5,0.3,T5 Only,0.9333333333333333,0.8333333333333334,1.0,0.9090909090909091,5,9,1,0,0.8727272727272727
1043,15,5,0.3,MTIM (full),0.9333333333333333,0.8333333333333334,1.0,0.9090909090909091,5,9,1,0,0.9272727272727272
1043,15,5,0.3,w/o Cross-factor Checking,0.8666666666666667,0.7142857142857143,1.0,0.8333333333333333,5,8,2,0,0.9272727272727272
1043,15,5,0.3,w/o Bayesian Aggregation,0.9333333333333333,1.0,0.8,0.888888888888889,4,10,0,1,0.8727272727272727
1043,15,5,0.3,w/o Temporal Decay,0.8666666666666667,1.0,0.6,0.7499999999999999,3,10,0,2,0.8454545454545455
1043,15,5,0.3,w/o Adaptive Policy,0.8666666666666667,0.8,0.8,0.8000000000000002,4,9,1,1,0.8409090909090909
1043,15,5,0.3,w/o Incentive Mechanism,0.9333333333333333,0.8333333333333334,1.0,0.9090909090909091,5,9,1,0,0.8372727272727273
1043,15,5,0.3,T1 Only,0.9333333333333333,0.8333333333333334,1.0,0.9090909090909091,5,9,1,0,0.8636363636363636
1043,15,5,0.3,T2 Only,0.6,0.42857142857142855,0.6,0.5,3,6,4,2,0.740909090909091
1043,15,5,0.3,T3 Only,0.6,0.45454545454545453,1.0,0.625,5,4,6,0,0.8181818181818182
1043,15,5,0.3,T4 Only,0.8,0.625,1.0,0.7692307692307693,5,7,3,0,0.85
1043,15,5,0.3,T5 Only,0.9333333333333333,0.8333333333333334,1.0,0.9090909090909091,5,9,1,0,0.8545454545454545
1044,15,5,0.3,MTIM (full),1.0,1.0,1.0,1.0,5,10,0,0,0.9045454545454545
1044,15,5,0.3,w/o Cross-factor Checking,0.9333333333333333,1.0,0.8,0.888888888888889,4,10,0,1,0.8318181818181818
1044,15,5,0.3,w/o Bayesian Aggregation,0.8,1.0,0.4,0.5714285714285715,2,10,0,3,0.75
1044,15,5,0.3,w/o Temporal Decay,0.7333333333333333,1.0,0.2,0.33333333333333337,1,10,0,4,0.7363636363636363
1044,15,5,0.3,w/o Adaptive Policy,0.6666666666666666,0.5,0.2,0.28571428571428575,1,9,1,4,0.7272727272727273
1044,15,5,0.3,w/o Incentive Mechanism,1.0,1.0,1.0,1.0,5,10,0,0,0.8145454545454546
1044,15,5,0.3,T1 Only,0.8,0.6666666666666666,0.8,0.7272727272727272,4,8,2,1,0.8545454545454545
1044,15,5,0.3,T2 Only,0.6,0.42857142857142855,0.6,0.5,3,6,4,2,0.8045454545454546
1044,15,5,0.3,T3 Only,0.4666666666666667,0.36363636363636365,0.8,0.5000000000000001,4,3,7,1,0.7818181818181819
1044,15,5,0.3,T4 Only,0.8666666666666667,0.8,0.8,0.8000000000000002,4,9,1,1,0.8636363636363636
1044,15,5,0.3,T5 Only,0.8666666666666667,0.7142857142857143,1.0,0.8333333333333333,5,8,2,0,0.8545454545454545
1045,15,5,0.3,MTIM (full),1.0,1.0,1.0,1.0,5,10,0,0,0.9681818181818181
1045,15,5,0.3,w/o Cross-factor Checking,0.9333333333333333,0.8333333333333334,1.0,0.9090909090909091,5,9,1,0,0.9681818181818181
1045,15,5,0.3,w/o Bayesian Aggregation,0.8666666666666667,1.0,0.6,0.7499999999999999,3,10,0,2,0.8363636363636363
1045,15,5,0.3,w/o Temporal Decay,0.8,1.0,0.4,0.5714285714285715,2,10,0,3,0.8318181818181818
1045,15,5,0.3,w/o Adaptive Policy,0.8666666666666667,1.0,0.6,0.7499999999999999,3,10,0,2,0.8272727272727273
1045,15,5,0.3,w/o Incentive Mechanism,1.0,1.0,1.0,1.0,5,10,0,0,0.8781818181818182
1045,15,5,0.3,T1 Only,0.7333333333333333,0.5714285714285714,0.8,0.6666666666666666,4,7,3,1,0.8181818181818182
1045,15,5,0.3,T2 Only,0.7333333333333333,0.6,0.6,0.6,3,8,2,2,0.7181818181818181
1045,15,5,0.3,T3 Only,0.6666666666666666,0.5,0.8,0.6153846153846154,4,6,4,1,0.7636363636363637
1045,15,5,0.3,T4 Only,0.8,0.625,1.0,0.7692307692307693,5,7,3,0,0.8545454545454545
1045,15,5,0.3,T5 Only,0.9333333333333333,0.8333333333333334,1.0,0.9090909090909091,5,9,1,0,0.85
1046,15,5,0.3,MTIM (full),1.0,1.0,1.0,1.0,5,10,0,0,0.8954545454545455
1046,15,5,0.3,w/o Cross-factor Checking,0.9333333333333333,1.0,0.8,0.888888888888889,4,10,0,1,0.8272727272727273
1046,15,5,0.3,w/o Bayesian Aggregation,0.8666666666666667,1.0,0.6,0.7499999999999999,3,10,0,2,0.7636363636363637
1046,15,5,0.3,w/o Temporal Decay,0.8666666666666667,1.0,0.6,0.7499999999999999,3,10,0,2,0.759090909090909
1046,15,5,0.3,w/o Adaptive Policy,0.8,0.75,0.6,0.6666666666666665,3,9,1,2,0.75
1046,15,5,0.3,w/o Incentive Mechanism,1.0,1.0,1.0,1.0,5,10,0,0,0.8054545454545455
1046,15,5,0.3,T1 Only,0.6666666666666666,0.5,0.6,0.5454545454545454,3,7,3,2,0.8045454545454546
1046,15,5,0.3,T2 Only,0.4,0.3333333333333333,0.8,0.47058823529411764,4,2,8,1,0.6772727272727272
1046,15,5,0.3,T3 Only,0.3333333333333333,0.2727272727272727,0.6,0.37499999999999994,3,2,8,2,0.6590909090909091
1046,15,5,0.3,T4 Only,0.8666666666666667,0.8,0.8,0.8000000000000002,4,9,1,1,0.8136363636363636
1046,15,5,0.3,T5 Only,0.6666666666666666,0.5,0.8,0.6153846153846154,4,6,4,1,0.7772727272727272
1047,15,5,0.3,MTIM (full),1.0,1.0,1.0,1.0,5,10,0,0,0.9090909090909091
1047,15,5,0.3,w/o Cross-factor Checking,0.8666666666666667,0.8,0.8,0.8000000000000002,4,9,1,1,0.8818181818181818
1047,15,5,0.3,w/o Bayesian Aggregation,0.8666666666666667,0.8,0.8,0.8000000000000002,4,9,1,1,0.8363636363636363
1047,15,5,0.3,w/o Temporal Decay,0.8666666666666667,1.0,0.6,0.7499999999999999,3,10,0,2,0.8409090909090909
1047,15,5,0.3,w/o Adaptive Policy,0.8666666666666667,0.8,0.8,0.8000000000000002,4,9,1,1,0.8409090909090909
1047,15,5,0.3,w/o Incentive Mechanism,1.0,1.0,1.0,1.0,5,10,0,0,0.8190909090909091
1047,15,5,0.3,T1 Only,0.7333333333333333,0.5555555555555556,1.0,0.7142857142857143,5,6,4,0,0.8409090909090909
1047,15,5,0.3,T2 Only,0.5333333333333333,0.4,0.8,0.5333333333333333,4,4,6,1,0.7636363636363637
1047,15,5,0.3,T3 Only,0.6,0.4444444444444444,0.8,0.5714285714285714,4,5,5,1,0.759090909090909
1047,15,5,0.3,T4 Only,0.8,0.6666666666666666,0.8,0.7272727272727272,4,8,2,1,0.8272727272727273
1047,15,5,0.3,T5 Only,0.8666666666666667,0.7142857142857143,1.0,0.8333333333333333,5,8,2,0,0.8409090909090909
1048,15,5,0.3,MTIM (full),0.9333333333333333,1.0,0.8,0.888888888888889,4,10,0,1,0.8454545454545455
1048,15,5,0.3,w/o Cross-factor Checking,0.9333333333333333,1.0,0.8,0.888888888888889,4,10,0,1,0.8681818181818182
1048,15,5,0.3,w/o Bayesian Aggregation,0.8666666666666667,1.0,0.6,0.7499999999999999,3,10,0,2,0.8409090909090909
1048,15,5,0.3,w/o Temporal Decay,0.7333333333333333,1.0,0.2,0.33333333333333337,1,10,0,4,0.7863636363636364
1048,15,5,0.3,w/o Adaptive Policy,0.8,0.75,0.6,0.6666666666666665,3,9,1,2,0.8136363636363636
1048,15,5,0.3,w/o Incentive Mechanism,0.9333333333333333,1.0,0.8,0.888888888888889,4,10,0,1,0.7554545454545455
1048,15,5,0.3,T1 Only,0.8,0.625,1.0,0.7692307692307693,5,7,3,0,0.85
1048,15,5,0.3,T2 Only,0.5333333333333333,0.3333333333333333,0.4,0.3636363636363636,2,6,4,3,0.6954545454545454
1048,15,5,0.3,T3 Only,0.5333333333333333,0.4,0.8,0.5333333333333333,4,4,6,1,0.7272727272727273
1048,15,5,0.3,T4 Only,0.8666666666666667,0.8,0.8,0.8000000000000002,4,9,1,1,0.8
1048,15,5,0.3,T5 Only,0.8,0.625,1.0,0.7692307692307693,5,7,3,0,0.8227272727272728
1049,15,5,0.3,MTIM (full),1.0,1.0,1.0,1.0,5,10,0,0,0.9181818181818182
1049,15,5,0.3,w/o Cross-factor Checking,1.0,1.0,1.0,1.0,5,10,0,0,0.9136363636363637
1049,15,5,0.3,w/o Bayesian Aggregation,0.9333333333333333,1.0,0.8,0.888888888888889,4,10,0,1,0.8636363636363636
1049,15,5,0.3,w/o Temporal Decay,0.9333333333333333,1.0,0.8,0.888888888888889,4,10,0,1,0.8636363636363636
1049,15,5,0.3,w/o Adaptive Policy,0.9333333333333333,1.0,0.8,0.888888888888889,4,10,0,1,0.8590909090909091
1049,15,5,0.3,w/o Incentive Mechanism,1.0,1.0,1.0,1.0,5,10,0,0,0.8236363636363637
1049,15,5,0.3,T1 Only,0.8666666666666667,0.8,0.8,0.8000000000000002,4,9,1,1,0.8272727272727273
1049,15,5,0.3,T2 Only,0.6666666666666666,0.5,0.8,0.6153846153846154,4,6,4,1,0.7681818181818182
1049,15,5,0.3,T3 Only,0.4,0.3333333333333333,0.8,0.47058823529411764,4,2,8,1,0.7045454545454546
1049,15,5,0.3,T4 Only,0.9333333333333333,0.8333333333333334,1.0,0.9090909090909091,5,9,1,0,0.8636363636363636
1049,15,5,0.3,T5 Only,0.9333333333333333,0.8333333333333334,1.0,0.9090909090909091,5,9,1,0,0.8454545454545455
1000,15,5,0.3,MTIM (full),0.9333333333333333,0.8333333333333334,1.0,0.9090909090909091,5,9,1,0,0.9136363636363637
1000,15,5,0.3,w/o Cross-factor Checking,0.9333333333333333,0.8333333333333334,1.0,0.9090909090909091,5,9,1,0,0.9136363636363637
1000,15,5,0.3,w/o Bayesian Aggregation,0.8,1.0,0.4,0.5714285714285715,2,10,0,3,0.8
1000,15,5,0.3,w/o Temporal Decay,0.7333333333333333,1.0,0.2,0.33333333333333337,1,10,0,4,0.7727272727272727
1000,15,5,0.3,w/o Adaptive Policy,0.8,1.0,0.4,0.5714285714285715,2,10,0,3,0.7909090909090909
1000,15,5,0.3,w/o Incentive Mechanism,0.9333333333333333,0.8333333333333334,1.0,0.9090909090909091,5,9,1,0,0.8236363636363637
1000,15,5,0.3,T1 Only,0.9333333333333333,0.8333333333333334,1.0,0.9090909090909091,5,9,1,0,0.8545454545454545
1000,15,5,0.3,T2 Only,0.6,0.42857142857142855,0.6,0.5,3,6,4,2,0.7227272727272728
1000,15,5,0.3,T3 Only,0.4,0.3333333333333333,0.8,0.47058823529411764,4,2,8,1,0.7136363636363636
1000,15,5,0.3,T4 Only,0.8,0.625,1.0,0.7692307692307693,5,7,3,0,0.8454545454545455
1000,15,5,0.3,T5 Only,0.7333333333333333,0.5555555555555556,1.0,0.7142857142857143,5,6,4,0,0.8227272727272728
1001,15,5,0.3,MTIM (full),0.9333333333333333,0.8333333333333334,1.0,0.9090909090909091,5,9,1,0,0.9227272727272727
1001,15,5,0.3,w/o Cross-factor Checking,0.9333333333333333,0.8333333333333334,1.0,0.9090909090909091,5,9,1,0,0.9227272727272727
1001,15,5,0.3,w/o Bayesian Aggregation,0.8666666666666667,1.0,0.6,0.7499999999999999,3,10,0,2,0.8409090909090909
1001,15,5,0.3,w/o Temporal Decay,0.7333333333333333,1.0,0.2,0.33333333333333337,1,10,0,4,0.8
1001,15,5,0.3,w/o Adaptive Policy,0.8,1.0,0.4,0.5714285714285715,2,10,0,3,0.8227272727272728
1001,15,5,0.3,w/o Incentive Mechanism,0.8666666666666667,0.7142857142857143,1.0,0.8333333333333333,5,8,2,0,0.8281818181818182
1001,15,5,0.3,T1 Only,0.7333333333333333,0.5714285714285714,0.8,0.6666666666666666,4,7,3,1,0.8363636363636363
1001,15,5,0.3,T2 Only,0.6,0.4,0.4,0.4000000000000001,2,7,3,3,0.7727272727272727
1001,15,5,0.3,T3 Only,0.6666666666666666,0.5,0.6,0.5454545454545454,3,7,3,2,0.7909090909090909
1001,15,5,0.3,T4 Only,0.9333333333333333,0.8333333333333334,1.0,0.9090909090909091,5,9,1,0,0.8818181818181818
1001,15,5,0.3,T5 Only,0.9333333333333333,0.8333333333333334,1.0,0.9090909090909091,5,9,1,0,0.8727272727272727
1002,15,5,0.3,MTIM (full),0.9333333333333333,0.8333333333333334,1.0,0.9090909090909091,5,9,1,0,0.9409090909090909
1002,15,5,0.3,w/o Cross-factor Checking,0.9333333333333333,0.8333333333333334,1.0,0.9090909090909091,5,9,1,0,0.9363636363636364
1002,15,5,0.3,w/o Bayesian Aggregation,0.8,1.0,0.4,0.5714285714285715,2,10,0,3,0.8181818181818182
1002,15,5,0.3,w/o Temporal Decay,0.8,1.0,0.4,0.5714285714285715,2,10,0,3,0.8181818181818182
1002,15,5,0.3,w/o Adaptive Policy,0.8,1.0,0.4,0.5714285714285715,2,10,0,3,0.8363636363636363
1002,15,5,0.3,w/o Incentive Mechanism,0.9333333333333333,0.8333333333333334,1.0,0.9090909090909091,5,9,1,0,0.8463636363636364
1002,15,5,0.3,T1 Only,0.6,0.42857142857142855,0.6,0.5,3,6,4,2,0.75
1002,15,5,0.3,T2 Only,0.6666666666666666,0.5,0.4,0.4444444444444445,2,8,2,3,0.7272727272727273
1002,15,5,0.3,T3 Only,0.4666666666666667,0.36363636363636365,0.8,0.5000000000000001,4,3,7,1,0.7181818181818181
1002,15,5,0.3,T4 Only,0.6,0.42857142857142855,0.6,0.5,3,6,4,2,0.6909090909090909
1002,15,5,0.3,T5 Only,0.8,0.75,0.6,0.6666666666666665,3,9,1,2,0.740909090909091
1003,15,5,0.3,MTIM (full),0.9333333333333333,1.0,0.8,0.888888888888889,4,10,0,1,0.8590909090909091
1003,15,5,0.3,w/o Cross-factor Checking,0.9333333333333333,0.8333333333333334,1.0,0.9090909090909091,5,9,1,0,0.9181818181818182
1003,15,5,0.3,w/o Bayesian Aggregation,0.8,0.75,0.6,0.6666666666666665,3,9,1,2,0.7909090909090909
1003,15,5,0.3,w/o Temporal Decay,0.8,1.0,0.4,0.5714285714285715,2,10,0,3,0.7636363636363637
1003,15,5,0.3,w/o Adaptive Policy,0.7333333333333333,0.6666666666666666,0.4,0.5,2,9,1,3,0.7818181818181819
1003,15,5,0.3,w/o Incentive Mechanism,0.9333333333333333,1.0,0.8,0.888888888888889,4,10,0,1,0.7645454545454545
1003,15,5,0.3,T1 Only,0.9333333333333333,0.8333333333333334,1.0,0.9090909090909091,5,9,1,0,0.8727272727272727
1003,15,5,0.3,T2 Only,0.5333333333333333,0.3333333333333333,0.4,0.3636363636363636,2,6,4,3,0.7090909090909091
1003,15,5,0.3,T3 Only,0.3333333333333333,0.3076923076923077,0.8,0.4444444444444444,4,1,9,1,0.6181818181818182
1003,15,5,0.3,T4 Only,0.8,0.625,1.0,0.7692307692307693,5,7,3,0,0.8681818181818182
1003,15,5,0.3,T5 Only,0.8,0.625,1.0,0.7692307692307693,5,7,3,0,0.8545454545454545
1004,15,5,0.3,MTIM (full),0.8666666666666667,0.8,0.8,0.8000000000000002,4,9,1,1,0.8409090909090909
1004,15,5,0.3,w/o Cross-factor Checking,0.9333333333333333,1.0,0.8,0.888888888888889,4,10,0,1,0.8318181818181818
1004,15,5,0.3,w/o Bayesian Aggregation,0.8,1.0,0.4,0.5714285714285715,2,10,0,3,0.7727272727272727
1004,15,5,0.3,w/o Temporal Decay,0.7333333333333333,1.0,0.2,0.33333333333333337,1,10,0,4,0.7636363636363637
1004,15,5,0.3,w/o Adaptive Policy,0.8,1.0,0.4,0.5714285714285715,2,10,0,3,0.7681818181818182
1004,15,5,0.3,w/o Incentive Mechanism,0.8666666666666667,0.8,0.8,0.8000000000000002,4,9,1,1,0.7463636363636363
1004,15,5,0.3,T1 Only,0.8666666666666667,0.8,0.8,0.8000000000000002,4,9,1,1,0.8590909090909091
1004,15,5,0.3,T2 Only,0.6666666666666666,0.5,0.8,0.6153846153846154,4,6,4,1,0.8545454545454545
1004,15,5,0.3,T3 Only,0.7333333333333333,0.5714285714285714,0.8,0.6666666666666666,4,7,3,1,0.8363636363636363
1004,15,5,0.3,T4 Only,0.8,0.6666666666666666,0.8,0.7272727272727272,4,8,2,1,0.8272727272727273
1004,15,5,0.3,T5 Only,0.8,0.6666666666666666,0.8,0.7272727272727272,4,8,2,1,0.8545454545454545
1005,15,5,0.3,MTIM (full),0.8666666666666667,1.0,0.6,0.7499999999999999,3,10,0,2,0.8136363636363636
1005,15,5,0.3,w/o Cross-factor Checking,0.8666666666666667,1.0,0.6,0.7499999999999999,3,10,0,2,0.8090909090909091
1005,15,5,0.3,w/o Bayesian Aggregation,0.7333333333333333,1.0,0.2,0.33333333333333337,1,10,0,4,0.7045454545454546
1005,15,5,0.3,w/o Temporal Decay,0.6666666666666666,0.0,0.0,0.0,0,10,0,5,0.7181818181818181
1005,15,5,0.3,w/o Adaptive Policy,0.7333333333333333,1.0,0.2,0.33333333333333337,1,10,0,4,0.7
1005,15,5,0.3,w/o Incentive Mechanism,0.8666666666666667,1.0,0.6,0.7499999999999999,3,10,0,2,0.7190909090909091
1005,15,5,0.3,T1 Only,0.7333333333333333,0.6666666666666666,0.4,0.5,2,9,1,3,0.7636363636363637
1005,15,5,0.3,T2 Only,0.6666666666666666,0.5,0.2,0.28571428571428575,1,9,1,4,0.7272727272727273
1005,15,5,0.3,T3 Only,0.4666666666666667,0.36363636363636365,0.8,0.5000000000000001,4,3,7,1,0.7181818181818181
1005,15,5,0.3,T4 Only,0.7333333333333333,0.6,0.6,0.6,3,8,2,2,0.7681818181818182
1005,15,5,0.3,T5 Only,0.6666666666666666,0.5,0.4,0.4444444444444445,2,8,2,3,0.7545454545454545
1006,15,5,0.3,MTIM (full),0.8666666666666667,0.7142857142857143,1.0,0.8333333333333333,5,8,2,0,0.9272727272727272
1006,15,5,0.3,w/o Cross-factor Checking,0.9333333333333333,0.8333333333333334,1.0,0.9090909090909091,5,9,1,0,0.9318181818181818
1006,15,5,0.3,w/o Bayesian Aggregation,0.9333333333333333,1.0,0.8,0.888888888888889,4,10,0,1,0.8454545454545455
1006,15,5,0.3,w/o Temporal Decay,0.9333333333333333,1.0,0.8,0.888888888888889,4,10,0,1,0.8545454545454545
1006,15,5,0.3,w/o Adaptive Policy,0.8666666666666667,0.8,0.8,0.8000000000000002,4,9,1,1,0.8409090909090909
1006,15,5,0.3,w/o Incentive Mechanism,0.8666666666666667,0.7142857142857143,1.0,0.8333333333333333,5,8,2,0,0.8372727272727273
1006,15,5,0.3,T1 Only,0.8666666666666667,0.8,0.8,0.8000000000000002,4,9,1,1,0.8318181818181818
1006,15,5,0.3,T2 Only,0.6666666666666666,0.5,0.8,0.6153846153846154,4,6,4,1,0.8090909090909091
1006,15,5,0.3,T3 Only,0.6666666666666666,0.5,0.8,0.6153846153846154,4,6,4,1,0.7863636363636364
1006,15,5,0.3,T4 Only,0.8,0.6666666666666666,0.8,0.7272727272727272,4,8,2,1,0.8227272727272728
1006,15,5,0.3,T5 Only,0.8,0.625,1.0,0.7692307692307693,5,7,3,0,0.85
1007,15,5,0.3,MTIM (full),0.9333333333333333,1.0,0.8,0.888888888888889,4,10,0,1,0.8772727272727273
1007,15,5,0.3,w/o Cross-factor Checking,0.9333333333333333,1.0,0.8,0.888888888888889,4,10,0,1,0.8909090909090909
1007,15,5,0.3,w/o Bayesian Aggregation,0.8,1.0,0.4,0.5714285714285715,2,10,0,3,0.8227272727272728
1007,15,5,0.3,w/o Temporal Decay,0.8,1.0,0.4,0.5714285714285715,2,10,0,3,0.8272727272727273
1007,15,5,0.3,w/o Adaptive Policy,0.8,1.0,0.4,0.5714285714285715,2,10,0,3,0.8227272727272728
1007,15,5,0.3,w/o Incentive Mechanism,0.9333333333333333,1.0,0.8,0.888888888888889,4,10,0,1,0.7918181818181819
1007,15,5,0.3,T1 Only,0.7333333333333333,0.5714285714285714,0.8,0.6666666666666666,4,7,3,1,0.85
1007,15,5,0.3,T2 Only,0.8,0.75,0.6,0.6666666666666665,3,9,1,2,0.8136363636363636
1007,15,5,0.3,T3 Only,0.7333333333333333,0.5555555555555556,1.0,0.7142857142857143,5,6,4,0,0.8545454545454545
1007,15,5,0.3,T4 Only,0.8,0.6666666666666666,0.8,0.7272727272727272,4,8,2,1,0.8363636363636363
1007,15,5,0.3,T5 Only,0.8666666666666667,0.8,0.8,0.8000000000000002,4,9,1,1,0.8409090909090909
1008,15,5,0.3,MTIM (full),0.8666666666666667,0.8,0.8,0.8000000000000002,4,9,1,1,0.8681818181818182
1008,15,5,0.3,w/o Cross-factor Checking,0.8666666666666667,0.8,0.8,0.8000000000000002,4,9,1,1,0.8681818181818182
1008,15,5,0.3,w/o Bayesian Aggregation,0.8,1.0,0.4,0.5714285714285715,2,10,0,3,0.8
1008,15,5,0.3,w/o Temporal Decay,0.6666666666666666,0.0,0.0,0.0,0,10,0,5,0.7772727272727272
1008,15,5,0.3,w/o Adaptive Policy,0.8,1.0,0.4,0.5714285714285715,2,10,0,3,0.7909090909090909
1008,15,5,0.3,w/o Incentive Mechanism,0.8666666666666667,0.8,0.8,0.8000000000000002,4,9,1,1,0.7781818181818182
1008,15,5,0.3,T1 Only,0.8,0.6666666666666666,0.8,0.7272727272727272,4,8,2,1,0.8181818181818182
1008,15,5,0.3,T2 Only,0.6,0.42857142857142855,0.6,0.5,3,6,4,2,0.7772727272727272
1008,15,5,0.3,T3 Only,0.6666666666666666,0.5,0.8,0.6153846153846154,4,6,4,1,0.8181818181818182
1008,15,5,0.3,T4 Only,0.8,0.6666666666666666,0.8,0.7272727272727272,4,8,2,1,0.8
1008,15,5,0.3,T5 Only,0.8,0.6666666666666666,0.8,0.7272727272727272,4,8,2,1,0.8227272727272728
1009,15,5,0.3,MTIM (full),0.9333333333333333,0.8333333333333334,1.0,0.9090909090909091,5,9,1,0,0.9090909090909091
1009,15,5,0.3,w/o Cross-factor Checking,0.8666666666666667,0.8,0.8,0.8000000000000002,4,9,1,1,0.8318181818181818
1009,15,5,0.3,w/o Bayesian Aggregation,0.8666666666666667,1.0,0.6,0.7499999999999999,3,10,0,2,0.8
1009,15,5,0.3,w/o Temporal Decay,0.8,1.0,0.4,0.5714285714285715,2,10,0,3,0.7909090909090909
1009,15,5,0.3,w/o Adaptive Policy,0.8666666666666667,1.0,0.6,0.7499999999999999,3,10,0,2,0.8
1009,15,5,0.3,w/o Incentive Mechanism,0.9333333333333333,0.8333333333333334,1.0,0.9090909090909091,5,9,1,0,0.8145454545454546
1009,15,5,0.3,T1 Only,0.9333333333333333,0.8333333333333334,1.0,0.9090909090909091,5,9,1,0,0.8409090909090909
1009,15,5,0.3,T2 Only,0.9333333333333333,0.8333333333333334,1.0,0.9090909090909091,5,9,1,0,0.8318181818181818
1009,15,5,0.3,T3 Only,0.5333333333333333,0.375,0.6,0.4615384615384615,3,5,5,2,0.7181818181818181
1009,15,5,0.3,T4 Only,0.8,0.6666666666666666,0.8,0.7272727272727272,4,8,2,1,0.8
1009,15,5,0.3,T5 Only,0.9333333333333333,0.8333333333333334,1.0,0.9090909090909091,5,9,1,0,0.8227272727272728
1010,15,5,0.3,MTIM (full),1.0,1.0,1.0,1.0,5,10,0,0,0.9090909090909091
1010,15,5,0.3,w/o Cross-factor Checking,1.0,1.0,1.0,1.0,5,10,0,0,0.9
1010,15,5,0.3,w/o Bayesian Aggregation,0.8666666666666667,1.0,0.6,0.7499999999999999,3,10,0,2,0.8363636363636363
1010,15,5,0.3,w/o Temporal Decay,0.8,1.0,0.4,0.5714285714285715,2,10,0,3,0.7818181818181819
1010,15,5,0.3,w/o Adaptive Policy,0.8666666666666667,1.0,0.6,0.7499999999999999,3,10,0,2,0.8318181818181818
1010,15,5,0.3,w/o Incentive Mechanism,1.0,1.0,1.0,1.0,5,10,0,0,0.8190909090909091
1010,15,5,0.3,T1 Only,0.8666666666666667,0.7142857142857143,1.0,0.8333333333333333,5,8,2,0,0.8318181818181818
1010,15,5,0.3,T2 Only,0.6,0.42857142857142855,0.6,0.5,3,6,4,2,0.7318181818181818
1010,15,5,0.3,T3 Only,0.6,0.4444444444444444,0.8,0.5714285714285714,4,5,5,1,0.7863636363636364
1010,15,5,0.3,T4 Only,0.8,0.625,1.0,0.7692307692307693,5,7,3,0,0.8
1010,15,5,0.3,T5 Only,0.8,0.625,1.0,0.7692307692307693,5,7,3,0,0.8181818181818182
1011,15,5,0.3,MTIM (full),1.0,1.0,1.0,1.0,5,10,0,0,0.9363636363636364
1011,15,5,0.3,w/o Cross-factor Checking,1.0,1.0,1.0,1.0,5,10,0,0,0.9363636363636364
1011,15,5,0.3,w/o Bayesian Aggregation,0.8666666666666667,1.0,0.6,0.7499999999999999,3,10,0,2,0.8136363636363636
1011,15,5,0.3,w/o Temporal Decay,0.8,1.0,0.4,0.5714285714285715,2,10,0,3,0.7772727272727272
1011,15,5,0.3,w/o Adaptive Policy,0.8666666666666667,1.0,0.6,0.7499999999999999,3,10,0,2,0.8136363636363636
1011,15,5,0.3,w/o Incentive Mechanism,1.0,1.0,1.0,1.0,5,10,0,0,0.8463636363636364
1011,15,5,0.3,T1 Only,0.6666666666666666,0.5,0.6,0.5454545454545454,3,7,3,2,0.7045454545454546
1011,15,5,0.3,T2 Only,0.7333333333333333,0.6,0.6,0.6,3,8,2,2,0.7681818181818182
1011,15,5,0.3,T3 Only,0.6,0.4444444444444444,0.8,0.5714285714285714,4,5,5,1,0.7545454545454545
1011,15,5,0.3,T4 Only,0.6,0.4444444444444444,0.8,0.5714285714285714,4,5,5,1,0.8090909090909091
1011,15,5,0.3,T5 Only,0.7333333333333333,0.6,0.6,0.6,3,8,2,2,0.7272727272727273
1012,15,5,0.3,MTIM (full),0.9333333333333333,1.0,0.8,0.888888888888889,4,10,0,1,0.8772727272727273
1012,15,5,0.3,w/o Cross-factor Checking,0.9333333333333333,1.0,0.8,0.888888888888889,4,10,0,1,0.8727272727272727
1012,15,5,0.3,w/o Bayesian Aggregation,0.9333333333333333,1.0,0.8,0.888888888888889,4,10,0,1,0.8636363636363636
1012,15,5,0.3,w/o Temporal Decay,0.8,1.0,0.4,0.5714285714285715,2,10,0,3,0.7954545454545454
1012,15,5,0.3,w/o Adaptive Policy,0.9333333333333333,1.0,0.8,0.888888888888889,4,10,0,1,0.8636363636363636
1012,15,5,0.3,w/o Incentive Mechanism,0.9333333333333333,1.0,0.8,0.888888888888889,4,10,0,1,0.7872727272727273
1012,15,5,0.3,T1 Only,0.9333333333333333,1.0,0.8,0.888888888888889,4,10,0,1,0.8681818181818182
1012,15,5,0.3,T2 Only,0.6,0.4444444444444444,0.8,0.5714285714285714,4,5,5,1,0.8227272727272728
1012,15,5,0.3,T3 Only,0.4666666666666667,0.36363636363636365,0.8,0.5000000000000001,4,3,7,1,0.7727272727272727
1012,15,5,0.3,T4 Only,0.8666666666666667,0.8,0.8,0.8000000000000002,4,9,1,1,0.8636363636363636
1012,15,5,0.3,T5 Only,0.7333333333333333,0.5555555555555556,1.0,0.7142857142857143,5,6,4,0,0.8409090909090909
1013,15,5,0.3,MTIM (full),0.9333333333333333,0.8333333333333334,1.0,0.9090909090909091,5,9,1,0,0.9454545454545454
1013,15,5,0.3,w/o Cross-factor Checking,0.9333333333333333,0.8333333333333334,1.0,0.9090909090909091,5,9,1,0,0.9454545454545454
1013,15,5,0.3,w/o Bayesian Aggregation,0.8666666666666667,1.0,0.6,0.7499999999999999,3,10,0,2,0.8545454545454545
1013,15,5,0.3,w/o Temporal Decay,0.8,1.0,0.4,0.5714285714285715,2,10,0,3,0.8136363636363636
1013,15,5,0.3,w/o Adaptive Policy,0.8666666666666667,1.0,0.6,0.7499999999999999,3,10,0,2,0.85
1013,15,5,0.3,w/o Incentive Mechanism,0.9333333333333333,0.8333333333333334,1.0,0.9090909090909091,5,9,1,0,0.8554545454545455
1013,15,5,0.3,T1 Only,0.9333333333333333,0.8333333333333334,1.0,0.9090909090909091,5,9,1,0,0.8681818181818182
1013,15,5,0.3,T2 Only,0.4,0.3333333333333333,0.8,0.47058823529411764,4,2,8,1,0.7545454545454545
1013,15,5,0.3,T3 Only,0.6,0.45454545454545453,1.0,0.625,5,4,6,0,0.8136363636363636
1013,15,5,0.3,T4 Only,1.0,1.0,1.0,1.0,5,10,0,0,0.8681818181818182
1013,15,5,0.3,T5 Only,0.8,0.625,1.0,0.7692307692307693,5,7,3,0,0.8590909090909091
1014,15,5,0.3,MTIM (full),0.8666666666666667,0.8,0.8,0.8000000000000002,4,9,1,1,0.8727272727272727
1014,15,5,0.3,w/o Cross-factor Checking,0.8666666666666667,0.8,0.8,0.8000000000000002,4,9,1,1,0.8727272727272727
1014,15,5,0.3,w/o Bayesian Aggregation,0.8666666666666667,1.0,0.6,0.7499999999999999,3,10,0,2,0.8454545454545455
1014,15,5,0.3,w/o Temporal Decay,0.7333333333333333,1.0,0.2,0.33333333333333337,1,10,0,4,0.7954545454545454
1014,15,5,0.3,w/o Adaptive Policy,0.8666666666666667,1.0,0.6,0.7499999999999999,3,10,0,2,0.8590909090909091
1014,15,5,0.3,w/o Incentive Mechanism,0.8666666666666667,0.8,0.8,0.8000000000000002,4,9,1,1,0.7827272727272727
1014,15,5,0.3,T1 Only,0.8666666666666667,0.8,0.8,0.8000000000000002,4,9,1,1,0.8409090909090909
1014,15,5,0.3,T2 Only,0.6666666666666666,0.5,0.4,0.4444444444444445,2,8,2,3,0.7909090909090909
1014,15,5,0.3,T3 Only,0.8,0.625,1.0,0.7692307692307693,5,7,3,0,0.8772727272727273
1014,15,5,0.3,T4 Only,0.8,0.6666666666666666,0.8,0.7272727272727272,4,8,2,1,0.8545454545454545
1014,15,5,0.3,T5 Only,0.8666666666666667,0.8,0.8,0.8000000000000002,4,9,1,1,0.8590909090909091
1015,15,5,0.3,MTIM (full),1.0,1.0,1.0,1.0,5,10,0,0,0.9454545454545454
1015,15,5,0.3,w/o Cross-factor Checking,1.0,1.0,1.0,1.0,5,10,0,0,0.9409090909090909
1015,15,5,0.3,w/o Bayesian Aggregation,0.9333333333333333,1.0,0.8,0.888888888888889,4,10,0,1,0.9090909090909091
1015,15,5,0.3,w/o Temporal Decay,0.8666666666666667,1.0,0.6,0.7499999999999999,3,10,0,2,0.8863636363636364
1015,15,5,0.3,w/o Adaptive Policy,0.9333333333333333,1.0,0.8,0.888888888888889,4,10,0,1,0.9045454545454545
1015,15,5,0.3,w/o Incentive Mechanism,1.0,1.0,1.0,1.0,5,10,0,0,0.850909090909091
1015,15,5,0.3,T1 Only,0.9333333333333333,0.8333333333333334,1.0,0.9090909090909091,5,9,1,0,0.8772727272727273
1015,15,5,0.3,T2 Only,0.9333333333333333,1.0,0.8,0.888888888888889,4,10,0,1,0.8181818181818182
1015,15,5,0.3,T3 Only,0.6666666666666666,0.5,0.8,0.6153846153846154,4,6,4,1,0.7863636363636364
1015,15,5,0.3,T4 Only,0.9333333333333333,0.8333333333333334,1.0,0.9090909090909091,5,9,1,0,0.8727272727272727
1015,15,5,0.3,T5 Only,1.0,1.0,1.0,1.0,5,10,0,0,0.8454545454545455
1016,15,5,0.3,MTIM (full),0.9333333333333333,1.0,0.8,0.888888888888889,4,10,0,1,0.85
1016,15,5,0.3,w/o Cross-factor Checking,0.9333333333333333,1.0,0.8,0.888888888888889,4,10,0,1,0.8409090909090909
1016,15,5,0.3,w/o Bayesian Aggregation,0.7333333333333333,1.0,0.2,0.33333333333333337,1,10,0,4,0.740909090909091
1016,15,5,0.3,w/o Temporal Decay,0.7333333333333333,1.0,0.2,0.33333333333333337,1,10,0,4,0.740909090909091
1016,15,5,0.3,w/o Adaptive Policy,0.7333333333333333,1.0,0.2,0.33333333333333337,1,10,0,4,0.7181818181818181
1016,15,5,0.3,w/o Incentive Mechanism,0.9333333333333333,1.0,0.8,0.888888888888889,4,10,0,1,0.750909090909091
1016,15,5,0.3,T1 Only,0.6666666666666666,0.5,0.4,0.4444444444444445,2,8,2,3,0.7136363636363636
1016,15,5,0.3,T2 Only,0.6,0.4,0.4,0.4000000000000001,2,7,3,3,0.6909090909090909
1016,15,5,0.3,T3 Only,0.6666666666666666,0.5,0.8,0.6153846153846154,4,6,4,1,0.7727272727272727
1016,15,5,0.3,T4 Only,0.6,0.4,0.4,0.4000000000000001,2,7,3,3,0.7636363636363637
1016,15,5,0.3,T5 Only,0.6,0.4,0.4,0.4000000000000001,2,7,3,3,0.7136363636363636
1017,15,5,0.3,MTIM (full),0.9333333333333333,0.8333333333333334,1.0,0.9090909090909091,5,9,1,0,0.9318181818181818
1017,15,5,0.3,w/o Cross-factor Checking,0.9333333333333333,0.8333333333333334,1.0,0.9090909090909091,5,9,1,0,0.9318181818181818
1017,15,5,0.3,w/o Bayesian Aggregation,0.8666666666666667,1.0,0.6,0.7499999999999999,3,10,0,2,0.8272727272727273
1017,15,5,0.3,w/o Temporal Decay,0.8,1.0,0.4,0.5714285714285715,2,10,0,3,0.7954545454545454
1017,15,5,0.3,w/o Adaptive Policy,0.8666666666666667,1.0,0.6,0.7499999999999999,3,10,0,2,0.8136363636363636
1017,15,5,0.3,w/o Incentive Mechanism,0.9333333333333333,0.8333333333333334,1.0,0.9090909090909091,5,9,1,0,0.8418181818181818
1017,15,5,0.3,T1 Only,0.7333333333333333,0.5555555555555556,1.0,0.7142857142857143,5,6,4,0,0.8272727272727273
1017,15,5,0.3,T2 Only,0.4,0.25,0.4,0.3076923076923077,2,4,6,3,0.6318181818181818
1017,15,5,0.3,T3 Only,0.6,0.4444444444444444,0.8,0.5714285714285714,4,5,5,1,0.7227272727272728
1017,15,5,0.3,T4 Only,0.9333333333333333,0.8333333333333334,1.0,0.9090909090909091,5,9,1,0,0.8545454545454545
1017,15,5,0.3,T5 Only,0.8666666666666667,0.7142857142857143,1.0,0.8333333333333333,5,8,2,0,0.8181818181818182
1018,15,5,0.3,MTIM (full),0.8666666666666667,0.7142857142857143,1.0,0.8333333333333333,5,8,2,0,0.9
1018,15,5,0.3,w/o Cross-factor Checking,0.8,0.6666666666666666,0.8,0.7272727272727272,4,8,2,1,0.8363636363636363
1018,15,5,0.3,w/o Bayesian Aggregation,0.8,1.0,0.4,0.5714285714285715,2,10,0,3,0.7681818181818182
1018,15,5,0.3,w/o Temporal Decay,0.8,1.0,0.4,0.5714285714285715,2,10,0,3,0.7636363636363637
1018,15,5,0.3,w/o Adaptive Policy,0.6666666666666666,0.5,0.4,0.4444444444444445,2,8,2,3,0.7363636363636363
1018,15,5,0.3,w/o Incentive Mechanism,0.8666666666666667,0.7142857142857143,1.0,0.8333333333333333,5,8,2,0,0.8054545454545455
1018,15,5,0.3,T1 Only,0.7333333333333333,0.6,0.6,0.6,3,8,2,2,0.7818181818181819
1018,15,5,0.3,T2 Only,0.5333333333333333,0.375,0.6,0.4615384615384615,3,5,5,2,0.7318181818181818
1018,15,5,0.3,T3 Only,0.4,0.3333333333333333,0.8,0.47058823529411764,4,2,8,1,0.6636363636363637
1018,15,5,0.3,T4 Only,0.8666666666666667,0.7142857142857143,1.0,0.8333333333333333,5,8,2,0,0.8636363636363636
1018,15,5,0.3,T5 Only,0.7333333333333333,0.5555555555555556,1.0,0.7142857142857143,5,6,4,0,0.8363636363636363
1019,15,5,0.3,MTIM (full),0.8666666666666667,0.8,0.8,0.8000000000000002,4,9,1,1,0.8227272727272728
1019,15,5,0.3,w/o Cross-factor Checking,0.8666666666666667,0.8,0.8,0.8000000000000002,4,9,1,1,0.8227272727272728
1019,15,5,0.3,w/o Bayesian Aggregation,0.8,1.0,0.4,0.5714285714285715,2,10,0,3,0.7545454545454545
1019,15,5,0.3,w/o Temporal Decay,0.8,1.0,0.4,0.5714285714285715,2,10,0,3,0.7454545454545455
1019,15,5,0.3,w/o Adaptive Policy,0.8,1.0,0.4,0.5714285714285715,2,10,0,3,0.75
1019,15,5,0.3,w/o Incentive Mechanism,0.8666666666666667,0.8,0.8,0.8000000000000002,4,9,1,1,0.7327272727272728
1019,15,5,0.3,T1 Only,0.5333333333333333,0.375,0.6,0.4615384615384615,3,5,5,2,0.7318181818181818
1019,15,5,0.3,T2 Only,0.7333333333333333,0.5714285714285714,0.8,0.6666666666666666,4,7,3,1,0.75
1019,15,5,0.3,T3 Only,0.8666666666666667,0.7142857142857143,1.0,0.8333333333333333,5,8,2,0,0.7954545454545454
1019,15,5,0.3,T4 Only,0.8,0.75,0.6,0.6666666666666665,3,9,1,2,0.7454545454545455
1019,15,5,0.3,T5 Only,0.7333333333333333,0.5714285714285714,0.8,0.6666666666666666,4,7,3,1,0.7636363636363637
1020,15,5,0.3,MTIM (full),0.8666666666666667,0.8,0.8,0.8000000000000002,4,9,1,1,0.9090909090909091
1020,15,5,0.3,w/o Cross-factor Checking,0.8666666666666667,0.8,0.8,0.8000000000000002,4,9,1,1,0.8636363636363636
1020,15,5,0.3,w/o Bayesian Aggregation,0.7333333333333333,1.0,0.2,0.33333333333333337,1,10,0,4,0.7818181818181819
1020,15,5,0.3,w/o Temporal Decay,0.7333333333333333,1.0,0.2,0.33333333333333337,1,10,0,4,0.7772727272727272
1020,15,5,0.3,w/o Adaptive Policy,0.7333333333333333,1.0,0.2,0.33333333333333337,1,10,0,4,0.7545454545454545
1020,15,5,0.3,w/o Incentive Mechanism,0.8666666666666667,0.8,0.8,0.8000000000000002,4,9,1,1,0.8145454545454546
1020,15,5,0.3,T1 Only,0.8666666666666667,0.8,0.8,0.8000000000000002,4,9,1,1,0.8
1020,15,5,0.3,T2 Only,0.6666666666666666,0.5,0.4,0.4444444444444445,2,8,2,3,0.7181818181818181
1020,15,5,0.3,T3 Only,0.6,0.4444444444444444,0.8,0.5714285714285714,4,5,5,1,0.7454545454545455
1020,15,5,0.3,T4 Only,0.7333333333333333,0.5714285714285714,0.8,0.6666666666666666,4,7,3,1,0.8045454545454546
1020,15,5,0.3,T5 Only,0.8666666666666667,0.8,0.8,0.8000000000000002,4,9,1,1,0.7863636363636364
1021,15,5,0.3,MTIM (full),0.9333333333333333,1.0,0.8,0.888888888888889,4,10,0,1,0.8181818181818182
1021,15,5,0.3,w/o Cross-factor Checking,0.8666666666666667,0.8,0.8,0.8000000000000002,4,9,1,1,0.8409090909090909
1021,15,5,0.3,w/o Bayesian Aggregation,0.7333333333333333,1.0,0.2,0.33333333333333337,1,10,0,4,0.7727272727272727
1021,15,5,0.3,w/o Temporal Decay,0.6666666666666666,0.0,0.0,0.0,0,10,0,5,0.7318181818181818
1021,15,5,0.3,w/o Adaptive Policy,0.6666666666666666,0.0,0.0,0.0,0,10,0,5,0.7363636363636363
1021,15,5,0.3,w/o Incentive Mechanism,0.9333333333333333,1.0,0.8,0.888888888888889,4,10,0,1,0.7281818181818183
1021,15,5,0.3,T1 Only,0.6,0.4444444444444444,0.8,0.5714285714285714,4,5,5,1,0.7772727272727272
1021,15,5,0.3,T2 Only,0.8,0.6666666666666666,0.8,0.7272727272727272,4,8,2,1,0.8318181818181818
1021,15,5,0.3,T3 Only,0.7333333333333333,0.6,0.6,0.6,3,8,2,2,0.7909090909090909
1021,15,5,0.3,T4 Only,0.5333333333333333,0.375,0.6,0.4615384615384615,3,5,5,2,0.8181818181818182
1021,15,5,0.3,T5 Only,0.7333333333333333,0.5714285714285714,0.8,0.6666666666666666,4,7,3,1,0.8318181818181818
1022,15,5,0.3,MTIM (full),1.0,1.0,1.0,1.0,5,10,0,0,0.9227272727272727
1022,15,5,0.3,w/o Cross-factor Checking,1.0,1.0,1.0,1.0,5,10,0,0,0.9227272727272727
1022,15,5,0.3,w/o Bayesian Aggregation,0.9333333333333333,1.0,0.8,0.888888888888889,4,10,0,1,0.8772727272727273
1022,15,5,0.3,w/o Temporal Decay,0.7333333333333333,1.0,0.2,0.33333333333333337,1,10,0,4,0.7909090909090909
1022,15,5,0.3,w/o Adaptive Policy,0.9333333333333333,1.0,0.8,0.888888888888889,4,10,0,1,0.8772727272727273
1022,15,5,0.3,w/o Incentive Mechanism,1.0,1.0,1.0,1.0,5,10,0,0,0.8327272727272728
1022,15,5,0.3,T1 Only,0.9333333333333333,0.8333333333333334,1.0,0.9090909090909091,5,9,1,0,0.8454545454545455
1022,15,5,0.3,T2 Only,0.6,0.42857142857142855,0.6,0.5,3,6,4,2,0.7363636363636363
1022,15,5,0.3,T3 Only,0.6,0.42857142857142855,0.6,0.5,3,6,4,2,0.6909090909090909
1022,15,5,0.3,T4 Only,0.8,0.625,1.0,0.7692307692307693,5,7,3,0,0.8318181818181818
1022,15,5,0.3,T5 Only,1.0,1.0,1.0,1.0,5,10,0,0,0.8363636363636363
1023,15,5,0.3,MTIM (full),0.9333333333333333,1.0,0.8,0.888888888888889,4,10,0,1,0.8727272727272727
1023,15,5,0.3,w/o Cross-factor Checking,0.9333333333333333,1.0,0.8,0.888888888888889,4,10,0,1,0.8318181818181818
1023,15,5,0.3,w/o Bayesian Aggregation,0.7333333333333333,0.6666666666666666,0.4,0.5,2,9,1,3,0.7818181818181819
1023,15,5,0.3,w/o Temporal Decay,0.7333333333333333,1.0,0.2,0.33333333333333337,1,10,0,4,0.75
1023,15,5,0.3,w/o Adaptive Policy,0.8,1.0,0.4,0.5714285714285715,2,10,0,3,0.7727272727272727
1023,15,5,0.3,w/o Incentive Mechanism,0.9333333333333333,1.0,0.8,0.888888888888889,4,10,0,1,0.7918181818181819
1023,15,5,0.3,T1 Only,0.6,0.4444444444444444,0.8,0.5714285714285714,4,5,5,1,0.75
1023,15,5,0.3,T2 Only,0.8,0.75,0.6,0.6666666666666665,3,9,1,2,0.7818181818181819
1023,15,5,0.3,T3 Only,0.6666666666666666,0.5,0.8,0.6153846153846154,4,6,4,1,0.7727272727272727
1023,15,5,0.3,T4 Only,0.8,0.75,0.6,0.6666666666666665,3,9,1,2,0.7727272727272727
1023,15,5,0.3,T5 Only,0.8,0.6666666666666666,0.8,0.7272727272727272,4,8,2,1,0.8
1024,15,5,0.3,MTIM (full),1.0,1.0,1.0,1.0,5,10,0,0,0.9363636363636364
1024,15,5,0.3,w/o Cross-factor Checking,1.0,1.0,1.0,1.0,5,10,0,0,0.9363636363636364
1024,15,5,0.3,w/o Bayesian Aggregation,0.8666666666666667,1.0,0.6,0.7499999999999999,3,10,0,2,0.8590909090909091
1024,15,5,0.3,w/o Temporal Decay,0.8,1.0,0.4,0.5714285714285715,2,10,0,3,0.8181818181818182
1024,15,5,0.3,w/o Adaptive Policy,0.8666666666666667,1.0,0.6,0.7499999999999999,3,10,0,2,0.8454545454545455
1024,15,5,0.3,w/o Incentive Mechanism,1.0,1.0,1.0,1.0,5,10,0,0,0.8463636363636364
1024,15,5,0.3,T1 Only,0.8666666666666667,0.8,0.8,0.8000000000000002,4,9,1,1,0.8772727272727273
1024,15,5,0.3,T2 Only,0.5333333333333333,0.3333333333333333,0.4,0.3636363636363636,2,6,4,3,0.759090909090909
1024,15,5,0.3,T3 Only,0.6666666666666666,0.5,1.0,0.6666666666666666,5,5,5,0,0.8818181818181818
1024,15,5,0.3,T4 Only,0.8666666666666667,0.7142857142857143,1.0,0.8333333333333333,5,8,2,0,0.9181818181818182
1024,15,5,0.3,T5 Only,0.8,0.625,1.0,0.7692307692307693,5,7,3,0,0.8863636363636364
1025,15,5,0.3,MTIM (full),0.9333333333333333,0.8333333333333334,1.0,0.9090909090909091,5,9,1,0,0.9272727272727272
1025,15,5,0.3,w/o Cross-factor Checking,0.9333333333333333,0.8333333333333334,1.0,0.9090909090909091,5,9,1,0,0.9363636363636364
1025,15,5,0.3,w/o Bayesian Aggregation,0.9333333333333333,1.0,0.8,0.888888888888889,4,10,0,1,0.8772727272727273
1025,15,5,0.3,w/o Temporal Decay,0.8666666666666667,1.0,0.6,0.7499999999999999,3,10,0,2,0.8409090909090909
1025,15,5,0.3,w/o Adaptive Policy,0.9333333333333333,1.0,0.8,0.888888888888889,4,10,0,1,0.8772727272727273
1025,15,5,0.3,w/o Incentive Mechanism,0.9333333333333333,0.8333333333333334,1.0,0.9090909090909091,5,9,1,0,0.8372727272727273
1025,15,5,0.3,T1 Only,0.8,0.6666666666666666,0.8,0.7272727272727272,4,8,2,1,0.8045454545454546
1025,15,5,0.3,T2 Only,0.7333333333333333,0.6,0.6,0.6,3,8,2,2,0.7272727272727273
1025,15,5,0.3,T3 Only,0.6,0.4444444444444444,0.8,0.5714285714285714,4,5,5,1,0.740909090909091
1025,15,5,0.3,T4 Only,0.9333333333333333,0.8333333333333334,1.0,0.9090909090909091,5,9,1,0,0.8272727272727273
1025,15,5,0.3,T5 Only,0.9333333333333333,0.8333333333333334,1.0,0.9090909090909091,5,9,1,0,0.8363636363636363
1026,15,5,0.3,MTIM (full),1.0,1.0,1.0,1.0,5,10,0,0,0.9227272727272727
1026,15,5,0.3,w/o Cross-factor Checking,1.0,1.0,1.0,1.0,5,10,0,0,0.9227272727272727
1026,15,5,0.3,w/o Bayesian Aggregation,0.9333333333333333,1.0,0.8,0.888888888888889,4,10,0,1,0.8545454545454545
1026,15,5,0.3,w/o Temporal Decay,0.8666666666666667,1.0,0.6,0.7499999999999999,3,10,0,2,0.8318181818181818
1026,15,5,0.3,w/o Adaptive Policy,0.9333333333333333,1.0,0.8,0.888888888888889,4,10,0,1,0.8681818181818182
1026,15,5,0.3,w/o Incentive Mechanism,1.0,1.0,1.0,1.0,5,10,0,0,0.8327272727272728
1026,15,5,0.3,T1 Only,0.8,0.625,1.0,0.7692307692307693,5,7,3,0,0.8681818181818182
1026,15,5,0.3,T2 Only,0.7333333333333333,0.5555555555555556,1.0,0.7142857142857143,5,6,4,0,0.8681818181818182
1026,15,5,0.3,T3 Only,0.6,0.45454545454545453,1.0,0.625,5,4,6,0,0.8090909090909091
1026,15,5,0.3,T4 Only,0.8666666666666667,0.7142857142857143,1.0,0.8333333333333333,5,8,2,0,0.8909090909090909
1026,15,5,0.3,T5 Only,0.9333333333333333,0.8333333333333334,1.0,0.9090909090909091,5,9,1,0,0.8545454545454545
1027,15,5,0.3,MTIM (full),0.8,0.625,1.0,0.7692307692307693,5,7,3,0,0.9227272727272727
1027,15,5,0.3,w/o Cross-factor Checking,0.8,0.625,1.0,0.7692307692307693,5,7,3,0,0.9181818181818182
1027,15,5,0.3,w/o Bayesian Aggregation,0.8,1.0,0.4,0.5714285714285715,2,10,0,3,0.8
1027,15,5,0.3,w/o Temporal Decay,0.8,1.0,0.4,0.5714285714285715,2,10,0,3,0.8
1027,15,5,0.3,w/o Adaptive Policy,0.8,1.0,0.4,0.5714285714285715,2,10,0,3,0.8090909090909091
1027,15,5,0.3,w/o Incentive Mechanism,0.8,0.625,1.0,0.7692307692307693,5,7,3,0,0.8281818181818182
1027,15,5,0.3,T1 Only,0.6,0.42857142857142855,0.6,0.5,3,6,4,2,0.7954545454545454
1027,15,5,0.3,T2 Only,0.6,0.45454545454545453,1.0,0.625,5,4,6,0,0.85
1027,15,5,0.3,T3 Only,0.6666666666666666,0.5,1.0,0.6666666666666666,5,5,5,0,0.8409090909090909
1027,15,5,0.3,T4 Only,0.8,0.625,1.0,0.7692307692307693,5,7,3,0,0.8409090909090909
1027,15,5,0.3,T5 Only,0.8,0.625,1.0,0.7692307692307693,5,7,3,0,0.8227272727272728
1028,15,5,0.3,MTIM (full),1.0,1.0,1.0,1.0,5,10,0,0,0.9227272727272727
1028,15,5,0.3,w/o Cross-factor Checking,1.0,1.0,1.0,1.0,5,10,0,0,0.9227272727272727
1028,15,5,0.3,w/o Bayesian Aggregation,0.8,1.0,0.4,0.5714285714285715,2,10,0,3,0.8272727272727273
1028,15,5,0.3,w/o Temporal Decay,0.8,1.0,0.4,0.5714285714285715,2,10,0,3,0.8136363636363636
1028,15,5,0.3,w/o Adaptive Policy,0.8,1.0,0.4,0.5714285714285715,2,10,0,3,0.8136363636363636
1028,15,5,0.3,w/o Incentive Mechanism,1.0,1.0,1.0,1.0,5,10,0,0,0.8327272727272728
1028,15,5,0.3,T1 Only,0.8666666666666667,0.7142857142857143,1.0,0.8333333333333333,5,8,2,0,0.8590909090909091
1028,15,5,0.3,T2 Only,0.7333333333333333,0.5714285714285714,0.8,0.6666666666666666,4,7,3,1,0.8272727272727273
1028,15,5,0.3,T3 Only,0.5333333333333333,0.4,0.8,0.5333333333333333,4,4,6,1,0.759090909090909
1028,15,5,0.3,T4 Only,1.0,1.0,1.0,1.0,5,10,0,0,0.8818181818181818
1028,15,5,0.3,T5 Only,0.8666666666666667,0.7142857142857143,1.0,0.8333333333333333,5,8,2,0,0.8409090909090909
1029,15,5,0.3,MTIM (full),1.0,1.0,1.0,1.0,5,10,0,0,0.9136363636363637
1029,15,5,0.3,w/o Cross-factor Checking,0.9333333333333333,0.8333333333333334,1.0,0.9090909090909091,5,9,1,0,0.9181818181818182
1029,15,5,0.3,w/o Bayesian Aggregation,0.8666666666666667,1.0,0.6,0.7499999999999999,3,10,0,2,0.7863636363636364
1029,15,5,0.3,w/o Temporal Decay,0.8,1.0,0.4,0.5714285714285715,2,10,0,3,0.759090909090909
1029,15,5,0.3,w/o Adaptive Policy,0.8666666666666667,1.0,0.6,0.7499999999999999,3,10,0,2,0.7818181818181819
1029,15,5,0.3,w/o Incentive Mechanism,1.0,1.0,1.0,1.0,5,10,0,0,0.8236363636363637
1029,15,5,0.3,T1 Only,0.8,0.6666666666666666,0.8,0.7272727272727272,4,8,2,1,0.8454545454545455
1029,15,5,0.3,T2 Only,0.6,0.42857142857142855,0.6,0.5,3,6,4,2,0.7454545454545455
1029,15,5,0.3,T3 Only,0.4666666666666667,0.36363636363636365,0.8,0.5000000000000001,4,3,7,1,0.7
1029,15,5,0.3,T4 Only,0.9333333333333333,1.0,0.8,0.888888888888889,4,10,0,1,0.8090909090909091
1029,15,5,0.3,T5 Only,0.8666666666666667,0.8,0.8,0.8000000000000002,4,9,1,1,0.8136363636363636
1030,15,5,0.3,MTIM (full),1.0,1.0,1.0,1.0,5,10,0,0,0.9318181818181818
1030,15,5,0.3,w/o Cross-factor Checking,1.0,1.0,1.0,1.0,5,10,0,0,0.9318181818181818
1030,15,5,0.3,w/o Bayesian Aggregation,0.8,1.0,0.4,0.5714285714285715,2,10,0,3,0.8272727272727273
1030,15,5,0.3,w/o Temporal Decay,0.8,1.0,0.4,0.5714285714285715,2,10,0,3,0.8227272727272728
1030,15,5,0.3,w/o Adaptive Policy,0.8,1.0,0.4,0.5714285714285715,2,10,0,3,0.8090909090909091
1030,15,5,0.3,w/o Incentive Mechanism,1.0,1.0,1.0,1.0,5,10,0,0,0.8418181818181818
1030,15,5,0.3,T1 Only,0.9333333333333333,1.0,0.8,0.888888888888889,4,10,0,1,0.8136363636363636
1030,15,5,0.3,T2 Only,0.6,0.42857142857142855,0.6,0.5,3,6,4,2,0.7045454545454546
1030,15,5,0.3,T3 Only,0.6666666666666666,0.5,1.0,0.6666666666666666,5,5,5,0,0.8090909090909091
1030,15,5,0.3,T4 Only,0.9333333333333333,0.8333333333333334,1.0,0.9090909090909091,5,9,1,0,0.8545454545454545
1030,15,5,0.3,T5 Only,1.0,1.0,1.0,1.0,5,10,0,0,0.8409090909090909
1031,15,5,0.3,MTIM (full),0.8,0.6666666666666666,0.8,0.7272727272727272,4,8,2,1,0.8863636363636364
1031,15,5,0.3,w/o Cross-factor Checking,0.8,0.6666666666666666,0.8,0.7272727272727272,4,8,2,1,0.8863636363636364
1031,15,5,0.3,w/o Bayesian Aggregation,0.8666666666666667,1.0,0.6,0.7499999999999999,3,10,0,2,0.8181818181818182
1031,15,5,0.3,w/o Temporal Decay,0.8,1.0,0.4,0.5714285714285715,2,10,0,3,0.8045454545454546
1031,15,5,0.3,w/o Adaptive Policy,0.7333333333333333,0.6666666666666666,0.4,0.5,2,9,1,3,0.7772727272727272
1031,15,5,0.3,w/o Incentive Mechanism,0.8,0.6666666666666666,0.8,0.7272727272727272,4,8,2,1,0.7963636363636364
1031,15,5,0.3,T1 Only,0.6,0.4444444444444444,0.8,0.5714285714285714,4,5,5,1,0.7727272727272727
1031,15,5,0.3,T2 Only,0.6,0.42857142857142855,0.6,0.5,3,6,4,2,0.7636363636363637
1031,15,5,0.3,T3 Only,0.6,0.4,0.4,0.4000000000000001,2,7,3,3,0.7454545454545455
1031,15,5,0.3,T4 Only,0.7333333333333333,0.5714285714285714,0.8,0.6666666666666666,4,7,3,1,0.8090909090909091
1031,15,5,0.3,T5 Only,0.7333333333333333,0.5714285714285714,0.8,0.6666666666666666,4,7,3,1,0.8
1032,15,5,0.3,MTIM (full),1.0,1.0,1.0,1.0,5,10,0,0,0.9545454545454546
1032,15,5,0.3,w/o Cross-factor Checking,1.0,1.0,1.0,1.0,5,10,0,0,0.9545454545454546
1032,15,5,0.3,w/o Bayesian Aggregation,0.8,1.0,0.4,0.5714285714285715,2,10,0,3,0.8181818181818182
1032,15,5,0.3,w/o Temporal Decay,0.7333333333333333,1.0,0.2,0.33333333333333337,1,10,0,4,0.8227272727272728
1032,15,5,0.3,w/o Adaptive Policy,0.8,1.0,0.4,0.5714285714285715,2,10,0,3,0.8136363636363636
1032,15,5,0.3,w/o Incentive Mechanism,1.0,1.0,1.0,1.0,5,10,0,0,0.8645454545454546
1032,15,5,0.3,T1 Only,0.8,0.625,1.0,0.7692307692307693,5,7,3,0,0.7909090909090909
1032,15,5,0.3,T2 Only,0.5333333333333333,0.375,0.6,0.4615384615384615,3,5,5,2,0.6818181818181818
1032,15,5,0.3,T3 Only,0.6,0.4444444444444444,0.8,0.5714285714285714,4,5,5,1,0.7227272727272728
1032,15,5,0.3,T4 Only,0.8666666666666667,0.8,0.8,0.8000000000000002,4,9,1,1,0.7863636363636364
1032,15,5,0.3,T5 Only,0.9333333333333333,0.8333333333333334,1.0,0.9090909090909091,5,9,1,0,0.8
1033,15,5,0.3,MTIM (full),1.0,1.0,1.0,1.0,5,10,0,0,0.9272727272727272
1033,15,5,0.3,w/o Cross-factor Checking,1.0,1.0,1.0,1.0,5,10,0,0,0.9318181818181818
1033,15,5,0.3,w/o Bayesian Aggregation,0.7333333333333333,1.0,0.2,0.33333333333333337,1,10,0,4,0.759090909090909
1033,15,5,0.3,w/o Temporal Decay,0.7333333333333333,1.0,0.2,0.33333333333333337,1,10,0,4,0.7636363636363637
1033,15,5,0.3,w/o Adaptive Policy,0.8,1.0,0.4,0.5714285714285715,2,10,0,3,0.8
1033,15,5,0.3,w/o Incentive Mechanism,1.0,1.0,1.0,1.0,5,10,0,0,0.8372727272727273
1033,15,5,0.3,T1 Only,0.8,0.625,1.0,0.7692307692307693,5,7,3,0,0.8863636363636364
1033,15,5,0.3,T2 Only,0.4666666666666667,0.2857142857142857,0.4,0.3333333333333333,2,5,5,3,0.7227272727272728
1033,15,5,0.3,T3 Only,0.4666666666666667,0.36363636363636365,0.8,0.5000000000000001,4,3,7,1,0.8
1033,15,5,0.3,T4 Only,0.8,0.6666666666666666,0.8,0.7272727272727272,4,8,2,1,0.8318181818181818
1033,15,5,0.3,T5 Only,1.0,1.0,1.0,1.0,5,10,0,0,0.8909090909090909
1034,15,5,0.3,MTIM (full),1.0,1.0,1.0,1.0,5,10,0,0,0.9363636363636364
1034,15,5,0.3,w/o Cross-factor Checking,1.0,1.0,1.0,1.0,5,10,0,0,0.9318181818181818
1034,15,5,0.3,w/o Bayesian Aggregation,0.9333333333333333,1.0,0.8,0.888888888888889,4,10,0,1,0.8681818181818182
1034,15,5,0.3,w/o Temporal Decay,0.8,1.0,0.4,0.5714285714285715,2,10,0,3,0.8227272727272728
1034,15,5,0.3,w/o Adaptive Policy,0.9333333333333333,1.0,0.8,0.888888888888889,4,10,0,1,0.8681818181818182
1034,15,5,0.3,w/o Incentive Mechanism,1.0,1.0,1.0,1.0,5,10,0,0,0.8463636363636364
1034,15,5,0.3,T1 Only,1.0,1.0,1.0,1.0,5,10,0,0,0.8454545454545455
1034,15,5,0.3,T2 Only,0.8666666666666667,0.7142857142857143,1.0,0.8333333333333333,5,8,2,0,0.8409090909090909
1034,15,5,0.3,T3 Only,0.3333333333333333,0.2727272727272727,0.6,0.37499999999999994,3,2,8,2,0.6590909090909091
1034,15,5,0.3,T4 Only,1.0,1.0,1.0,1.0,5,10,0,0,0.8772727272727273
1034,15,5,0.3,T5 Only,1.0,1.0,1.0,1.0,5,10,0,0,0.8545454545454545
1035,15,5,0.3,MTIM (full),0.9333333333333333,0.8333333333333334,1.0,0.9090909090909091,5,9,1,0,0.9454545454545454
1035,15,5,0.3,w/o Cross-factor Checking,0.8666666666666667,0.8,0.8,0.8000000000000002,4,9,1,1,0.8772727272727273
1035,15,5,0.3,w/o Bayesian Aggregation,0.8,0.75,0.6,0.6666666666666665,3,9,1,2,0.8409090909090909
1035,15,5,0.3,w/o Temporal Decay,0.8666666666666667,1.0,0.6,0.7499999999999999,3,10,0,2,0.8590909090909091
1035,15,5,0.3,w/o Adaptive Policy,0.8,0.75,0.6,0.6666666666666665,3,9,1,2,0.8363636363636363
1035,15,5,0.3,w/o Incentive Mechanism,0.9333333333333333,0.8333333333333334,1.0,0.9090909090909091,5,9,1,0,0.850909090909091
1035,15,5,0.3,T1 Only,0.8666666666666667,0.7142857142857143,1.0,0.8333333333333333,5,8,2,0,0.7954545454545454
1035,15,5,0.3,T2 Only,0.6,0.42857142857142855,0.6,0.5,3,6,4,2,0.7363636363636363
1035,15,5,0.3,T3 Only,0.6,0.42857142857142855,0.6,0.5,3,6,4,2,0.6409090909090909
1035,15,5,0.3,T4 Only,0.8,0.6666666666666666,0.8,0.7272727272727272,4,8,2,1,0.7772727272727272
1035,15,5,0.3,T5 Only,0.7333333333333333,0.5714285714285714,0.8,0.6666666666666666,4,7,3,1,0.7636363636363637
1036,15,5,0.3,MTIM (full),1.0,1.0,1.0,1.0,5,10,0,0,0.95
1036,15,5,0.3,w/o Cross-factor Checking,0.9333333333333333,1.0,0.8,0.888888888888889,4,10,0,1,0.8954545454545455
1036,15,5,0.3,w/o Bayesian Aggregation,0.8,1.0,0.4,0.5714285714285715,2,10,0,3,0.8272727272727273
1036,15,5,0.3,w/o Temporal Decay,0.8,1.0,0.4,0.5714285714285715,2,10,0,3,0.8363636363636363
1036,15,5,0.3,w/o Adaptive Policy,0.8,1.0,0.4,0.5714285714285715,2,10,0,3,0.8227272727272728
1036,15,5,0.3,w/o Incentive Mechanism,1.0,1.0,1.0,1.0,5,10,0,0,0.86
1036,15,5,0.3,T1 Only,0.8666666666666667,0.8,0.8,0.8000000000000002,4,9,1,1,0.8409090909090909
1036,15,5,0.3,T2 Only,0.5333333333333333,0.3333333333333333,0.4,0.3636363636363636,2,6,4,3,0.7363636363636363
1036,15,5,0.3,T3 Only,0.5333333333333333,0.375,0.6,0.4615384615384615,3,5,5,2,0.7272727272727273
1036,15,5,0.3,T4 Only,0.9333333333333333,0.8333333333333334,1.0,0.9090909090909091,5,9,1,0,0.8772727272727273
1036,15,5,0.3,T5 Only,0.8666666666666667,0.7142857142857143,1.0,0.8333333333333333,5,8,2,0,0.8363636363636363
1037,15,5,0.3,MTIM (full),1.0,1.0,1.0,1.0,5,10,0,0,0.9272727272727272
1037,15,5,0.3,w/o Cross-factor Checking,0.8666666666666667,1.0,0.6,0.7499999999999999,3,10,0,2,0.85
1037,15,5,0.3,w/o Bayesian Aggregation,0.8666666666666667,1.0,0.6,0.7499999999999999,3,10,0,2,0.8045454545454546
1037,15,5,0.3,w/o Temporal Decay,0.8,1.0,0.4,0.5714285714285715,2,10,0,3,0.7954545454545454
1037,15,5,0.3,w/o Adaptive Policy,0.8666666666666667,1.0,0.6,0.7499999999999999,3,10,0,2,0.7909090909090909
1037,15,5,0.3,w/o Incentive Mechanism,1.0,1.0,1.0,1.0,5,10,0,0,0.8372727272727273
1037,15,5,0.3,T1 Only,0.8,0.6666666666666666,0.8,0.7272727272727272,4,8,2,1,0.8409090909090909
1037,15,5,0.3,T2 Only,0.7333333333333333,0.5714285714285714,0.8,0.6666666666666666,4,7,3,1,0.8
1037,15,5,0.3,T3 Only,0.3333333333333333,0.2727272727272727,0.6,0.37499999999999994,3,2,8,2,0.6454545454545455
1037,15,5,0.3,T4 Only,0.6666666666666666,0.5,0.6,0.5454545454545454,3,7,3,2,0.7909090909090909
1037,15,5,0.3,T5 Only,0.8,0.6666666666666666,0.8,0.7272727272727272,4,8,2,1,0.8227272727272728
1038,15,5,0.3,MTIM (full),1.0,1.0,1.0,1.0,5,10,0,0,0.9272727272727272
1038,15,5,0.3,w/o Cross-factor Checking,1.0,1.0,1.0,1.0,5,10,0,0,0.9272727272727272
1038,15,5,0.3,w/o Bayesian Aggregation,0.8,1.0,0.4,0.5714285714285715,2,10,0,3,0.8454545454545455
1038,15,5,0.3,w/o Temporal Decay,0.8,1.0,0.4,0.5714285714285715,2,10,0,3,0.8454545454545455
1038,15,5,0.3,w/o Adaptive Policy,0.8,1.0,0.4,0.5714285714285715,2,10,0,3,0.8318181818181818
1038,15,5,0.3,w/o Incentive Mechanism,1.0,1.0,1.0,1.0,5,10,0,0,0.8372727272727273
1038,15,5,0.3,T1 Only,0.8666666666666667,0.7142857142857143,1.0,0.8333333333333333,5,8,2,0,0.8863636363636364
1038,15,5,0.3,T2 Only,0.6666666666666666,0.5,0.6,0.5454545454545454,3,7,3,2,0.7772727272727272
1038,15,5,0.3,T3 Only,0.6,0.4444444444444444,0.8,0.5714285714285714,4,5,5,1,0.7545454545454545
1038,15,5,0.3,T4 Only,0.8666666666666667,0.8,0.8,0.8000000000000002,4,9,1,1,0.8181818181818182
1038,15,5,0.3,T5 Only,0.9333333333333333,0.8333333333333334,1.0,0.9090909090909091,5,9,1,0,0.8681818181818182
1039,15,5,0.3,MTIM (full),0.9333333333333333,1.0,0.8,0.888888888888889,4,10,0,1,0.8636363636363636
1039,15,5,0.3,w/o Cross-factor Checking,0.8666666666666667,0.8,0.8,0.8000000000000002,4,9,1,1,0.8454545454545455
1039,15,5,0.3,w/o Bayesian Aggregation,0.8666666666666667,0.8,0.8,0.8000000000000002,4,9,1,1,0.85
1039,15,5,0.3,w/o Temporal Decay,0.8666666666666667,1.0,0.6,0.7499999999999999,3,10,0,2,0.8045454545454546
1039,15,5,0.3,w/o Adaptive Policy,0.8,0.75,0.6,0.6666666666666665,3,9,1,2,0.8136363636363636
1039,15,5,0.3,w/o Incentive Mechanism,0.9333333333333333,1.0,0.8,0.888888888888889,4,10,0,1,0.7736363636363637
1039,15,5,0.3,T1 Only,0.8,0.6666666666666666,0.8,0.7272727272727272,4,8,2,1,0.8863636363636364
1039,15,5,0.3,T2 Only,0.5333333333333333,0.3333333333333333,0.4,0.3636363636363636,2,6,4,3,0.759090909090909
1039,15,5,0.3,T3 Only,0.6,0.45454545454545453,1.0,0.625,5,4,6,0,0.8
1039,15,5,0.3,T4 Only,0.7333333333333333,0.5714285714285714,0.8,0.6666666666666666,4,7,3,1,0.8863636363636364
1039,15,5,0.3,T5 Only,0.9333333333333333,0.8333333333333334,1.0,0.9090909090909091,5,9,1,0,0.85
1040,15,5,0.3,MTIM (full),0.9333333333333333,0.8333333333333334,1.0,0.9090909090909091,5,9,1,0,0.9181818181818182
1040,15,5,0.3,w/o Cross-factor Checking,1.0,1.0,1.0,1.0,5,10,0,0,0.9136363636363637
1040,15,5,0.3,w/o Bayesian Aggregation,0.8666666666666667,1.0,0.6,0.7499999999999999,3,10,0,2,0.8272727272727273
1040,15,5,0.3,w/o Temporal Decay,0.8,1.0,0.4,0.5714285714285715,2,10,0,3,0.8
1040,15,5,0.3,w/o Adaptive Policy,0.7333333333333333,0.6666666666666666,0.4,0.5,2,9,1,3,0.7454545454545455
1040,15,5,0.3,w/o Incentive Mechanism,0.9333333333333333,0.8333333333333334,1.0,0.9090909090909091,5,9,1,0,0.8281818181818182
1040,15,5,0.3,T1 Only,0.8666666666666667,0.8,0.8,0.8000000000000002,4,9,1,1,0.8227272727272728
1040,15,5,0.3,T2 Only,0.6,0.42857142857142855,0.6,0.5,3,6,4,2,0.7227272727272728
1040,15,5,0.3,T3 Only,0.6,0.4444444444444444,0.8,0.5714285714285714,4,5,5,1,0.8272727272727273
1040,15,5,0.3,T4 Only,0.8,0.6666666666666666,0.8,0.7272727272727272,4,8,2,1,0.8318181818181818
1040,15,5,0.3,T5 Only,0.7333333333333333,0.5714285714285714,0.8,0.6666666666666666,4,7,3,1,0.8045454545454546
1041,15,5,0.3,MTIM (full),0.9333333333333333,1.0,0.8,0.888888888888889,4,10,0,1,0.8772727272727273
1041,15,5,0.3,w/o Cross-factor Checking,0.9333333333333333,1.0,0.8,0.888888888888889,4,10,0,1,0.8772727272727273
1041,15,5,0.3,w/o Bayesian Aggregation,0.8666666666666667,1.0,0.6,0.7499999999999999,3,10,0,2,0.8318181818181818
1041,15,5,0.3,w/o Temporal Decay,0.8666666666666667,1.0,0.6,0.7499999999999999,3,10,0,2,0.8318181818181818
1041,15,5,0.3,w/o Adaptive Policy,0.8666666666666667,1.0,0.6,0.7499999999999999,3,10,0,2,0.8227272727272728
1041,15,5,0.3,w/o Incentive Mechanism,0.9333333333333333,1.0,0.8,0.888888888888889,4,10,0,1,0.7872727272727273
1041,15,5,0.3,T1 Only,0.9333333333333333,1.0,0.8,0.888888888888889,4,10,0,1,0.8727272727272727
1041,15,5,0.3,T2 Only,0.6666666666666666,0.5,0.6,0.5454545454545454,3,7,3,2,0.7727272727272727
1041,15,5,0.3,T3 Only,0.4666666666666667,0.3333333333333333,0.6,0.42857142857142855,3,4,6,2,0.7363636363636363
1041,15,5,0.3,T4 Only,0.8666666666666667,0.8,0.8,0.8000000000000002,4,9,1,1,0.8545454545454545
1041,15,5,0.3,T5 Only,0.8,0.6666666666666666,0.8,0.7272727272727272,4,8,2,1,0.8363636363636363
1042,15,5,0.3,MTIM (full),0.9333333333333333,0.8333333333333334,1.0,0.9090909090909091,5,9,1,0,0.9227272727272727
1042,15,5,0.3,w/o Cross-factor Checking,1.0,1.0,1.0,1.0,5,10,0,0,0.9272727272727272
1042,15,5,0.3,w/o Bayesian Aggregation,0.8666666666666667,1.0,0.6,0.7499999999999999,3,10,0,2,0.8363636363636363
1042,15,5,0.3,w/o Temporal Decay,0.8666666666666667,1.0,0.6,0.7499999999999999,3,10,0,2,0.8272727272727273
1042,15,5,0.3,w/o Adaptive Policy,0.8666666666666667,1.0,0.6,0.7499999999999999,3,10,0,2,0.8181818181818182
1042,15,5,0.3,w/o Incentive Mechanism,0.9333333333333333,0.8333333333333334,1.0,0.9090909090909091,5,9,1,0,0.8327272727272728
1042,15,5,0.3,T1 Only,1.0,1.0,1.0,1.0,5,10,0,0,0.8590909090909091
1042,15,5,0.3,T2 Only,0.6666666666666666,0.5,0.6,0.5454545454545454,3,7,3,2,0.8136363636363636
1042,15,5,0.3,T3 Only,0.7333333333333333,0.5555555555555556,1.0,0.7142857142857143,5,6,4,0,0.8409090909090909
1042,15,5,0.3,T4 Only,0.8666666666666667,0.7142857142857143,1.0,0.8333333333333333,5,8,2,0,0.8954545454545455
1042,15,5,0.3,T5 Only,0.9333333333333333,0.8333333333333334,1.0,0.9090909090909091,5,9,1,0,0.8727272727272727
1043,15,5,0.3,MTIM (full),0.9333333333333333,0.8333333333333334,1.0,0.9090909090909091,5,9,1,0,0.9272727272727272
1043,15,5,0.3,w/o Cross-factor Checking,0.8666666666666667,0.7142857142857143,1.0,0.8333333333333333,5,8,2,0,0.9272727272727272
1043,15,5,0.3,w/o Bayesian Aggregation,0.9333333333333333,1.0,0.8,0.888888888888889,4,10,0,1,0.8727272727272727
1043,15,5,0.3,w/o Temporal Decay,0.8666666666666667,1.0,0.6,0.7499999999999999,3,10,0,2,0.8454545454545455
1043,15,5,0.3,w/o Adaptive Policy,0.8666666666666667,0.8,0.8,0.8000000000000002,4,9,1,1,0.8409090909090909
1043,15,5,0.3,w/o Incentive Mechanism,0.9333333333333333,0.8333333333333334,1.0,0.9090909090909091,5,9,1,0,0.8372727272727273
1043,15,5,0.3,T1 Only,0.9333333333333333,0.8333333333333334,1.0,0.9090909090909091,5,9,1,0,0.8636363636363636
1043,15,5,0.3,T2 Only,0.6,0.42857142857142855,0.6,0.5,3,6,4,2,0.740909090909091
1043,15,5,0.3,T3 Only,0.6,0.45454545454545453,1.0,0.625,5,4,6,0,0.8181818181818182
1043,15,5,0.3,T4 Only,0.8,0.625,1.0,0.7692307692307693,5,7,3,0,0.85
1043,15,5,0.3,T5 Only,0.9333333333333333,0.8333333333333334,1.0,0.9090909090909091,5,9,1,0,0.8545454545454545
1044,15,5,0.3,MTIM (full),1.0,1.0,1.0,1.0,5,10,0,0,0.9045454545454545
1044,15,5,0.3,w/o Cross-factor Checking,0.9333333333333333,1.0,0.8,0.888888888888889,4,10,0,1,0.8318181818181818
1044,15,5,0.3,w/o Bayesian Aggregation,0.8,1.0,0.4,0.5714285714285715,2,10,0,3,0.75
1044,15,5,0.3,w/o Temporal Decay,0.7333333333333333,1.0,0.2,0.33333333333333337,1,10,0,4,0.7363636363636363
1044,15,5,0.3,w/o Adaptive Policy,0.6666666666666666,0.5,0.2,0.28571428571428575,1,9,1,4,0.7272727272727273
1044,15,5,0.3,w/o Incentive Mechanism,1.0,1.0,1.0,1.0,5,10,0,0,0.8145454545454546
1044,15,5,0.3,T1 Only,0.8,0.6666666666666666,0.8,0.7272727272727272,4,8,2,1,0.8545454545454545
1044,15,5,0.3,T2 Only,0.6,0.42857142857142855,0.6,0.5,3,6,4,2,0.8045454545454546
1044,15,5,0.3,T3 Only,0.4666666666666667,0.36363636363636365,0.8,0.5000000000000001,4,3,7,1,0.7818181818181819
1044,15,5,0.3,T4 Only,0.8666666666666667,0.8,0.8,0.8000000000000002,4,9,1,1,0.8636363636363636
1044,15,5,0.3,T5 Only,0.8666666666666667,0.7142857142857143,1.0,0.8333333333333333,5,8,2,0,0.8545454545454545
1045,15,5,0.3,MTIM (full),1.0,1.0,1.0,1.0,5,10,0,0,0.9681818181818181
1045,15,5,0.3,w/o Cross-factor Checking,0.9333333333333333,0.8333333333333334,1.0,0.9090909090909091,5,9,1,0,0.9681818181818181
1045,15,5,0.3,w/o Bayesian Aggregation,0.8666666666666667,1.0,0.6,0.7499999999999999,3,10,0,2,0.8363636363636363
1045,15,5,0.3,w/o Temporal Decay,0.8,1.0,0.4,0.5714285714285715,2,10,0,3,0.8318181818181818
1045,15,5,0.3,w/o Adaptive Policy,0.8666666666666667,1.0,0.6,0.7499999999999999,3,10,0,2,0.8272727272727273
1045,15,5,0.3,w/o Incentive Mechanism,1.0,1.0,1.0,1.0,5,10,0,0,0.8781818181818182
1045,15,5,0.3,T1 Only,0.7333333333333333,0.5714285714285714,0.8,0.6666666666666666,4,7,3,1,0.8181818181818182
1045,15,5,0.3,T2 Only,0.7333333333333333,0.6,0.6,0.6,3,8,2,2,0.7181818181818181
1045,15,5,0.3,T3 Only,0.6666666666666666,0.5,0.8,0.6153846153846154,4,6,4,1,0.7636363636363637
1045,15,5,0.3,T4 Only,0.8,0.625,1.0,0.7692307692307693,5,7,3,0,0.8545454545454545
1045,15,5,0.3,T5 Only,0.9333333333333333,0.8333333333333334,1.0,0.9090909090909091,5,9,1,0,0.85
1046,15,5,0.3,MTIM (full),1.0,1.0,1.0,1.0,5,10,0,0,0.8954545454545455
1046,15,5,0.3,w/o Cross-factor Checking,0.9333333333333333,1.0,0.8,0.888888888888889,4,10,0,1,0.8272727272727273
1046,15,5,0.3,w/o Bayesian Aggregation,0.8666666666666667,1.0,0.6,0.7499999999999999,3,10,0,2,0.7636363636363637
1046,15,5,0.3,w/o Temporal Decay,0.8666666666666667,1.0,0.6,0.7499999999999999,3,10,0,2,0.759090909090909
1046,15,5,0.3,w/o Adaptive Policy,0.8,0.75,0.6,0.6666666666666665,3,9,1,2,0.75
1046,15,5,0.3,w/o Incentive Mechanism,1.0,1.0,1.0,1.0,5,10,0,0,0.8054545454545455
1046,15,5,0.3,T1 Only,0.6666666666666666,0.5,0.6,0.5454545454545454,3,7,3,2,0.8045454545454546
1046,15,5,0.3,T2 Only,0.4,0.3333333333333333,0.8,0.47058823529411764,4,2,8,1,0.6772727272727272
1046,15,5,0.3,T3 Only,0.3333333333333333,0.2727272727272727,0.6,0.37499999999999994,3,2,8,2,0.6590909090909091
1046,15,5,0.3,T4 Only,0.8666666666666667,0.8,0.8,0.8000000000000002,4,9,1,1,0.8136363636363636
1046,15,5,0.3,T5 Only,0.6666666666666666,0.5,0.8,0.6153846153846154,4,6,4,1,0.7772727272727272
1047,15,5,0.3,MTIM (full),1.0,1.0,1.0,1.0,5,10,0,0,0.9090909090909091
1047,15,5,0.3,w/o Cross-factor Checking,0.8666666666666667,0.8,0.8,0.8000000000000002,4,9,1,1,0.8818181818181818
1047,15,5,0.3,w/o Bayesian Aggregation,0.8666666666666667,0.8,0.8,0.8000000000000002,4,9,1,1,0.8363636363636363
1047,15,5,0.3,w/o Temporal Decay,0.8666666666666667,1.0,0.6,0.7499999999999999,3,10,0,2,0.8409090909090909
1047,15,5,0.3,w/o Adaptive Policy,0.8666666666666667,0.8,0.8,0.8000000000000002,4,9,1,1,0.8409090909090909
1047,15,5,0.3,w/o Incentive Mechanism,1.0,1.0,1.0,1.0,5,10,0,0,0.8190909090909091
1047,15,5,0.3,T1 Only,0.7333333333333333,0.5555555555555556,1.0,0.7142857142857143,5,6,4,0,0.8409090909090909
1047,15,5,0.3,T2 Only,0.5333333333333333,0.4,0.8,0.5333333333333333,4,4,6,1,0.7636363636363637
1047,15,5,0.3,T3 Only,0.6,0.4444444444444444,0.8,0.5714285714285714,4,5,5,1,0.759090909090909
1047,15,5,0.3,T4 Only,0.8,0.6666666666666666,0.8,0.7272727272727272,4,8,2,1,0.8272727272727273
1047,15,5,0.3,T5 Only,0.8666666666666667,0.7142857142857143,1.0,0.8333333333333333,5,8,2,0,0.8409090909090909
1048,15,5,0.3,MTIM (full),0.9333333333333333,1.0,0.8,0.888888888888889,4,10,0,1,0.8454545454545455
1048,15,5,0.3,w/o Cross-factor Checking,0.9333333333333333,1.0,0.8,0.888888888888889,4,10,0,1,0.8681818181818182
1048,15,5,0.3,w/o Bayesian Aggregation,0.8666666666666667,1.0,0.6,0.7499999999999999,3,10,0,2,0.8409090909090909
1048,15,5,0.3,w/o Temporal Decay,0.7333333333333333,1.0,0.2,0.33333333333333337,1,10,0,4,0.7863636363636364
1048,15,5,0.3,w/o Adaptive Policy,0.8,0.75,0.6,0.6666666666666665,3,9,1,2,0.8136363636363636
1048,15,5,0.3,w/o Incentive Mechanism,0.9333333333333333,1.0,0.8,0.888888888888889,4,10,0,1,0.7554545454545455
1048,15,5,0.3,T1 Only,0.8,0.625,1.0,0.7692307692307693,5,7,3,0,0.85
1048,15,5,0.3,T2 Only,0.5333333333333333,0.3333333333333333,0.4,0.3636363636363636,2,6,4,3,0.6954545454545454
1048,15,5,0.3,T3 Only,0.5333333333333333,0.4,0.8,0.5333333333333333,4,4,6,1,0.7272727272727273
1048,15,5,0.3,T4 Only,0.8666666666666667,0.8,0.8,0.8000000000000002,4,9,1,1,0.8
1048,15,5,0.3,T5 Only,0.8,0.625,1.0,0.7692307692307693,5,7,3,0,0.8227272727272728
1049,15,5,0.3,MTIM (full),1.0,1.0,1.0,1.0,5,10,0,0,0.9181818181818182
1049,15,5,0.3,w/o Cross-factor Checking,1.0,1.0,1.0,1.0,5,10,0,0,0.9136363636363637
1049,15,5,0.3,w/o Bayesian Aggregation,0.9333333333333333,1.0,0.8,0.888888888888889,4,10,0,1,0.8636363636363636
1049,15,5,0.3,w/o Temporal Decay,0.9333333333333333,1.0,0.8,0.888888888888889,4,10,0,1,0.8636363636363636
1049,15,5,0.3,w/o Adaptive Policy,0.9333333333333333,1.0,0.8,0.888888888888889,4,10,0,1,0.8590909090909091
1049,15,5,0.3,w/o Incentive Mechanism,1.0,1.0,1.0,1.0,5,10,0,0,0.8236363636363637
1049,15,5,0.3,T1 Only,0.8666666666666667,0.8,0.8,0.8000000000000002,4,9,1,1,0.8272727272727273
1049,15,5,0.3,T2 Only,0.6666666666666666,0.5,0.8,0.6153846153846154,4,6,4,1,0.7681818181818182
1049,15,5,0.3,T3 Only,0.4,0.3333333333333333,0.8,0.47058823529411764,4,2,8,1,0.7045454545454546
1049,15,5,0.3,T4 Only,0.9333333333333333,0.8333333333333334,1.0,0.9090909090909091,5,9,1,0,0.8636363636363636
1049,15,5,0.3,T5 Only,0.9333333333333333,0.8333333333333334,1.0,0.9090909090909091,5,9,1,0,0.8454545454545455
