scenario,seed,n_uavs,n_agents,malicious_ratio,method,accuracy,precision,recall,f_score,tp,tn,fp,fn,tsr,comm_overhead_kb_uav,eval_time_ms
scalability,1000,5,2,0.3,MFA,0.8,1.0,0.5,0.6666666666666666,1,3,0,1,0.7,9.62259193211586,8.942331651852506
scalability,1000,5,2,0.3,FUBA,1.0,1.0,1.0,1.0,2,3,0,0,0.8909090909090909,13.539405749272456,19.9165417535297
scalability,1000,5,2,0.3,GALTrust,0.6,0.0,0.0,0.0,0,3,0,2,0.6772727272727272,29.301121163573562,38.886408338323285
scalability,1000,5,2,0.3,GDM-DTM,0.6,0.0,0.0,0.0,0,3,0,2,0.65,19.610482865752676,19.245869996725087
scalability,1000,5,2,0.3,LR-Trust,0.6,0.5,0.5,0.5,1,2,1,1,0.8136363636363636,22.029688330773926,25.34675760023555
scalability,1000,5,2,0.3,MLP-Trust,1.0,1.0,1.0,1.0,2,3,0,0,0.9272727272727272,23.871545838577823,33.863558646841135
scalability,1000,5,2,0.3,MTIM,1.0,1.0,1.0,1.0,2,3,0,0,0.9409090909090909,26.99899640613021,36.78325482206308
scalability,1001,5,2,0.3,MFA,0.6,0.5,1.0,0.6666666666666666,2,1,2,0,0.8181818181818182,10.784802653393973,2.309638980379325
scalability,1001,5,2,0.3,FUBA,0.6,0.5,0.5,0.5,1,2,1,1,0.7636363636363637,12.427532975835565,15.380914074275367
scalability,1001,5,2,0.3,GALTrust,0.8,1.0,0.5,0.6666666666666666,1,3,0,1,0.7681818181818182,29.031946933853817,40.25880519238555
scalability,1001,5,2,0.3,GDM-DTM,1.0,1.0,1.0,1.0,2,3,0,0,0.8454545454545455,18.9123146413779,15.271569698675231
scalability,1001,5,2,0.3,LR-Trust,0.8,0.6666666666666666,1.0,0.8,2,2,1,0,0.8863636363636364,18.88796697306348,16.26510480845204
scalability,1001,5,2,0.3,MLP-Trust,1.0,1.0,1.0,1.0,2,3,0,0,0.8954545454545455,22.089632353782157,36.7381253891415
scalability,1001,5,2,0.3,MTIM,1.0,1.0,1.0,1.0,2,3,0,0,0.9227272727272727,24.89939666123508,33.36925269322159
scalability,1002,5,2,0.3,MFA,0.6,0.5,1.0,0.6666666666666666,2,1,2,0,0.8045454545454546,6.251418851931389,13.194994443633824
scalability,1002,5,2,0.3,FUBA,1.0,1.0,1.0,1.0,2,3,0,0,0.8545454545454545,15.033835760872245,12.772647349799051
scalability,1002,5,2,0.3,GALTrust,0.8,1.0,0.5,0.6666666666666666,1,3,0,1,0.7,31.124820588232502,36.438626299792034
scalability,1002,5,2,0.3,GDM-DTM,0.8,0.6666666666666666,1.0,0.8,2,2,1,0,0.8090909090909091,18.218954110120848,25.057763945726247
scalability,1002,5,2,0.3,LR-Trust,0.8,1.0,0.5,0.6666666666666666,1,3,0,1,0.8636363636363636,18.679005164347707,23.98565771263749
scalability,1002,5,2,0.3,MLP-Trust,1.0,1.0,1.0,1.0,2,3,0,0,0.9090909090909091,20.56640601585644,30.94045558027024
scalability,1002,5,2,0.3,MTIM,1.0,1.0,1.0,1.0,2,3,0,0,0.9181818181818182,29.79452515684365,36.084622900314066
scalability,1003,5,2,0.3,MFA,0.8,1.0,0.5,0.6666666666666666,1,3,0,1,0.7181818181818181,8.88575027825154,7.643400241434976
scalability,1003,5,2,0.3,FUBA,0.6,0.0,0.0,0.0,0,3,0,2,0.7272727272727273,18.214319970500576,11.523839814601565
scalability,1003,5,2,0.3,GALTrust,0.6,0.0,0.0,0.0,0,3,0,2,0.6954545454545454,28.633023373893217,40.138449399478624
scalability,1003,5,2,0.3,GDM-DTM,0.8,1.0,0.5,0.6666666666666666,1,3,0,1,0.7363636363636363,17.28332495968593,24.730441212572277
scalability,1003,5,2,0.3,LR-Trust,0.8,1.0,0.5,0.6666666666666666,1,3,0,1,0.8318181818181818,19.12697920765153,18.289515292069453
scalability,1003,5,2,0.3,MLP-Trust,0.8,1.0,0.5,0.6666666666666666,1,3,0,1,0.7818181818181819,24.87378859783701,32.59622533595608
scalability,1003,5,2,0.3,MTIM,1.0,1.0,1.0,1.0,2,3,0,0,0.9181818181818182,26.176767913678894,34.51415740301815
scalability,1004,5,2,0.3,MFA,0.6,0.5,0.5,0.5,1,2,1,1,0.6772727272727272,10.996343854906925,7.492614889099407
scalability,1004,5,2,0.3,FUBA,0.6,0.5,1.0,0.6666666666666666,2,1,2,0,0.7909090909090909,17.096854708022082,10.329381289433336
scalability,1004,5,2,0.3,GALTrust,0.6,0.0,0.0,0.0,0,3,0,2,0.6863636363636364,30.76856581444578,41.884519378142784
scalability,1004,5,2,0.3,GDM-DTM,0.8,0.6666666666666666,1.0,0.8,2,2,1,0,0.8636363636363636,19.85510226342161,17.94767305366551
scalability,1004,5,2,0.3,LR-Trust,0.8,0.6666666666666666,1.0,0.8,2,2,1,0,0.8863636363636364,20.084664571484733,22.842836323524875
scalability,1004,5,2,0.3,MLP-Trust,0.8,0.6666666666666666,1.0,0.8,2,2,1,0,0.8909090909090909,22.092468273168173,31.816759408866858
scalability,1004,5,2,0.3,MTIM,0.8,0.6666666666666666,1.0,0.8,2,2,1,0,0.9363636363636364,25.813191418928795,34.585835808247325
scalability,1005,5,2,0.3,MFA,0.8,1.0,0.5,0.6666666666666666,1,3,0,1,0.759090909090909,8.489129000819807,4.571225457126422
scalability,1005,5,2,0.3,FUBA,0.6,0.5,0.5,0.5,1,2,1,1,0.7136363636363636,18.160436504285418,13.767320541487557
scalability,1005,5,2,0.3,GALTrust,0.6,0.0,0.0,0.0,0,3,0,2,0.6909090909090909,28.492557383001493,34.45707008746219
scalability,1005,5,2,0.3,GDM-DTM,0.6,0.5,0.5,0.5,1,2,1,1,0.6727272727272727,17.366717042165675,24.749865896500722
scalability,1005,5,2,0.3,LR-Trust,0.8,0.6666666666666666,1.0,0.8,2,2,1,0,0.9136363636363637,16.812510965272505,18.436317199061932
scalability,1005,5,2,0.3,MLP-Trust,1.0,1.0,1.0,1.0,2,3,0,0,0.8727272727272727,23.182893116948176,31.331695088291386
scalability,1005,5,2,0.3,MTIM,1.0,1.0,1.0,1.0,2,3,0,0,0.9227272727272727,27.18549347232907,36.31392206695886
scalability,1006,5,2,0.3,MFA,0.4,0.0,0.0,0.0,0,2,1,2,0.6363636363636364,8.36534012513614,10.464776238419216
scalability,1006,5,2,0.3,FUBA,0.6,0.5,0.5,0.5,1,2,1,1,0.7363636363636363,14.432760370598002,9.761154898541275
scalability,1006,5,2,0.3,GALTrust,0.6,0.0,0.0,0.0,0,3,0,2,0.7,33.04015104348623,39.35548465993079
scalability,1006,5,2,0.3,GDM-DTM,0.8,0.6666666666666666,1.0,0.8,2,2,1,0,0.7909090909090909,17.244842956195036,15.400385885094494
scalability,1006,5,2,0.3,LR-Trust,0.6,0.5,0.5,0.5,1,2,1,1,0.85,15.986833081840869,27.4198602034495
scalability,1006,5,2,0.3,MLP-Trust,0.8,0.6666666666666666,1.0,0.8,2,2,1,0,0.8636363636363636,21.170460490975138,34.26602859999836
scalability,1006,5,2,0.3,MTIM,0.8,0.6666666666666666,1.0,0.8,2,2,1,0,0.9181818181818182,29.800209884055253,36.332301895078466
scalability,1007,5,2,0.3,MFA,0.6,0.5,0.5,0.5,1,2,1,1,0.6636363636363637,7.912619688915751,10.117403607134724
scalability,1007,5,2,0.3,FUBA,0.8,1.0,0.5,0.6666666666666666,1,3,0,1,0.7272727272727273,15.026801024696114,15.347357650670883
scalability,1007,5,2,0.3,GALTrust,0.6,0.0,0.0,0.0,0,3,0,2,0.7181818181818181,30.851944601663813,40.7469550321079
scalability,1007,5,2,0.3,GDM-DTM,1.0,1.0,1.0,1.0,2,3,0,0,0.8681818181818182,16.02209576954977,23.603410562424997
scalability,1007,5,2,0.3,LR-Trust,1.0,1.0,1.0,1.0,2,3,0,0,0.9045454545454545,19.69167508672946,22.929597444759768
scalability,1007,5,2,0.3,MLP-Trust,1.0,1.0,1.0,1.0,2,3,0,0,0.9090909090909091,23.1019147749445,39.34562744501901
scalability,1007,5,2,0.3,MTIM,1.0,1.0,1.0,1.0,2,3,0,0,0.9363636363636364,22.92039415911762,33.60471490379314
scalability,1008,5,2,0.3,MFA,1.0,1.0,1.0,1.0,2,3,0,0,0.8681818181818182,9.47400756492522,6.968586892025909
scalability,1008,5,2,0.3,FUBA,1.0,1.0,1.0,1.0,2,3,0,0,0.8772727272727273,12.695931444245833,19.358642075362436
scalability,1008,5,2,0.3,GALTrust,1.0,1.0,1.0,1.0,2,3,0,0,0.8954545454545455,25.766242826711085,29.7074835502521
scalability,1008,5,2,0.3,GDM-DTM,1.0,1.0,1.0,1.0,2,3,0,0,0.8681818181818182,16.825364371149114,19.516897845659827
scalability,1008,5,2,0.3,LR-Trust,1.0,1.0,1.0,1.0,2,3,0,0,0.9136363636363637,19.24513414160676,18.616274345690673
scalability,1008,5,2,0.3,MLP-Trust,1.0,1.0,1.0,1.0,2,3,0,0,0.8909090909090909,22.53047270068913,33.998981214250776
scalability,1008,5,2,0.3,MTIM,1.0,1.0,1.0,1.0,2,3,0,0,0.9090909090909091,26.79900421926062,30.110958796695652
scalability,1009,5,2,0.3,MFA,0.8,0.6666666666666666,1.0,0.8,2,2,1,0,0.8,9.353330251548536,6.861886458786316
scalability,1009,5,2,0.3,FUBA,0.6,0.5,0.5,0.5,1,2,1,1,0.7363636363636363,16.966386776118554,22.47316839779696
scalability,1009,5,2,0.3,GALTrust,0.6,0.0,0.0,0.0,0,3,0,2,0.7136363636363636,32.400079289098834,40.70814058494299
scalability,1009,5,2,0.3,GDM-DTM,0.8,1.0,0.5,0.6666666666666666,1,3,0,1,0.740909090909091,18.08746270997048,15.818992771200207
scalability,1009,5,2,0.3,LR-Trust,0.6,0.5,0.5,0.5,1,2,1,1,0.7363636363636363,20.424844760610394,22.722773655504188
scalability,1009,5,2,0.3,MLP-Trust,0.8,0.6666666666666666,1.0,0.8,2,2,1,0,0.8681818181818182,22.91977224560181,31.668124546036022
scalability,1009,5,2,0.3,MTIM,0.8,0.6666666666666666,1.0,0.8,2,2,1,0,0.9090909090909091,26.33152173737532,44.73373413911346
scalability,1010,5,2,0.3,MFA,0.4,0.3333333333333333,0.5,0.4,1,1,2,1,0.6409090909090909,10.523458945677326,11.200177400734225
scalability,1010,5,2,0.3,FUBA,0.8,1.0,0.5,0.6666666666666666,1,3,0,1,0.759090909090909,15.689759785978529,12.10863853637862
scalability,1010,5,2,0.3,GALTrust,0.8,1.0,0.5,0.6666666666666666,1,3,0,1,0.7681818181818182,32.11779978074186,39.447925440547166
scalability,1010,5,2,0.3,GDM-DTM,0.6,0.5,0.5,0.5,1,2,1,1,0.7090909090909091,17.793804080091082,19.11522600026377
scalability,1010,5,2,0.3,LR-Trust,0.8,1.0,0.5,0.6666666666666666,1,3,0,1,0.8090909090909091,21.177930807883065,17.955584102100154
scalability,1010,5,2,0.3,MLP-Trust,0.8,1.0,0.5,0.6666666666666666,1,3,0,1,0.7636363636363637,21.71915017166594,31.008135238704455
scalability,1010,5,2,0.3,MTIM,0.8,1.0,0.5,0.6666666666666666,1,3,0,1,0.7909090909090909,27.452825949040147,34.3300017673732
scalability,1011,5,2,0.3,MFA,0.4,0.0,0.0,0.0,0,2,1,2,0.5909090909090909,11.835901680433414,6.955891982829856
scalability,1011,5,2,0.3,FUBA,0.6,0.0,0.0,0.0,0,3,0,2,0.7090909090909091,12.991642136264469,9.226893492287054
scalability,1011,5,2,0.3,GALTrust,0.6,0.0,0.0,0.0,0,3,0,2,0.6818181818181818,26.480932626666288,37.48520865133573
scalability,1011,5,2,0.3,GDM-DTM,0.8,1.0,0.5,0.6666666666666666,1,3,0,1,0.7363636363636363,16.03967827100173,16.89112525685258
scalability,1011,5,2,0.3,LR-Trust,0.6,0.0,0.0,0.0,0,3,0,2,0.7909090909090909,20.256349043973394,27.38805387498457
scalability,1011,5,2,0.3,MLP-Trust,1.0,1.0,1.0,1.0,2,3,0,0,0.8863636363636364,22.890878840024406,35.41494344600666
scalability,1011,5,2,0.3,MTIM,1.0,1.0,1.0,1.0,2,3,0,0,0.9363636363636364,27.53840042343782,33.196418367023135
scalability,1012,5,2,0.3,MFA,1.0,1.0,1.0,1.0,2,3,0,0,0.8136363636363636,5.628400846444702,3.4511955078876904
scalability,1012,5,2,0.3,FUBA,0.6,0.5,0.5,0.5,1,2,1,1,0.7272727272727273,16.69338697510244,15.132234292457454
scalability,1012,5,2,0.3,GALTrust,0.6,0.0,0.0,0.0,0,3,0,2,0.6772727272727272,26.67300222915013,36.44069733120172
scalability,1012,5,2,0.3,GDM-DTM,0.6,0.0,0.0,0.0,0,3,0,2,0.7227272727272728,17.391918440170578,19.18505588825203
scalability,1012,5,2,0.3,LR-Trust,1.0,1.0,1.0,1.0,2,3,0,0,0.9,20.11809224291271,17.423188167046973
scalability,1012,5,2,0.3,MLP-Trust,1.0,1.0,1.0,1.0,2,3,0,0,0.8954545454545455,25.797402237801144,31.31238332651251
scalability,1012,5,2,0.3,MTIM,1.0,1.0,1.0,1.0,2,3,0,0,0.9,29.071741589394637,36.89934488114722
scalability,1013,5,2,0.3,MFA,0.6,0.0,0.0,0.0,0,3,0,2,0.65,7.383300635159964,2.8749048480155643
scalability,1013,5,2,0.3,FUBA,0.6,0.5,1.0,0.6666666666666666,2,1,2,0,0.8136363636363636,15.5568645657493,12.57056480056433
scalability,1013,5,2,0.3,GALTrust,0.6,0.0,0.0,0.0,0,3,0,2,0.6454545454545455,29.297848346214295,36.38633672552611
scalability,1013,5,2,0.3,GDM-DTM,0.8,1.0,0.5,0.6666666666666666,1,3,0,1,0.7090909090909091,18.367662244667105,21.463888149556862
scalability,1013,5,2,0.3,LR-Trust,0.8,1.0,0.5,0.6666666666666666,1,3,0,1,0.8181818181818182,18.278896416517945,19.80419449829967
scalability,1013,5,2,0.3,MLP-Trust,1.0,1.0,1.0,1.0,2,3,0,0,0.9181818181818182,25.039262825203995,32.24532893155
scalability,1013,5,2,0.3,MTIM,1.0,1.0,1.0,1.0,2,3,0,0,0.9318181818181818,29.671143609241117,33.48953279586638
scalability,1014,5,2,0.3,MFA,1.0,1.0,1.0,1.0,2,3,0,0,0.8454545454545455,10.88085337038488,9.509755645651682
scalability,1014,5,2,0.3,FUBA,1.0,1.0,1.0,1.0,2,3,0,0,0.8227272727272728,16.25126684906751,18.247844063575734
scalability,1014,5,2,0.3,GALTrust,0.8,1.0,0.5,0.6666666666666666,1,3,0,1,0.7863636363636364,29.655936380973873,35.47263964271755
scalability,1014,5,2,0.3,GDM-DTM,1.0,1.0,1.0,1.0,2,3,0,0,0.85,16.851883330075495,8.115781865625602
scalability,1014,5,2,0.3,LR-Trust,0.8,0.6666666666666666,1.0,0.8,2,2,1,0,0.8590909090909091,22.69042550235349,24.873334947113825
scalability,1014,5,2,0.3,MLP-Trust,1.0,1.0,1.0,1.0,2,3,0,0,0.8909090909090909,23.442838572118422,29.070287941541544
scalability,1014,5,2,0.3,MTIM,1.0,1.0,1.0,1.0,2,3,0,0,0.8954545454545455,25.72320387993561,40.5633741816049
scalability,1015,5,2,0.3,MFA,0.6,0.5,0.5,0.5,1,2,1,1,0.7045454545454546,9.63670779728996,2.958888364227799
scalability,1015,5,2,0.3,FUBA,0.8,0.6666666666666666,1.0,0.8,2,2,1,0,0.85,14.190935492590166,16.37718877903447
scalability,1015,5,2,0.3,GALTrust,0.8,1.0,0.5,0.6666666666666666,1,3,0,1,0.7363636363636363,29.341496931410695,38.766446381143936
scalability,1015,5,2,0.3,GDM-DTM,0.8,0.6666666666666666,1.0,0.8,2,2,1,0,0.85,14.686406828728769,17.4750759562991
scalability,1015,5,2,0.3,LR-Trust,1.0,1.0,1.0,1.0,2,3,0,0,0.9045454545454545,20.802239733242665,26.047386579376287
scalability,1015,5,2,0.3,MLP-Trust,1.0,1.0,1.0,1.0,2,3,0,0,0.9045454545454545,18.479311874102617,31.079141062224092
scalability,1015,5,2,0.3,MTIM,1.0,1.0,1.0,1.0,2,3,0,0,0.9090909090909091,28.744722927348803,39.09120093760421
scalability,1016,5,2,0.3,MFA,0.6,0.5,0.5,0.5,1,2,1,1,0.7136363636363636,11.289083075158786,8.455125756734072
scalability,1016,5,2,0.3,FUBA,0.6,0.5,0.5,0.5,1,2,1,1,0.7454545454545455,17.144161518207746,10.38457308667654
scalability,1016,5,2,0.3,GALTrust,0.6,0.0,0.0,0.0,0,3,0,2,0.65,27.52187985630665,38.18267527262361
scalability,1016,5,2,0.3,GDM-DTM,0.8,1.0,0.5,0.6666666666666666,1,3,0,1,0.75,14.596664275797387,16.211741335095525
scalability,1016,5,2,0.3,LR-Trust,0.8,1.0,0.5,0.6666666666666666,1,3,0,1,0.8681818181818182,20.498259645594345,27.07744459159716
scalability,1016,5,2,0.3,MLP-Trust,1.0,1.0,1.0,1.0,2,3,0,0,0.9272727272727272,22.21603968325409,27.414516682076595
scalability,1016,5,2,0.3,MTIM,1.0,1.0,1.0,1.0,2,3,0,0,0.9227272727272727,27.01711693852618,39.619248050881616
scalability,1017,5,2,0.3,MFA,1.0,1.0,1.0,1.0,2,3,0,0,0.85,5.530950638618972,8.8099660949412
scalability,1017,5,2,0.3,FUBA,1.0,1.0,1.0,1.0,2,3,0,0,0.8772727272727273,15.074929527504702,12.192213876555325
scalability,1017,5,2,0.3,GALTrust,0.8,1.0,0.5,0.6666666666666666,1,3,0,1,0.7545454545454545,28.525658983992276,41.05015551270394
scalability,1017,5,2,0.3,GDM-DTM,1.0,1.0,1.0,1.0,2,3,0,0,0.8772727272727273,16.760072312970404,25.621013239279964
scalability,1017,5,2,0.3,LR-Trust,1.0,1.0,1.0,1.0,2,3,0,0,0.9136363636363637,20.43953369869757,28.8884701945543
scalability,1017,5,2,0.3,MLP-Trust,1.0,1.0,1.0,1.0,2,3,0,0,0.8818181818181818,22.600375675093538,30.45267427609339
scalability,1017,5,2,0.3,MTIM,1.0,1.0,1.0,1.0,2,3,0,0,0.8863636363636364,26.28602019501813,36.480877286509006
scalability,1018,5,2,0.3,MFA,1.0,1.0,1.0,1.0,2,3,0,0,0.8181818181818182,5.396992391773467,12.8561500861895
scalability,1018,5,2,0.3,FUBA,1.0,1.0,1.0,1.0,2,3,0,0,0.9090909090909091,11.624079156593085,12.47043455398618
scalability,1018,5,2,0.3,GALTrust,0.8,1.0,0.5,0.6666666666666666,1,3,0,1,0.7772727272727272,29.27982965337238,41.8997206622269
scalability,1018,5,2,0.3,GDM-DTM,1.0,1.0,1.0,1.0,2,3,0,0,0.8272727272727273,17.80547191408002,22.399346103434837
scalability,1018,5,2,0.3,LR-Trust,1.0,1.0,1.0,1.0,2,3,0,0,0.8590909090909091,21.066275959158606,15.199712051543191
scalability,1018,5,2,0.3,MLP-Trust,1.0,1.0,1.0,1.0,2,3,0,0,0.8636363636363636,20.989499801389016,32.834703949290855
scalability,1018,5,2,0.3,MTIM,1.0,1.0,1.0,1.0,2,3,0,0,0.9227272727272727,24.82549550283062,38.022770571283274
scalability,1019,5,2,0.3,MFA,0.6,0.0,0.0,0.0,0,3,0,2,0.6181818181818182,12.05264410488311,9.144285284671591
scalability,1019,5,2,0.3,FUBA,0.4,0.0,0.0,0.0,0,2,1,2,0.5954545454545455,13.530028813311185,9.400073293935758
scalability,1019,5,2,0.3,GALTrust,0.6,0.0,0.0,0.0,0,3,0,2,0.6636363636363637,32.879825924432986,42.78949826491898
scalability,1019,5,2,0.3,GDM-DTM,0.8,1.0,0.5,0.6666666666666666,1,3,0,1,0.7090909090909091,16.839566751593026,15.154389308353725
scalability,1019,5,2,0.3,LR-Trust,1.0,1.0,1.0,1.0,2,3,0,0,0.9045454545454545,19.885806834333625,19.54317462579367
scalability,1019,5,2,0.3,MLP-Trust,1.0,1.0,1.0,1.0,2,3,0,0,0.9136363636363637,21.800847713385995,24.103837731178427
scalability,1019,5,2,0.3,MTIM,1.0,1.0,1.0,1.0,2,3,0,0,0.95,29.14829489422129,35.07089482207589
scalability,1020,5,2,0.3,MFA,1.0,1.0,1.0,1.0,2,3,0,0,0.8272727272727273,9.520124052792767,8.149890428971593
scalability,1020,5,2,0.3,FUBA,1.0,1.0,1.0,1.0,2,3,0,0,0.85,15.186188204704884,17.072254945305374
scalability,1020,5,2,0.3,GALTrust,0.8,1.0,0.5,0.6666666666666666,1,3,0,1,0.75,26.397132834009312,30.79637977878268
scalability,1020,5,2,0.3,GDM-DTM,1.0,1.0,1.0,1.0,2,3,0,0,0.8681818181818182,14.201418982168235,18.499281798696465
scalability,1020,5,2,0.3,LR-Trust,1.0,1.0,1.0,1.0,2,3,0,0,0.8863636363636364,24.203575665222573,18.481798358319253
scalability,1020,5,2,0.3,MLP-Trust,1.0,1.0,1.0,1.0,2,3,0,0,0.9045454545454545,22.62333591163906,34.51066304568559
scalability,1020,5,2,0.3,MTIM,1.0,1.0,1.0,1.0,2,3,0,0,0.9,25.3721827723684,31.582690496243977
scalability,1021,5,2,0.3,MFA,0.8,1.0,0.5,0.6666666666666666,1,3,0,1,0.7681818181818182,9.343439296181165,8.453155587504417
scalability,1021,5,2,0.3,FUBA,0.8,1.0,0.5,0.6666666666666666,1,3,0,1,0.7363636363636363,16.88280002455316,10.293748451953324
scalability,1021,5,2,0.3,GALTrust,0.8,1.0,0.5,0.6666666666666666,1,3,0,1,0.6863636363636364,30.790903817922754,43.05858972776937
scalability,1021,5,2,0.3,GDM-DTM,0.8,1.0,0.5,0.6666666666666666,1,3,0,1,0.7681818181818182,16.350222587905723,18.162356077312378
scalability,1021,5,2,0.3,LR-Trust,0.8,1.0,0.5,0.6666666666666666,1,3,0,1,0.7681818181818182,18.62540052275088,22.259340665944354
scalability,1021,5,2,0.3,MLP-Trust,0.8,1.0,0.5,0.6666666666666666,1,3,0,1,0.740909090909091,24.604863062098968,32.72331686612399
scalability,1021,5,2,0.3,MTIM,0.8,1.0,0.5,0.6666666666666666,1,3,0,1,0.7545454545454545,28.185407848722335,38.38865165495521
scalability,1022,5,2,0.3,MFA,0.6,0.5,0.5,0.5,1,2,1,1,0.7181818181818181,10.423933692405319,10.121699557951068
scalability,1022,5,2,0.3,FUBA,0.6,0.5,0.5,0.5,1,2,1,1,0.7227272727272728,10.592087948341849,10.073727876431072
scalability,1022,5,2,0.3,GALTrust,0.8,1.0,0.5,0.6666666666666666,1,3,0,1,0.7045454545454546,32.16480883206762,40.12953186594474
scalability,1022,5,2,0.3,GDM-DTM,0.6,0.5,0.5,0.5,1,2,1,1,0.6818181818181818,17.857824990301136,19.589827732008906
scalability,1022,5,2,0.3,LR-Trust,0.6,0.5,0.5,0.5,1,2,1,1,0.8409090909090909,18.97811387243373,22.98191199078836
scalability,1022,5,2,0.3,MLP-Trust,1.0,1.0,1.0,1.0,2,3,0,0,0.8954545454545455,21.549029544623494,25.8365385115469
scalability,1022,5,2,0.3,MTIM,1.0,1.0,1.0,1.0,2,3,0,0,0.9045454545454545,29.006000003415863,35.980748153301214
scalability,1023,5,2,0.3,MFA,0.8,1.0,0.5,0.6666666666666666,1,3,0,1,0.7272727272727273,12.65159738465455,14.400558765599966
scalability,1023,5,2,0.3,FUBA,1.0,1.0,1.0,1.0,2,3,0,0,0.8727272727272727,13.693427159198471,17.556409568044412
scalability,1023,5,2,0.3,GALTrust,0.8,1.0,0.5,0.6666666666666666,1,3,0,1,0.7727272727272727,26.037477810504967,39.783693172382335
scalability,1023,5,2,0.3,GDM-DTM,1.0,1.0,1.0,1.0,2,3,0,0,0.8727272727272727,18.83231882987566,21.4447691140536
scalability,1023,5,2,0.3,LR-Trust,1.0,1.0,1.0,1.0,2,3,0,0,0.9227272727272727,20.546494905325037,15.361131059638982
scalability,1023,5,2,0.3,MLP-Trust,1.0,1.0,1.0,1.0,2,3,0,0,0.85,23.00813114641646,32.4180192638977
scalability,1023,5,2,0.3,MTIM,1.0,1.0,1.0,1.0,2,3,0,0,0.9318181818181818,27.40234082873361,33.79149955922025
scalability,1024,5,2,0.3,MFA,0.6,0.5,1.0,0.6666666666666666,2,1,2,0,0.8409090909090909,8.388678034489145,8.66086923075081
scalability,1024,5,2,0.3,FUBA,0.4,0.3333333333333333,0.5,0.4,1,1,2,1,0.5954545454545455,15.447716672694625,15.30461891700048
scalability,1024,5,2,0.3,GALTrust,0.8,1.0,0.5,0.6666666666666666,1,3,0,1,0.759090909090909,30.38352428198004,38.71484838289945
scalability,1024,5,2,0.3,GDM-DTM,0.8,0.6666666666666666,1.0,0.8,2,2,1,0,0.8363636363636363,19.429564442024642,26.037022256027022
scalability,1024,5,2,0.3,LR-Trust,0.8,0.6666666666666666,1.0,0.8,2,2,1,0,0.9,22.15346204158488,19.834502745229045
scalability,1024,5,2,0.3,MLP-Trust,0.8,0.6666666666666666,1.0,0.8,2,2,1,0,0.9136363636363637,23.36092370007289,31.847132393119484
scalability,1024,5,2,0.3,MTIM,0.8,0.6666666666666666,1.0,0.8,2,2,1,0,0.9090909090909091,27.196438034267164,31.752547805930732
scalability,1025,5,2,0.3,MFA,0.8,0.6666666666666666,1.0,0.8,2,2,1,0,0.8,6.772336372456067,10.803972636615633
scalability,1025,5,2,0.3,FUBA,1.0,1.0,1.0,1.0,2,3,0,0,0.8590909090909091,17.072082680487604,14.025497984313938
scalability,1025,5,2,0.3,GALTrust,0.8,1.0,0.5,0.6666666666666666,1,3,0,1,0.7318181818181818,28.07985102151369,37.71526851626808
scalability,1025,5,2,0.3,GDM-DTM,0.8,0.6666666666666666,1.0,0.8,2,2,1,0,0.85,18.783195062528108,26.11382692937022
scalability,1025,5,2,0.3,LR-Trust,1.0,1.0,1.0,1.0,2,3,0,0,0.85,19.820241021088343,23.300102979532898
scalability,1025,5,2,0.3,MLP-Trust,1.0,1.0,1.0,1.0,2,3,0,0,0.9181818181818182,20.917955631654674,39.31067679896226
scalability,1025,5,2,0.3,MTIM,1.0,1.0,1.0,1.0,2,3,0,0,0.9227272727272727,26.512801776494907,40.032930831609235
scalability,1026,5,2,0.3,MFA,0.8,1.0,0.5,0.6666666666666666,1,3,0,1,0.7636363636363637,9.025859817073737,13.690477928379703
scalability,1026,5,2,0.3,FUBA,0.8,1.0,0.5,0.6666666666666666,1,3,0,1,0.75,16.116257802154692,10.131795101434477
scalability,1026,5,2,0.3,GALTrust,0.6,0.0,0.0,0.0,0,3,0,2,0.7545454545454545,29.932082676997624,33.9538983138504
scalability,1026,5,2,0.3,GDM-DTM,1.0,1.0,1.0,1.0,2,3,0,0,0.8590909090909091,16.06253722320612,12.850084669519884
scalability,1026,5,2,0.3,LR-Trust,1.0,1.0,1.0,1.0,2,3,0,0,0.9136363636363637,21.09895519433971,22.402595785662
scalability,1026,5,2,0.3,MLP-Trust,1.0,1.0,1.0,1.0,2,3,0,0,0.9136363636363637,21.35263327249729,31.60061102416623
scalability,1026,5,2,0.3,MTIM,1.0,1.0,1.0,1.0,2,3,0,0,0.9318181818181818,28.63454483396075,36.60882840075304
scalability,1027,5,2,0.3,MFA,0.6,0.5,0.5,0.5,1,2,1,1,0.7136363636363636,7.891618612255189,10.83527448659845
scalability,1027,5,2,0.3,FUBA,0.8,0.6666666666666666,1.0,0.8,2,2,1,0,0.8181818181818182,13.60659061525806,6.55790156034969
scalability,1027,5,2,0.3,GALTrust,0.6,0.0,0.0,0.0,0,3,0,2,0.7136363636363636,29.384321993047497,38.46056227544351
scalability,1027,5,2,0.3,GDM-DTM,0.8,1.0,0.5,0.6666666666666666,1,3,0,1,0.7863636363636364,13.315981319501658,20.69760283687735
scalability,1027,5,2,0.3,LR-Trust,1.0,1.0,1.0,1.0,2,3,0,0,0.9090909090909091,18.91643687323847,17.5045704233725
scalability,1027,5,2,0.3,MLP-Trust,1.0,1.0,1.0,1.0,2,3,0,0,0.9045454545454545,23.532909449827663,36.59082489707237
scalability,1027,5,2,0.3,MTIM,1.0,1.0,1.0,1.0,2,3,0,0,0.9272727272727272,30.081263398983257,36.16830666283013
scalability,1028,5,2,0.3,MFA,0.8,1.0,0.5,0.6666666666666666,1,3,0,1,0.759090909090909,10.913752331225778,10.767166017050371
scalability,1028,5,2,0.3,FUBA,0.6,0.5,0.5,0.5,1,2,1,1,0.7909090909090909,14.957028901487773,17.55356703467547
scalability,1028,5,2,0.3,GALTrust,0.8,1.0,0.5,0.6666666666666666,1,3,0,1,0.759090909090909,29.34702411414616,39.10298207910923
scalability,1028,5,2,0.3,GDM-DTM,0.8,1.0,0.5,0.6666666666666666,1,3,0,1,0.7181818181818181,16.17603198310174,16.527223543269976
scalability,1028,5,2,0.3,LR-Trust,1.0,1.0,1.0,1.0,2,3,0,0,0.8636363636363636,18.1042358983764,23.37490829590179
scalability,1028,5,2,0.3,MLP-Trust,1.0,1.0,1.0,1.0,2,3,0,0,0.9363636363636364,24.10134397244174,29.502984343149983
scalability,1028,5,2,0.3,MTIM,1.0,1.0,1.0,1.0,2,3,0,0,0.9227272727272727,26.31296648606358,34.750660722784325
scalability,1029,5,2,0.3,MFA,0.8,0.6666666666666666,1.0,0.8,2,2,1,0,0.8409090909090909,10.878678735846686,4.322225752810855
scalability,1029,5,2,0.3,FUBA,1.0,1.0,1.0,1.0,2,3,0,0,0.8681818181818182,13.357116227558274,18.808212946948245
scalability,1029,5,2,0.3,GALTrust,0.8,1.0,0.5,0.6666666666666666,1,3,0,1,0.7818181818181819,29.685099754238625,36.191002679892975
scalability,1029,5,2,0.3,GDM-DTM,1.0,1.0,1.0,1.0,2,3,0,0,0.8863636363636364,19.449429643248376,21.254603655762995
scalability,1029,5,2,0.3,LR-Trust,1.0,1.0,1.0,1.0,2,3,0,0,0.9272727272727272,21.678315318111224,20.964984740091857
scalability,1029,5,2,0.3,MLP-Trust,1.0,1.0,1.0,1.0,2,3,0,0,0.8909090909090909,23.502930656222123,31.31586619738113
scalability,1029,5,2,0.3,MTIM,1.0,1.0,1.0,1.0,2,3,0,0,0.9363636363636364,24.06859372626771,35.71656862937927
scalability,1030,5,2,0.3,MFA,1.0,1.0,1.0,1.0,2,3,0,0,0.8136363636363636,9.796649146281187,10.401776679792173
scalability,1030,5,2,0.3,FUBA,0.6,0.0,0.0,0.0,0,3,0,2,0.7227272727272728,15.286754894670661,11.441488542878062
scalability,1030,5,2,0.3,GALTrust,0.6,0.0,0.0,0.0,0,3,0,2,0.7090909090909091,29.638347891310083,38.27372649325756
scalability,1030,5,2,0.3,GDM-DTM,1.0,1.0,1.0,1.0,2,3,0,0,0.8409090909090909,17.307192077214093,25.211253630324663
scalability,1030,5,2,0.3,LR-Trust,1.0,1.0,1.0,1.0,2,3,0,0,0.9454545454545454,21.852747444330763,20.926390656386918
scalability,1030,5,2,0.3,MLP-Trust,1.0,1.0,1.0,1.0,2,3,0,0,0.9045454545454545,23.07406545882498,31.696002936164703
scalability,1030,5,2,0.3,MTIM,1.0,1.0,1.0,1.0,2,3,0,0,0.9409090909090909,25.483799280976775,37.9250798838
scalability,1031,5,2,0.3,MFA,0.6,0.5,0.5,0.5,1,2,1,1,0.6863636363636364,9.082971520060317,9.545172422843281
scalability,1031,5,2,0.3,FUBA,1.0,1.0,1.0,1.0,2,3,0,0,0.7863636363636364,14.849380073341285,3.920423977716533
scalability,1031,5,2,0.3,GALTrust,0.8,1.0,0.5,0.6666666666666666,1,3,0,1,0.7136363636363636,32.97273706379217,41.51230895175208
scalability,1031,5,2,0.3,GDM-DTM,1.0,1.0,1.0,1.0,2,3,0,0,0.8454545454545455,20.482638459656417,21.39605657506888
scalability,1031,5,2,0.3,LR-Trust,1.0,1.0,1.0,1.0,2,3,0,0,0.8909090909090909,20.633403935428465,22.81501812573565
scalability,1031,5,2,0.3,MLP-Trust,1.0,1.0,1.0,1.0,2,3,0,0,0.9090909090909091,24.35827596673061,28.471515135444733
scalability,1031,5,2,0.3,MTIM,1.0,1.0,1.0,1.0,2,3,0,0,0.9,29.422089602653656,39.15794050083915
scalability,1032,5,2,0.3,MFA,1.0,1.0,1.0,1.0,2,3,0,0,0.8454545454545455,7.308544079608086,3.6572176205699956
scalability,1032,5,2,0.3,FUBA,1.0,1.0,1.0,1.0,2,3,0,0,0.8636363636363636,17.08002828510112,9.511090771400907
scalability,1032,5,2,0.3,GALTrust,1.0,1.0,1.0,1.0,2,3,0,0,0.8545454545454545,25.075278028908038,38.452763229984065
scalability,1032,5,2,0.3,GDM-DTM,0.8,0.6666666666666666,1.0,0.8,2,2,1,0,0.8227272727272728,15.774559245432014,15.911112379493925
scalability,1032,5,2,0.3,LR-Trust,1.0,1.0,1.0,1.0,2,3,0,0,0.9,18.013036483420336,20.608035321742143
scalability,1032,5,2,0.3,MLP-Trust,1.0,1.0,1.0,1.0,2,3,0,0,0.8772727272727273,24.108699520476463,34.86590538538872
scalability,1032,5,2,0.3,MTIM,1.0,1.0,1.0,1.0,2,3,0,0,0.9545454545454546,28.82254339685038,36.53543969371613
scalability,1033,5,2,0.3,MFA,0.6,0.5,0.5,0.5,1,2,1,1,0.7181818181818181,7.202441670746088,5.011443395350502
scalability,1033,5,2,0.3,FUBA,0.8,0.6666666666666666,1.0,0.8,2,2,1,0,0.8409090909090909,13.293626627326724,12.249156291081297
scalability,1033,5,2,0.3,GALTrust,0.8,1.0,0.5,0.6666666666666666,1,3,0,1,0.7363636363636363,27.893614431086856,39.04660658740396
scalability,1033,5,2,0.3,GDM-DTM,0.8,0.6666666666666666,1.0,0.8,2,2,1,0,0.8818181818181818,14.13423482821174,19.462613363360955
scalability,1033,5,2,0.3,LR-Trust,1.0,1.0,1.0,1.0,2,3,0,0,0.9181818181818182,18.886548633092648,20.508247109879942
scalability,1033,5,2,0.3,MLP-Trust,1.0,1.0,1.0,1.0,2,3,0,0,0.9,22.330843278717712,41.02223545122633
scalability,1033,5,2,0.3,MTIM,1.0,1.0,1.0,1.0,2,3,0,0,0.9318181818181818,21.581461814955727,38.601013432679025
scalability,1034,5,2,0.3,MFA,0.8,1.0,0.5,0.6666666666666666,1,3,0,1,0.7272727272727273,11.75699987706254,6.383115506102467
scalability,1034,5,2,0.3,FUBA,0.6,0.5,1.0,0.6666666666666666,2,1,2,0,0.8,14.520557045732005,18.229350816499075
scalability,1034,5,2,0.3,GALTrust,0.6,0.0,0.0,0.0,0,3,0,2,0.7136363636363636,26.536119751075915,38.07626118317816
scalability,1034,5,2,0.3,GDM-DTM,0.8,0.6666666666666666,1.0,0.8,2,2,1,0,0.8636363636363636,18.611418159054253,19.552943990817685
scalability,1034,5,2,0.3,LR-Trust,1.0,1.0,1.0,1.0,2,3,0,0,0.9090909090909091,19.085619419443173,25.441018272849995
scalability,1034,5,2,0.3,MLP-Trust,0.8,0.6666666666666666,1.0,0.8,2,2,1,0,0.9090909090909091,24.035042352879852,32.58144439062796
scalability,1034,5,2,0.3,MTIM,0.8,0.6666666666666666,1.0,0.8,2,2,1,0,0.9227272727272727,28.924317360060016,35.08515680294557
scalability,1035,5,2,0.3,MFA,1.0,1.0,1.0,1.0,2,3,0,0,0.8318181818181818,7.9877578116532755,6.746443593688371
scalability,1035,5,2,0.3,FUBA,1.0,1.0,1.0,1.0,2,3,0,0,0.8636363636363636,15.446143179320138,19.168378562659214
scalability,1035,5,2,0.3,GALTrust,0.8,1.0,0.5,0.6666666666666666,1,3,0,1,0.7772727272727272,29.17286077320164,32.32014149113604
scalability,1035,5,2,0.3,GDM-DTM,1.0,1.0,1.0,1.0,2,3,0,0,0.8318181818181818,17.977961313155102,17.462781632020633
scalability,1035,5,2,0.3,LR-Trust,1.0,1.0,1.0,1.0,2,3,0,0,0.9090909090909091,16.353533662742368,24.586015715199316
scalability,1035,5,2,0.3,MLP-Trust,1.0,1.0,1.0,1.0,2,3,0,0,0.9227272727272727,22.88725944855188,36.13785406613507
scalability,1035,5,2,0.3,MTIM,1.0,1.0,1.0,1.0,2,3,0,0,0.9318181818181818,25.49835206717933,35.44918307749428
scalability,1036,5,2,0.3,MFA,0.4,0.0,0.0,0.0,0,2,1,2,0.6363636363636364,9.458152741824938,5.8648781680652515
scalability,1036,5,2,0.3,FUBA,0.6,0.5,0.5,0.5,1,2,1,1,0.7,14.051868985685573,10.94979900300983
scalability,1036,5,2,0.3,GALTrust,0.6,0.0,0.0,0.0,0,3,0,2,0.6545454545454545,29.558389486218637,34.62685123621266
scalability,1036,5,2,0.3,GDM-DTM,0.6,0.5,0.5,0.5,1,2,1,1,0.7454545454545455,19.493709789465296,23.564073750197064
scalability,1036,5,2,0.3,LR-Trust,0.8,1.0,0.5,0.6666666666666666,1,3,0,1,0.8727272727272727,23.017934475266507,22.14956203895298
scalability,1036,5,2,0.3,MLP-Trust,1.0,1.0,1.0,1.0,2,3,0,0,0.9090909090909091,21.863135422108662,29.492782818621226
scalability,1036,5,2,0.3,MTIM,1.0,1.0,1.0,1.0,2,3,0,0,0.9090909090909091,26.29477164034131,30.031154935041883
scalability,1037,5,2,0.3,MFA,0.6,0.5,0.5,0.5,1,2,1,1,0.759090909090909,8.8912044913507,7.795400246031659
scalability,1037,5,2,0.3,FUBA,1.0,1.0,1.0,1.0,2,3,0,0,0.8136363636363636,15.202950020967698,12.753047838335618
scalability,1037,5,2,0.3,GALTrust,0.6,0.0,0.0,0.0,0,3,0,2,0.7363636363636363,26.96712618088497,37.14877629668482
scalability,1037,5,2,0.3,GDM-DTM,0.6,0.5,0.5,0.5,1,2,1,1,0.7090909090909091,19.276901703910582,24.06376597069589
scalability,1037,5,2,0.3,LR-Trust,1.0,1.0,1.0,1.0,2,3,0,0,0.8727272727272727,19.199435672156532,20.223665874221336
scalability,1037,5,2,0.3,MLP-Trust,1.0,1.0,1.0,1.0,2,3,0,0,0.9090909090909091,21.494640142233376,32.181621696622905
scalability,1037,5,2,0.3,MTIM,1.0,1.0,1.0,1.0,2,3,0,0,0.9227272727272727,29.090878116781255,38.59275329491642
scalability,1038,5,2,0.3,MFA,1.0,1.0,1.0,1.0,2,3,0,0,0.8272727272727273,4.854518408196703,6.893031958981164
scalability,1038,5,2,0.3,FUBA,1.0,1.0,1.0,1.0,2,3,0,0,0.8227272727272728,11.735711858813954,13.556553360501791
scalability,1038,5,2,0.3,GALTrust,0.8,1.0,0.5,0.6666666666666666,1,3,0,1,0.7909090909090909,32.66305186913633,32.77943483047246
scalability,1038,5,2,0.3,GDM-DTM,1.0,1.0,1.0,1.0,2,3,0,0,0.8909090909090909,17.26743348528592,11.68969121088834
scalability,1038,5,2,0.3,LR-Trust,1.0,1.0,1.0,1.0,2,3,0,0,0.8772727272727273,20.17592161715312,15.452468740378574
scalability,1038,5,2,0.3,MLP-Trust,1.0,1.0,1.0,1.0,2,3,0,0,0.9,23.389034589605014,37.20806893955849
scalability,1038,5,2,0.3,MTIM,1.0,1.0,1.0,1.0,2,3,0,0,0.9136363636363637,27.536917955446093,33.844486800604486
scalability,1039,5,2,0.3,MFA,0.8,0.6666666666666666,1.0,0.8,2,2,1,0,0.8363636363636363,9.118375298145494,8.228330012332474
scalability,1039,5,2,0.3,FUBA,0.8,0.6666666666666666,1.0,0.8,2,2,1,0,0.8454545454545455,13.446106451752136,13.05819937822543
scalability,1039,5,2,0.3,GALTrust,0.8,1.0,0.5,0.6666666666666666,1,3,0,1,0.7772727272727272,28.665500956276055,28.963721483312455
scalability,1039,5,2,0.3,GDM-DTM,0.8,0.6666666666666666,1.0,0.8,2,2,1,0,0.8818181818181818,16.30727266473968,15.719966289389916
scalability,1039,5,2,0.3,LR-Trust,0.8,0.6666666666666666,1.0,0.8,2,2,1,0,0.9136363636363637,20.58881060195647,22.043130251302504
scalability,1039,5,2,0.3,MLP-Trust,1.0,1.0,1.0,1.0,2,3,0,0,0.9136363636363637,25.32271058768063,29.725174473650437
scalability,1039,5,2,0.3,MTIM,1.0,1.0,1.0,1.0,2,3,0,0,0.9272727272727272,28.2143934099623,35.6217683787974
scalability,1040,5,2,0.3,MFA,0.6,0.5,1.0,0.6666666666666666,2,1,2,0,0.8272727272727273,9.445672571522245,6.436546475124618
scalability,1040,5,2,0.3,FUBA,0.8,0.6666666666666666,1.0,0.8,2,2,1,0,0.8318181818181818,14.862655165578424,18.731227187184352
scalability,1040,5,2,0.3,GALTrust,1.0,1.0,1.0,1.0,2,3,0,0,0.8545454545454545,33.21508708333888,36.61013773123212
scalability,1040,5,2,0.3,GDM-DTM,0.8,0.6666666666666666,1.0,0.8,2,2,1,0,0.8818181818181818,16.72248202762325,16.772463231089393
scalability,1040,5,2,0.3,LR-Trust,0.8,0.6666666666666666,1.0,0.8,2,2,1,0,0.8545454545454545,17.129661978680073,21.531375773537924
scalability,1040,5,2,0.3,MLP-Trust,1.0,1.0,1.0,1.0,2,3,0,0,0.9045454545454545,23.100250887684194,26.056951601194005
scalability,1040,5,2,0.3,MTIM,1.0,1.0,1.0,1.0,2,3,0,0,0.9409090909090909,27.2347844876926,38.82889794667386
scalability,1041,5,2,0.3,MFA,0.8,0.6666666666666666,1.0,0.8,2,2,1,0,0.8590909090909091,12.575931198219553,7.898158540104121
scalability,1041,5,2,0.3,FUBA,1.0,1.0,1.0,1.0,2,3,0,0,0.9181818181818182,17.09922506766759,11.765727499681182
scalability,1041,5,2,0.3,GALTrust,0.6,0.0,0.0,0.0,0,3,0,2,0.7136363636363636,28.906349012090196,34.99945260199976
scalability,1041,5,2,0.3,GDM-DTM,1.0,1.0,1.0,1.0,2,3,0,0,0.8454545454545455,17.74437666230063,25.429873490082535
scalability,1041,5,2,0.3,LR-Trust,1.0,1.0,1.0,1.0,2,3,0,0,0.9363636363636364,22.466306417711934,26.287297226060716
scalability,1041,5,2,0.3,MLP-Trust,1.0,1.0,1.0,1.0,2,3,0,0,0.8818181818181818,22.545752455441708,30.188511264852306
scalability,1041,5,2,0.3,MTIM,1.0,1.0,1.0,1.0,2,3,0,0,0.9181818181818182,28.830742166320068,43.2981242147863
scalability,1042,5,2,0.3,MFA,0.8,0.6666666666666666,1.0,0.8,2,2,1,0,0.8181818181818182,7.620821227452986,7.924309004324294
scalability,1042,5,2,0.3,FUBA,0.8,1.0,0.5,0.6666666666666666,1,3,0,1,0.7727272727272727,17.538134286113603,16.998446802989438
scalability,1042,5,2,0.3,GALTrust,0.6,0.0,0.0,0.0,0,3,0,2,0.6227272727272727,30.054365864286343,35.24958411341427
scalability,1042,5,2,0.3,GDM-DTM,0.6,0.5,0.5,0.5,1,2,1,1,0.7045454545454546,20.090348309419916,19.99166914372126
scalability,1042,5,2,0.3,LR-Trust,0.8,1.0,0.5,0.6666666666666666,1,3,0,1,0.8181818181818182,19.402539257097278,22.829757525145997
scalability,1042,5,2,0.3,MLP-Trust,1.0,1.0,1.0,1.0,2,3,0,0,0.9181818181818182,22.353225129844713,34.05169249126377
scalability,1042,5,2,0.3,MTIM,1.0,1.0,1.0,1.0,2,3,0,0,0.9136363636363637,27.17137555741589,40.875573586443
scalability,1043,5,2,0.3,MFA,0.6,0.0,0.0,0.0,0,3,0,2,0.6363636363636364,7.058538926692146,9.893487497161955
scalability,1043,5,2,0.3,FUBA,0.6,0.5,1.0,0.6666666666666666,2,1,2,0,0.7818181818181819,14.695269330237481,21.632256769900806
scalability,1043,5,2,0.3,GALTrust,0.8,1.0,0.5,0.6666666666666666,1,3,0,1,0.6681818181818182,28.68239486868159,40.20927151349992
scalability,1043,5,2,0.3,GDM-DTM,0.6,0.5,1.0,0.6666666666666666,2,1,2,0,0.8363636363636363,19.81961556202829,23.889572868960197
scalability,1043,5,2,0.3,LR-Trust,1.0,1.0,1.0,1.0,2,3,0,0,0.9227272727272727,21.366868184477717,25.44153627852593
scalability,1043,5,2,0.3,MLP-Trust,1.0,1.0,1.0,1.0,2,3,0,0,0.8909090909090909,25.135877561564058,36.06602066652786
scalability,1043,5,2,0.3,MTIM,1.0,1.0,1.0,1.0,2,3,0,0,0.9045454545454545,27.510939418426272,38.534994900699296
scalability,1044,5,2,0.3,MFA,0.8,1.0,0.5,0.6666666666666666,1,3,0,1,0.7772727272727272,8.81979391636105,8.804842363986086
scalability,1044,5,2,0.3,FUBA,1.0,1.0,1.0,1.0,2,3,0,0,0.8545454545454545,16.92449753578103,13.268839107165979
scalability,1044,5,2,0.3,GALTrust,0.8,1.0,0.5,0.6666666666666666,1,3,0,1,0.7272727272727273,29.47030888973627,39.56207854879344
scalability,1044,5,2,0.3,GDM-DTM,1.0,1.0,1.0,1.0,2,3,0,0,0.8681818181818182,16.327000939987585,16.621156368349393
scalability,1044,5,2,0.3,LR-Trust,0.8,1.0,0.5,0.6666666666666666,1,3,0,1,0.7954545454545454,19.480601968812767,22.100579302546766
scalability,1044,5,2,0.3,MLP-Trust,0.8,1.0,0.5,0.6666666666666666,1,3,0,1,0.8909090909090909,25.399161262301465,31.695935098892463
scalability,1044,5,2,0.3,MTIM,1.0,1.0,1.0,1.0,2,3,0,0,0.9363636363636364,24.393408256799788,38.32390253498198
scalability,1045,5,2,0.3,MFA,0.8,0.6666666666666666,1.0,0.8,2,2,1,0,0.8454545454545455,7.432531162604374,9.502169529300502
scalability,1045,5,2,0.3,FUBA,0.8,0.6666666666666666,1.0,0.8,2,2,1,0,0.8318181818181818,16.79257322045061,10.562027846227975
scalability,1045,5,2,0.3,GALTrust,0.6,0.0,0.0,0.0,0,3,0,2,0.6772727272727272,27.539139042976803,37.046721047180725
scalability,1045,5,2,0.3,GDM-DTM,0.8,0.6666666666666666,1.0,0.8,2,2,1,0,0.8227272727272728,15.691455763484251,18.07051305815215
scalability,1045,5,2,0.3,LR-Trust,1.0,1.0,1.0,1.0,2,3,0,0,0.8863636363636364,16.910525271864827,22.51546265770006
scalability,1045,5,2,0.3,MLP-Trust,1.0,1.0,1.0,1.0,2,3,0,0,0.9227272727272727,23.562240829295696,28.52570240868959
scalability,1045,5,2,0.3,MTIM,1.0,1.0,1.0,1.0,2,3,0,0,0.9227272727272727,27.32145671184693,36.45859083348067
scalability,1046,5,2,0.3,MFA,0.6,0.5,0.5,0.5,1,2,1,1,0.6636363636363637,9.028685138905587,3.7682428154422682
scalability,1046,5,2,0.3,FUBA,1.0,1.0,1.0,1.0,2,3,0,0,0.8545454545454545,15.781038607474105,19.800157526746712
scalability,1046,5,2,0.3,GALTrust,0.8,1.0,0.5,0.6666666666666666,1,3,0,1,0.7863636363636364,28.704560141762713,39.91250487060482
scalability,1046,5,2,0.3,GDM-DTM,0.8,1.0,0.5,0.6666666666666666,1,3,0,1,0.7772727272727272,14.69233612816608,22.978692334855978
scalability,1046,5,2,0.3,LR-Trust,0.8,0.6666666666666666,1.0,0.8,2,2,1,0,0.8818181818181818,17.85027405041852,24.460178498057168
scalability,1046,5,2,0.3,MLP-Trust,1.0,1.0,1.0,1.0,2,3,0,0,0.9227272727272727,25.479166470913196,30.48275380622671
scalability,1046,5,2,0.3,MTIM,1.0,1.0,1.0,1.0,2,3,0,0,0.9590909090909091,23.79739480857334,38.198934127139566
scalability,1047,5,2,0.3,MFA,0.8,1.0,0.5,0.6666666666666666,1,3,0,1,0.7636363636363637,6.948303245752876,10.186040670409984
scalability,1047,5,2,0.3,FUBA,1.0,1.0,1.0,1.0,2,3,0,0,0.8636363636363636,15.336913177593392,16.683486003642606
scalability,1047,5,2,0.3,GALTrust,0.8,1.0,0.5,0.6666666666666666,1,3,0,1,0.8045454545454546,28.207755323830362,35.81867496546971
scalability,1047,5,2,0.3,GDM-DTM,0.8,1.0,0.5,0.6666666666666666,1,3,0,1,0.7818181818181819,17.68792780828693,18.78543307908746
scalability,1047,5,2,0.3,LR-Trust,1.0,1.0,1.0,1.0,2,3,0,0,0.9181818181818182,20.45078890405443,24.337725841710693
scalability,1047,5,2,0.3,MLP-Trust,1.0,1.0,1.0,1.0,2,3,0,0,0.9272727272727272,22.23077029311412,30.712575982312
scalability,1047,5,2,0.3,MTIM,1.0,1.0,1.0,1.0,2,3,0,0,0.9045454545454545,27.531507170525618,40.83853712599571
scalability,1048,5,2,0.3,MFA,0.8,1.0,0.5,0.6666666666666666,1,3,0,1,0.740909090909091,10.076367891305361,10.62472638622722
scalability,1048,5,2,0.3,FUBA,1.0,1.0,1.0,1.0,2,3,0,0,0.8681818181818182,15.393724892579868,15.18384582959482
scalability,1048,5,2,0.3,GALTrust,0.6,0.0,0.0,0.0,0,3,0,2,0.6409090909090909,29.264491396989577,38.29156551824783
scalability,1048,5,2,0.3,GDM-DTM,0.8,1.0,0.5,0.6666666666666666,1,3,0,1,0.75,18.433696247340812,16.861881538835732
scalability,1048,5,2,0.3,LR-Trust,1.0,1.0,1.0,1.0,2,3,0,0,0.8772727272727273,21.314111580931417,14.194357557054401
scalability,1048,5,2,0.3,MLP-Trust,1.0,1.0,1.0,1.0,2,3,0,0,0.9136363636363637,24.191628109386823,32.705578617465676
scalability,1048,5,2,0.3,MTIM,1.0,1.0,1.0,1.0,2,3,0,0,0.9090909090909091,28.694468166095973,33.68415120028475
scalability,1049,5,2,0.3,MFA,0.8,1.0,0.5,0.6666666666666666,1,3,0,1,0.740909090909091,7.7998631229709,1.0
scalability,1049,5,2,0.3,FUBA,0.8,1.0,0.5,0.6666666666666666,1,3,0,1,0.7136363636363636,14.580521795566176,13.544704584808994
scalability,1049,5,2,0.3,GALTrust,0.6,0.0,0.0,0.0,0,3,0,2,0.6772727272727272,28.103538403771562,40.92557446501494
scalability,1049,5,2,0.3,GDM-DTM,1.0,1.0,1.0,1.0,2,3,0,0,0.8954545454545455,16.70005519764501,14.39271515300921
scalability,1049,5,2,0.3,LR-Trust,1.0,1.0,1.0,1.0,2,3,0,0,0.9227272727272727,17.72411793370666,20.074741137389562
scalability,1049,5,2,0.3,MLP-Trust,1.0,1.0,1.0,1.0,2,3,0,0,0.9,24.228865967241916,27.51207063196214
scalability,1049,5,2,0.3,MTIM,1.0,1.0,1.0,1.0,2,3,0,0,0.9181818181818182,28.45202229109572,37.71595778318373
agent_grid,1000,15,2,0.3,MFA,0.7333333333333333,0.5714285714285714,0.8,0.6666666666666666,4,7,3,1,0.7454545454545455,6.901641650304935,16.684003035393246
agent_grid,1000,15,2,0.3,FUBA,0.8666666666666667,0.7142857142857143,1.0,0.8333333333333333,5,8,2,0,0.85,14.998506438164268,15.9642867029369
agent_grid,1000,15,2,0.3,GALTrust,0.8,1.0,0.4,0.5714285714285715,2,10,0,3,0.759090909090909,25.996640686787913,43.322772982871726
agent_grid,1000,15,2,0.3,GDM-DTM,0.8666666666666667,0.7142857142857143,1.0,0.8333333333333333,5,8,2,0,0.8181818181818182,17.804795859177194,21.072907619742704
agent_grid,1000,15,2,0.3,LR-Trust,0.8666666666666667,0.8,0.8,0.8000000000000002,4,9,1,1,0.9,19.380602447051096,24.590290428662314
agent_grid,1000,15,2,0.3,MLP-Trust,0.9333333333333333,0.8333333333333334,1.0,0.9090909090909091,5,9,1,0,0.9272727272727272,23.9975890120982,35.24642754144285
agent_grid,1000,15,2,0.3,MTIM,0.8666666666666667,0.7142857142857143,1.0,0.8333333333333333,5,8,2,0,0.9409090909090909,34.43606634986547,53.37919970143416
agent_grid,1001,15,2,0.3,MFA,0.9333333333333333,0.8333333333333334,1.0,0.9090909090909091,5,9,1,0,0.8636363636363636,9.635739319846325,6.233210815902632
agent_grid,1001,15,2,0.3,FUBA,1.0,1.0,1.0,1.0,5,10,0,0,0.8909090909090909,14.575035690581466,11.563581286766844
agent_grid,1001,15,2,0.3,GALTrust,0.9333333333333333,1.0,0.8,0.888888888888889,4,10,0,1,0.8227272727272728,29.450355397569982,32.16495337893679
agent_grid,1001,15,2,0.3,GDM-DTM,0.9333333333333333,0.8333333333333334,1.0,0.9090909090909091,5,9,1,0,0.8590909090909091,16.016260832269236,13.704306845934209
agent_grid,1001,15,2,0.3,LR-Trust,0.9333333333333333,0.8333333333333334,1.0,0.9090909090909091,5,9,1,0,0.9090909090909091,21.236021259572325,18.45610652482243
agent_grid,1001,15,2,0.3,MLP-Trust,0.9333333333333333,0.8333333333333334,1.0,0.9090909090909091,5,9,1,0,0.9,25.36630681361145,34.9885138085915
agent_grid,1001,15,2,0.3,MTIM,0.9333333333333333,0.8333333333333334,1.0,0.9090909090909091,5,9,1,0,0.9090909090909091,27.476725089439725,51.47577962583009
agent_grid,1002,15,2,0.3,MFA,0.8666666666666667,0.8,0.8,0.8000000000000002,4,9,1,1,0.8363636363636363,9.903604084000175,1.0
agent_grid,1002,15,2,0.3,FUBA,0.7333333333333333,0.5555555555555556,1.0,0.7142857142857143,5,6,4,0,0.8818181818181818,13.970500595905825,20.452486072285513
agent_grid,1002,15,2,0.3,GALTrust,0.7333333333333333,1.0,0.2,0.33333333333333337,1,10,0,4,0.7045454545454546,25.285042886433853,37.93783428968736
agent_grid,1002,15,2,0.3,GDM-DTM,0.8666666666666667,0.7142857142857143,1.0,0.8333333333333333,5,8,2,0,0.8363636363636363,21.10018303418806,19.423958225121048
agent_grid,1002,15,2,0.3,LR-Trust,0.8,0.75,0.6,0.6666666666666665,3,9,1,2,0.9045454545454545,21.168305579626946,26.197771828591616
agent_grid,1002,15,2,0.3,MLP-Trust,0.9333333333333333,0.8333333333333334,1.0,0.9090909090909091,5,9,1,0,0.9090909090909091,24.686697840286875,36.59072096939671
agent_grid,1002,15,2,0.3,MTIM,0.9333333333333333,0.8333333333333334,1.0,0.9090909090909091,5,9,1,0,0.9090909090909091,32.35997199711533,57.522802113412745
agent_grid,1003,15,2,0.3,MFA,0.9333333333333333,1.0,0.8,0.888888888888889,4,10,0,1,0.8318181818181818,9.303957966095409,7.30493089559924
agent_grid,1003,15,2,0.3,FUBA,0.8666666666666667,1.0,0.6,0.7499999999999999,3,10,0,2,0.8454545454545455,13.667253215601475,14.180218391121128
agent_grid,1003,15,2,0.3,GALTrust,0.6666666666666666,0.0,0.0,0.0,0,10,0,5,0.740909090909091,30.388600142427496,39.58222702895827
agent_grid,1003,15,2,0.3,GDM-DTM,0.9333333333333333,0.8333333333333334,1.0,0.9090909090909091,5,9,1,0,0.8272727272727273,16.910825789656847,16.19030016989285
agent_grid,1003,15,2,0.3,LR-Trust,1.0,1.0,1.0,1.0,5,10,0,0,0.9136363636363637,17.825038995792777,25.633092907154104
agent_grid,1003,15,2,0.3,MLP-Trust,1.0,1.0,1.0,1.0,5,10,0,0,0.9136363636363637,22.058887323783175,35.15316700910308
agent_grid,1003,15,2,0.3,MTIM,1.0,1.0,1.0,1.0,5,10,0,0,0.9227272727272727,29.306305196360206,53.14636202868339
agent_grid,1004,15,2,0.3,MFA,0.8666666666666667,0.8,0.8,0.8000000000000002,4,9,1,1,0.8227272727272728,11.499893961599277,10.628844626456296
agent_grid,1004,15,2,0.3,FUBA,0.7333333333333333,0.6,0.6,0.6,3,8,2,2,0.7772727272727272,11.488441178672062,17.55814036696502
agent_grid,1004,15,2,0.3,GALTrust,0.8,1.0,0.4,0.5714285714285715,2,10,0,3,0.7727272727272727,28.15730335696856,41.12705267202752
agent_grid,1004,15,2,0.3,GDM-DTM,0.9333333333333333,1.0,0.8,0.888888888888889,4,10,0,1,0.8454545454545455,15.849568051648504,22.916872106180907
agent_grid,1004,15,2,0.3,LR-Trust,1.0,1.0,1.0,1.0,5,10,0,0,0.9045454545454545,19.192424918928513,17.758132690597634
agent_grid,1004,15,2,0.3,MLP-Trust,1.0,1.0,1.0,1.0,5,10,0,0,0.9,21.357795798068544,35.03341039323101
agent_grid,1004,15,2,0.3,MTIM,1.0,1.0,1.0,1.0,5,10,0,0,0.9363636363636364,29.987302252766806,49.176150691073715
agent_grid,1005,15,2,0.3,MFA,0.9333333333333333,1.0,0.8,0.888888888888889,4,10,0,1,0.8636363636363636,7.50251169862608,3.462280276055192
agent_grid,1005,15,2,0.3,FUBA,0.6666666666666666,0.5,0.6,0.5454545454545454,3,7,3,2,0.7636363636363637,12.154970992115146,9.321125456212389
agent_grid,1005,15,2,0.3,GALTrust,0.8,1.0,0.4,0.5714285714285715,2,10,0,3,0.8227272727272728,30.628113261141245,38.313384966519735
agent_grid,1005,15,2,0.3,GDM-DTM,0.8666666666666667,0.7142857142857143,1.0,0.8333333333333333,5,8,2,0,0.8818181818181818,18.49096663803223,17.14029157901796
agent_grid,1005,15,2,0.3,LR-Trust,0.9333333333333333,0.8333333333333334,1.0,0.9090909090909091,5,9,1,0,0.9318181818181818,16.16907795554641,19.271431154390687
agent_grid,1005,15,2,0.3,MLP-Trust,1.0,1.0,1.0,1.0,5,10,0,0,0.8863636363636364,23.34202959735359,30.150362072303555
agent_grid,1005,15,2,0.3,MTIM,1.0,1.0,1.0,1.0,5,10,0,0,0.9227272727272727,31.08670671946763,49.0231369777411
agent_grid,1006,15,2,0.3,MFA,0.8,1.0,0.4,0.5714285714285715,2,10,0,3,0.7681818181818182,7.031259278441496,1.9227768275155963
agent_grid,1006,15,2,0.3,FUBA,0.9333333333333333,0.8333333333333334,1.0,0.9090909090909091,5,9,1,0,0.8772727272727273,15.920422196578539,10.632018472670525
agent_grid,1006,15,2,0.3,GALTrust,0.7333333333333333,1.0,0.2,0.33333333333333337,1,10,0,4,0.7863636363636364,31.789422601787752,39.88217014414031
agent_grid,1006,15,2,0.3,GDM-DTM,0.8,0.75,0.6,0.6666666666666665,3,9,1,2,0.8045454545454546,14.553921879530307,24.062780845454025
agent_grid,1006,15,2,0.3,LR-Trust,0.9333333333333333,0.8333333333333334,1.0,0.9090909090909091,5,9,1,0,0.8590909090909091,22.720786948983264,23.58194090375264
agent_grid,1006,15,2,0.3,MLP-Trust,0.9333333333333333,0.8333333333333334,1.0,0.9090909090909091,5,9,1,0,0.8727272727272727,22.74303809598679,28.545779684068464
agent_grid,1006,15,2,0.3,MTIM,0.9333333333333333,0.8333333333333334,1.0,0.9090909090909091,5,9,1,0,0.9318181818181818,28.813025401950533,54.9249696005214
agent_grid,1007,15,2,0.3,MFA,0.8,0.6666666666666666,0.8,0.7272727272727272,4,8,2,1,0.8090909090909091,8.500606331322267,6.179553871266526
agent_grid,1007,15,2,0.3,FUBA,0.9333333333333333,1.0,0.8,0.888888888888889,4,10,0,1,0.8181818181818182,13.552400677221904,11.566083896202727
agent_grid,1007,15,2,0.3,GALTrust,0.7333333333333333,1.0,0.2,0.33333333333333337,1,10,0,4,0.7681818181818182,28.260235752998625,29.431397267276758
agent_grid,1007,15,2,0.3,GDM-DTM,0.8666666666666667,0.8,0.8,0.8000000000000002,4,9,1,1,0.8590909090909091,17.445770681573688,28.93487395057408
agent_grid,1007,15,2,0.3,LR-Trust,0.9333333333333333,1.0,0.8,0.888888888888889,4,10,0,1,0.8590909090909091,20.500414112142764,20.99089368900234
agent_grid,1007,15,2,0.3,MLP-Trust,0.9333333333333333,1.0,0.8,0.888888888888889,4,10,0,1,0.8181818181818182,23.15319040930479,37.05162999467708
agent_grid,1007,15,2,0.3,MTIM,0.9333333333333333,1.0,0.8,0.888888888888889,4,10,0,1,0.8954545454545455,33.92990372896636,50.57026192392041
agent_grid,1008,15,2,0.3,MFA,0.8666666666666667,1.0,0.6,0.7499999999999999,3,10,0,2,0.8090909090909091,11.583705347784077,9.341364293207139
agent_grid,1008,15,2,0.3,FUBA,0.8666666666666667,0.8,0.8,0.8000000000000002,4,9,1,1,0.8272727272727273,10.713251081582126,3.654588718681314
agent_grid,1008,15,2,0.3,GALTrust,0.7333333333333333,1.0,0.2,0.33333333333333337,1,10,0,4,0.7909090909090909,30.700416878730532,35.67458206345009
agent_grid,1008,15,2,0.3,GDM-DTM,0.8666666666666667,1.0,0.6,0.7499999999999999,3,10,0,2,0.8045454545454546,16.99114740828964,15.39997676199101
agent_grid,1008,15,2,0.3,LR-Trust,1.0,1.0,1.0,1.0,5,10,0,0,0.9272727272727272,22.163356872971832,23.708291261671533
agent_grid,1008,15,2,0.3,MLP-Trust,1.0,1.0,1.0,1.0,5,10,0,0,0.9,23.06547690391327,36.174811642589354
agent_grid,1008,15,2,0.3,MTIM,1.0,1.0,1.0,1.0,5,10,0,0,0.9,29.6521917585565,50.378305497335965
agent_grid,1009,15,2,0.3,MFA,0.6666666666666666,0.5,0.4,0.4444444444444445,2,8,2,3,0.740909090909091,9.900765050451241,12.69867786697795
agent_grid,1009,15,2,0.3,FUBA,0.7333333333333333,0.6,0.6,0.6,3,8,2,2,0.8409090909090909,14.621073986457294,18.95257670360562
agent_grid,1009,15,2,0.3,GALTrust,0.7333333333333333,1.0,0.2,0.33333333333333337,1,10,0,4,0.7454545454545455,29.802904596992093,45.02605201975853
agent_grid,1009,15,2,0.3,GDM-DTM,0.8,0.6666666666666666,0.8,0.7272727272727272,4,8,2,1,0.8090909090909091,18.511531473232456,15.250691087805272
agent_grid,1009,15,2,0.3,LR-Trust,0.8666666666666667,0.8,0.8,0.8000000000000002,4,9,1,1,0.9136363636363637,19.588505538649336,28.633006489560806
agent_grid,1009,15,2,0.3,MLP-Trust,1.0,1.0,1.0,1.0,5,10,0,0,0.8909090909090909,20.216118651604127,25.906806445802292
agent_grid,1009,15,2,0.3,MTIM,1.0,1.0,1.0,1.0,5,10,0,0,0.9227272727272727,31.549333701223425,53.27447375241575
agent_grid,1010,15,2,0.3,MFA,1.0,1.0,1.0,1.0,5,10,0,0,0.85,10.46360629842454,11.431630303834366
agent_grid,1010,15,2,0.3,FUBA,0.9333333333333333,0.8333333333333334,1.0,0.9090909090909091,5,9,1,0,0.8681818181818182,14.905238625003658,15.125376197828473
agent_grid,1010,15,2,0.3,GALTrust,0.7333333333333333,1.0,0.2,0.33333333333333337,1,10,0,4,0.7454545454545455,33.64229165395589,37.83082540552283
agent_grid,1010,15,2,0.3,GDM-DTM,0.9333333333333333,1.0,0.8,0.888888888888889,4,10,0,1,0.8545454545454545,19.558811195268515,15.711956139509098
agent_grid,1010,15,2,0.3,LR-Trust,1.0,1.0,1.0,1.0,5,10,0,0,0.9181818181818182,20.52703327847397,21.907587974893488
agent_grid,1010,15,2,0.3,MLP-Trust,1.0,1.0,1.0,1.0,5,10,0,0,0.9227272727272727,26.658151629119235,27.133973750448945
agent_grid,1010,15,2,0.3,MTIM,1.0,1.0,1.0,1.0,5,10,0,0,0.9363636363636364,33.7953700402446,53.900241725865406
agent_grid,1011,15,2,0.3,MFA,0.7333333333333333,0.6666666666666666,0.4,0.5,2,9,1,3,0.7136363636363636,8.246122033421459,1.0
agent_grid,1011,15,2,0.3,FUBA,0.8,0.75,0.6,0.6666666666666665,3,9,1,2,0.7818181818181819,15.554836068056481,14.598969438837017
agent_grid,1011,15,2,0.3,GALTrust,0.7333333333333333,1.0,0.2,0.33333333333333337,1,10,0,4,0.7681818181818182,28.17209435097815,39.88981898931936
agent_grid,1011,15,2,0.3,GDM-DTM,0.8666666666666667,0.8,0.8,0.8000000000000002,4,9,1,1,0.8409090909090909,17.876751343597068,14.386900961055034
agent_grid,1011,15,2,0.3,LR-Trust,0.8666666666666667,0.8,0.8,0.8000000000000002,4,9,1,1,0.8863636363636364,21.18697720821185,18.983094389234306
agent_grid,1011,15,2,0.3,MLP-Trust,0.9333333333333333,1.0,0.8,0.888888888888889,4,10,0,1,0.8363636363636363,22.842634037670198,35.19174864580198
agent_grid,1011,15,2,0.3,MTIM,0.9333333333333333,1.0,0.8,0.888888888888889,4,10,0,1,0.8727272727272727,31.785172228012694,48.753524165643874
agent_grid,1012,15,2,0.3,MFA,0.8,1.0,0.4,0.5714285714285715,2,10,0,3,0.7272727272727273,7.425191674621335,4.89930915970305
agent_grid,1012,15,2,0.3,FUBA,0.7333333333333333,0.6666666666666666,0.4,0.5,2,9,1,3,0.740909090909091,14.077807794617234,16.56449997893478
agent_grid,1012,15,2,0.3,GALTrust,0.8,1.0,0.4,0.5714285714285715,2,10,0,3,0.7545454545454545,31.263887830970248,42.97217862914867
agent_grid,1012,15,2,0.3,GDM-DTM,0.7333333333333333,0.6,0.6,0.6,3,8,2,2,0.8318181818181818,17.553462848702452,20.692198849156483
agent_grid,1012,15,2,0.3,LR-Trust,0.8666666666666667,1.0,0.6,0.7499999999999999,3,10,0,2,0.8136363636363636,19.131396404582826,21.046650805141244
agent_grid,1012,15,2,0.3,MLP-Trust,0.8,0.75,0.6,0.6666666666666665,3,9,1,2,0.8272727272727273,24.877085652561625,30.34307533894814
agent_grid,1012,15,2,0.3,MTIM,0.8666666666666667,1.0,0.6,0.7499999999999999,3,10,0,2,0.7954545454545454,30.89707982137022,53.645375391239185
agent_grid,1013,15,2,0.3,MFA,0.9333333333333333,0.8333333333333334,1.0,0.9090909090909091,5,9,1,0,0.8454545454545455,11.83814762437187,6.9740197676935605
agent_grid,1013,15,2,0.3,FUBA,0.8666666666666667,0.7142857142857143,1.0,0.8333333333333333,5,8,2,0,0.8590909090909091,16.389385041878235,11.53872455134571
agent_grid,1013,15,2,0.3,GALTrust,0.8,1.0,0.4,0.5714285714285715,2,10,0,3,0.8272727272727273,29.983440941128887,34.14089420855876
agent_grid,1013,15,2,0.3,GDM-DTM,1.0,1.0,1.0,1.0,5,10,0,0,0.8409090909090909,16.74332463904539,21.624078037460848
agent_grid,1013,15,2,0.3,LR-Trust,0.9333333333333333,0.8333333333333334,1.0,0.9090909090909091,5,9,1,0,0.9136363636363637,19.226808479438034,20.126313600856363
agent_grid,1013,15,2,0.3,MLP-Trust,0.9333333333333333,0.8333333333333334,1.0,0.9090909090909091,5,9,1,0,0.9272727272727272,22.728947422800044,37.692135420740534
agent_grid,1013,15,2,0.3,MTIM,0.9333333333333333,0.8333333333333334,1.0,0.9090909090909091,5,9,1,0,0.9409090909090909,32.13612400720676,52.373306009456265
agent_grid,1014,15,2,0.3,MFA,0.6666666666666666,0.5,0.4,0.4444444444444445,2,8,2,3,0.759090909090909,10.58764735076181,6.148777142708176
agent_grid,1014,15,2,0.3,FUBA,0.7333333333333333,0.5714285714285714,0.8,0.6666666666666666,4,7,3,1,0.8090909090909091,14.557765774577787,7.66400883001147
agent_grid,1014,15,2,0.3,GALTrust,0.6666666666666666,0.0,0.0,0.0,0,10,0,5,0.7272727272727273,32.0168739427883,45.024289454083025
agent_grid,1014,15,2,0.3,GDM-DTM,0.8,0.6666666666666666,0.8,0.7272727272727272,4,8,2,1,0.7545454545454545,15.255208520136968,20.08103378188686
agent_grid,1014,15,2,0.3,LR-Trust,0.8,0.6666666666666666,0.8,0.7272727272727272,4,8,2,1,0.8727272727272727,20.325169016259785,24.969580599543455
agent_grid,1014,15,2,0.3,MLP-Trust,0.9333333333333333,0.8333333333333334,1.0,0.9090909090909091,5,9,1,0,0.8863636363636364,25.341671739372465,37.26319924941397
agent_grid,1014,15,2,0.3,MTIM,0.9333333333333333,0.8333333333333334,1.0,0.9090909090909091,5,9,1,0,0.9090909090909091,31.219199466757313,57.66851521559841
agent_grid,1015,15,2,0.3,MFA,0.9333333333333333,1.0,0.8,0.888888888888889,4,10,0,1,0.7818181818181819,11.588180876009435,6.749070566205834
agent_grid,1015,15,2,0.3,FUBA,0.8,0.6666666666666666,0.8,0.7272727272727272,4,8,2,1,0.8318181818181818,15.750991175136065,12.242629034463198
agent_grid,1015,15,2,0.3,GALTrust,0.7333333333333333,1.0,0.2,0.33333333333333337,1,10,0,4,0.7727272727272727,32.14599164887044,38.01457383825977
agent_grid,1015,15,2,0.3,GDM-DTM,1.0,1.0,1.0,1.0,5,10,0,0,0.8727272727272727,14.472669270219427,17.531267197979865
agent_grid,1015,15,2,0.3,LR-Trust,1.0,1.0,1.0,1.0,5,10,0,0,0.8954545454545455,14.604255255114062,20.52892059446015
agent_grid,1015,15,2,0.3,MLP-Trust,1.0,1.0,1.0,1.0,5,10,0,0,0.8954545454545455,23.130641073924867,27.443040999849142
agent_grid,1015,15,2,0.3,MTIM,1.0,1.0,1.0,1.0,5,10,0,0,0.9090909090909091,29.905685973145054,49.10463009035132
agent_grid,1016,15,2,0.3,MFA,0.9333333333333333,0.8333333333333334,1.0,0.9090909090909091,5,9,1,0,0.8181818181818182,7.249978682200373,10.496388599544835
agent_grid,1016,15,2,0.3,FUBA,0.8,0.625,1.0,0.7692307692307693,5,7,3,0,0.85,12.299642080207281,16.007037781457818
agent_grid,1016,15,2,0.3,GALTrust,0.7333333333333333,1.0,0.2,0.33333333333333337,1,10,0,4,0.740909090909091,28.685727453328955,32.96516639767085
agent_grid,1016,15,2,0.3,GDM-DTM,0.6666666666666666,0.5,1.0,0.6666666666666666,5,5,5,0,0.7909090909090909,16.00514176978827,23.85150411625863
agent_grid,1016,15,2,0.3,LR-Trust,0.8666666666666667,0.7142857142857143,1.0,0.8333333333333333,5,8,2,0,0.9045454545454545,21.26095003406108,16.366350146281597
agent_grid,1016,15,2,0.3,MLP-Trust,0.9333333333333333,0.8333333333333334,1.0,0.9090909090909091,5,9,1,0,0.9227272727272727,19.343171994814934,27.621655214622844
agent_grid,1016,15,2,0.3,MTIM,0.9333333333333333,0.8333333333333334,1.0,0.9090909090909091,5,9,1,0,0.9272727272727272,30.076628346764803,46.76345504520409
agent_grid,1017,15,2,0.3,MFA,0.8,1.0,0.4,0.5714285714285715,2,10,0,3,0.7863636363636364,9.635842935747107,2.1488955634407274
agent_grid,1017,15,2,0.3,FUBA,0.8666666666666667,0.7142857142857143,1.0,0.8333333333333333,5,8,2,0,0.8727272727272727,13.366524058495242,14.58940384523592
agent_grid,1017,15,2,0.3,GALTrust,0.7333333333333333,1.0,0.2,0.33333333333333337,1,10,0,4,0.7136363636363636,28.13262912385734,32.230090807262314
agent_grid,1017,15,2,0.3,GDM-DTM,0.9333333333333333,1.0,0.8,0.888888888888889,4,10,0,1,0.8545454545454545,17.079672571870887,15.588109284510663
agent_grid,1017,15,2,0.3,LR-Trust,1.0,1.0,1.0,1.0,5,10,0,0,0.9136363636363637,18.967496682686324,23.39565875376041
agent_grid,1017,15,2,0.3,MLP-Trust,1.0,1.0,1.0,1.0,5,10,0,0,0.8863636363636364,26.033459827878705,25.632569110986232
agent_grid,1017,15,2,0.3,MTIM,1.0,1.0,1.0,1.0,5,10,0,0,0.8863636363636364,28.870198667420404,60.59838197974058
agent_grid,1018,15,2,0.3,MFA,0.9333333333333333,1.0,0.8,0.888888888888889,4,10,0,1,0.8,8.564314904491091,10.689497239521481
agent_grid,1018,15,2,0.3,FUBA,0.8666666666666667,0.8,0.8,0.8000000000000002,4,9,1,1,0.8818181818181818,17.435672074008394,13.973136572572818
agent_grid,1018,15,2,0.3,GALTrust,0.8666666666666667,1.0,0.6,0.7499999999999999,3,10,0,2,0.8045454545454546,28.87707872267705,36.235248761130876
agent_grid,1018,15,2,0.3,GDM-DTM,0.9333333333333333,1.0,0.8,0.888888888888889,4,10,0,1,0.7772727272727272,19.21895877438625,14.53493244842938
agent_grid,1018,15,2,0.3,LR-Trust,0.9333333333333333,1.0,0.8,0.888888888888889,4,10,0,1,0.8181818181818182,15.813563785382076,25.840096709206755
agent_grid,1018,15,2,0.3,MLP-Trust,0.9333333333333333,1.0,0.8,0.888888888888889,4,10,0,1,0.8227272727272728,25.05325243663539,32.51713166235986
agent_grid,1018,15,2,0.3,MTIM,0.9333333333333333,1.0,0.8,0.888888888888889,4,10,0,1,0.8727272727272727,32.41612672084858,52.93846847626986
agent_grid,1019,15,2,0.3,MFA,0.8666666666666667,1.0,0.6,0.7499999999999999,3,10,0,2,0.7727272727272727,8.662919630642762,9.996882405788824
agent_grid,1019,15,2,0.3,FUBA,0.8,0.6666666666666666,0.8,0.7272727272727272,4,8,2,1,0.7954545454545454,17.3807333375144,12.79247365858683
agent_grid,1019,15,2,0.3,GALTrust,0.7333333333333333,1.0,0.2,0.33333333333333337,1,10,0,4,0.7545454545454545,27.749883918282503,36.70471496723645
agent_grid,1019,15,2,0.3,GDM-DTM,0.8666666666666667,0.8,0.8,0.8000000000000002,4,9,1,1,0.8,16.98587142449751,19.556421225033937
agent_grid,1019,15,2,0.3,LR-Trust,0.8666666666666667,0.8,0.8,0.8000000000000002,4,9,1,1,0.85,20.903978867527872,16.803240147854535
agent_grid,1019,15,2,0.3,MLP-Trust,1.0,1.0,1.0,1.0,5,10,0,0,0.9181818181818182,23.577079294975753,34.835520074158325
agent_grid,1019,15,2,0.3,MTIM,0.9333333333333333,1.0,0.8,0.888888888888889,4,10,0,1,0.9318181818181818,31.344541502033486,56.18596462096803
agent_grid,1020,15,2,0.3,MFA,0.6666666666666666,0.5,0.4,0.4444444444444445,2,8,2,3,0.7045454545454546,9.971689764411332,4.659528549865033
agent_grid,1020,15,2,0.3,FUBA,0.8666666666666667,1.0,0.6,0.7499999999999999,3,10,0,2,0.7863636363636364,16.665782176207948,11.47188745673121
agent_grid,1020,15,2,0.3,GALTrust,0.7333333333333333,1.0,0.2,0.33333333333333337,1,10,0,4,0.7227272727272728,30.49834571205892,37.319198974268765
agent_grid,1020,15,2,0.3,GDM-DTM,0.8666666666666667,0.8,0.8,0.8000000000000002,4,9,1,1,0.8,15.659527152344824,17.38215897045707
agent_grid,1020,15,2,0.3,LR-Trust,0.8666666666666667,0.8,0.8,0.8000000000000002,4,9,1,1,0.8727272727272727,20.875289570426222,22.892244118018265
agent_grid,1020,15,2,0.3,MLP-Trust,0.8666666666666667,0.8,0.8,0.8000000000000002,4,9,1,1,0.8545454545454545,21.569061409824936,31.609031015899237
agent_grid,1020,15,2,0.3,MTIM,0.8666666666666667,0.8,0.8,0.8000000000000002,4,9,1,1,0.8727272727272727,31.67275906613788,45.311135792813005
agent_grid,1021,15,2,0.3,MFA,0.8,0.75,0.6,0.6666666666666665,3,9,1,2,0.7818181818181819,6.039694813351067,6.46889514607456
agent_grid,1021,15,2,0.3,FUBA,0.8,0.75,0.6,0.6666666666666665,3,9,1,2,0.7772727272727272,12.885713202169564,5.990805254150475
agent_grid,1021,15,2,0.3,GALTrust,0.7333333333333333,1.0,0.2,0.33333333333333337,1,10,0,4,0.7727272727272727,27.71370647720039,38.586235530895294
agent_grid,1021,15,2,0.3,GDM-DTM,0.8666666666666667,0.8,0.8,0.8000000000000002,4,9,1,1,0.8409090909090909,18.296945740453587,20.527894662653566
agent_grid,1021,15,2,0.3,LR-Trust,0.8,0.75,0.6,0.6666666666666665,3,9,1,2,0.9,18.70035906330137,22.486247332330173
agent_grid,1021,15,2,0.3,MLP-Trust,1.0,1.0,1.0,1.0,5,10,0,0,0.9090909090909091,23.663817619647762,33.55590671820137
agent_grid,1021,15,2,0.3,MTIM,1.0,1.0,1.0,1.0,5,10,0,0,0.9136363636363637,32.85309816927149,51.60257815479069
agent_grid,1022,15,2,0.3,MFA,0.8666666666666667,0.8,0.8,0.8000000000000002,4,9,1,1,0.8545454545454545,6.6495399280049785,1.0
agent_grid,1022,15,2,0.3,FUBA,0.8666666666666667,0.8,0.8,0.8000000000000002,4,9,1,1,0.7818181818181819,15.487393332184727,16.47002352025164
agent_grid,1022,15,2,0.3,GALTrust,0.8666666666666667,1.0,0.6,0.7499999999999999,3,10,0,2,0.8090909090909091,28.484406151205565,36.778543710166645
agent_grid,1022,15,2,0.3,GDM-DTM,0.9333333333333333,1.0,0.8,0.888888888888889,4,10,0,1,0.8090909090909091,19.572182463367053,16.21456530125642
agent_grid,1022,15,2,0.3,LR-Trust,1.0,1.0,1.0,1.0,5,10,0,0,0.8772727272727273,20.16906458480826,19.56163092042473
agent_grid,1022,15,2,0.3,MLP-Trust,1.0,1.0,1.0,1.0,5,10,0,0,0.8954545454545455,22.955377063356163,30.85203161902835
agent_grid,1022,15,2,0.3,MTIM,1.0,1.0,1.0,1.0,5,10,0,0,0.9136363636363637,32.189716504284696,54.78066093913579
agent_grid,1023,15,2,0.3,MFA,0.8,0.75,0.6,0.6666666666666665,3,9,1,2,0.8136363636363636,7.25813491937301,6.659765274730693
agent_grid,1023,15,2,0.3,FUBA,0.8,0.625,1.0,0.7692307692307693,5,7,3,0,0.8772727272727273,15.862503931269705,23.627284154525686
agent_grid,1023,15,2,0.3,GALTrust,0.9333333333333333,1.0,0.8,0.888888888888889,4,10,0,1,0.8318181818181818,27.6004795494602,37.874548319767904
agent_grid,1023,15,2,0.3,GDM-DTM,0.8,0.625,1.0,0.7692307692307693,5,7,3,0,0.8681818181818182,15.836536074043764,20.046250821896102
agent_grid,1023,15,2,0.3,LR-Trust,0.7333333333333333,0.5555555555555556,1.0,0.7142857142857143,5,6,4,0,0.9181818181818182,17.880234434492635,14.722566750647612
agent_grid,1023,15,2,0.3,MLP-Trust,1.0,1.0,1.0,1.0,5,10,0,0,0.85,20.75054555464655,31.25877764220185
agent_grid,1023,15,2,0.3,MTIM,1.0,1.0,1.0,1.0,5,10,0,0,0.9318181818181818,31.494493479201164,44.30718238451068
agent_grid,1024,15,2,0.3,MFA,0.8666666666666667,1.0,0.6,0.7499999999999999,3,10,0,2,0.8090909090909091,4.751938813466032,11.04853732445411
agent_grid,1024,15,2,0.3,FUBA,0.7333333333333333,0.6,0.6,0.6,3,8,2,2,0.7545454545454545,12.844710080863717,10.849913113064094
agent_grid,1024,15,2,0.3,GALTrust,0.6666666666666666,0.5,0.2,0.28571428571428575,1,9,1,4,0.740909090909091,31.56180242989609,35.88520747584006
agent_grid,1024,15,2,0.3,GDM-DTM,0.8,0.75,0.6,0.6666666666666665,3,9,1,2,0.7909090909090909,21.22849009668505,17.685416481267758
agent_grid,1024,15,2,0.3,LR-Trust,0.8,0.75,0.6,0.6666666666666665,3,9,1,2,0.8409090909090909,19.897896513179496,24.832313965679703
agent_grid,1024,15,2,0.3,MLP-Trust,0.8666666666666667,1.0,0.6,0.7499999999999999,3,10,0,2,0.8181818181818182,23.610414456830807,30.138713915379515
agent_grid,1024,15,2,0.3,MTIM,0.9333333333333333,1.0,0.8,0.888888888888889,4,10,0,1,0.8681818181818182,31.67811745680018,49.12064936644122
agent_grid,1025,15,2,0.3,MFA,0.8,1.0,0.4,0.5714285714285715,2,10,0,3,0.7772727272727272,9.786612071611614,7.67587307499436
agent_grid,1025,15,2,0.3,FUBA,0.8666666666666667,0.8,0.8,0.8000000000000002,4,9,1,1,0.8318181818181818,17.67020085805415,13.415664849957118
agent_grid,1025,15,2,0.3,GALTrust,0.8,1.0,0.4,0.5714285714285715,2,10,0,3,0.7454545454545455,30.171933944233437,33.72860598092464
agent_grid,1025,15,2,0.3,GDM-DTM,0.8,0.6666666666666666,0.8,0.7272727272727272,4,8,2,1,0.8318181818181818,18.752592537605647,26.482032416049694
agent_grid,1025,15,2,0.3,LR-Trust,0.8,0.75,0.6,0.6666666666666665,3,9,1,2,0.8409090909090909,17.50308262532683,20.399408072416616
agent_grid,1025,15,2,0.3,MLP-Trust,0.9333333333333333,1.0,0.8,0.888888888888889,4,10,0,1,0.85,25.902813729458682,32.41522593848991
agent_grid,1025,15,2,0.3,MTIM,0.9333333333333333,1.0,0.8,0.888888888888889,4,10,0,1,0.8681818181818182,29.408800301034727,50.78605622001496
agent_grid,1026,15,2,0.3,MFA,0.6,0.4,0.4,0.4000000000000001,2,7,3,3,0.7227272727272728,9.311247727269013,1.0
agent_grid,1026,15,2,0.3,FUBA,0.5333333333333333,0.375,0.6,0.4615384615384615,3,5,5,2,0.7454545454545455,17.353183831098832,15.41912441289456
agent_grid,1026,15,2,0.3,GALTrust,0.6666666666666666,0.5,0.2,0.28571428571428575,1,9,1,4,0.7045454545454546,29.759999297335902,38.183250760282725
agent_grid,1026,15,2,0.3,GDM-DTM,0.8666666666666667,0.8,0.8,0.8000000000000002,4,9,1,1,0.8272727272727273,17.320138381724412,13.433644069501646
agent_grid,1026,15,2,0.3,LR-Trust,0.8666666666666667,0.8,0.8,0.8000000000000002,4,9,1,1,0.9,18.21633142272785,16.58845358750915
agent_grid,1026,15,2,0.3,MLP-Trust,0.8666666666666667,0.7142857142857143,1.0,0.8333333333333333,5,8,2,0,0.9227272727272727,26.713785902812383,30.35680470986764
agent_grid,1026,15,2,0.3,MTIM,0.9333333333333333,0.8333333333333334,1.0,0.9090909090909091,5,9,1,0,0.9318181818181818,31.696081675240244,51.110678833825766
agent_grid,1027,15,2,0.3,MFA,0.7333333333333333,0.6666666666666666,0.4,0.5,2,9,1,3,0.7954545454545454,11.765284008291362,3.828106678196952
agent_grid,1027,15,2,0.3,FUBA,0.8,0.75,0.6,0.6666666666666665,3,9,1,2,0.7318181818181818,15.33121426895097,16.09256296233915
agent_grid,1027,15,2,0.3,GALTrust,0.8,1.0,0.4,0.5714285714285715,2,10,0,3,0.7363636363636363,29.8383248061673,44.23832482573797
agent_grid,1027,15,2,0.3,GDM-DTM,0.8,1.0,0.4,0.5714285714285715,2,10,0,3,0.7909090909090909,17.130991332070167,18.568375213014402
agent_grid,1027,15,2,0.3,LR-Trust,0.9333333333333333,1.0,0.8,0.888888888888889,4,10,0,1,0.8681818181818182,22.007648243797824,25.73960803268004
agent_grid,1027,15,2,0.3,MLP-Trust,0.8666666666666667,0.8,0.8,0.8000000000000002,4,9,1,1,0.8727272727272727,22.962300660124733,27.197374341621483
agent_grid,1027,15,2,0.3,MTIM,0.8666666666666667,0.8,0.8,0.8000000000000002,4,9,1,1,0.8772727272727273,29.811903502466055,46.44302682440086
agent_grid,1028,15,2,0.3,MFA,0.7333333333333333,0.6666666666666666,0.4,0.5,2,9,1,3,0.8045454545454546,12.121726037697869,13.230554263731559
agent_grid,1028,15,2,0.3,FUBA,0.8,1.0,0.4,0.5714285714285715,2,10,0,3,0.8,14.11885847059717,15.365619705655705
agent_grid,1028,15,2,0.3,GALTrust,0.6666666666666666,0.0,0.0,0.0,0,10,0,5,0.7045454545454546,27.38909019022455,35.67269962231979
agent_grid,1028,15,2,0.3,GDM-DTM,0.8666666666666667,1.0,0.6,0.7499999999999999,3,10,0,2,0.7818181818181819,16.47890985810609,14.413212208957518
agent_grid,1028,15,2,0.3,LR-Trust,0.8,0.6666666666666666,0.8,0.7272727272727272,4,8,2,1,0.8636363636363636,19.50567402444773,19.543721068862315
agent_grid,1028,15,2,0.3,MLP-Trust,0.9333333333333333,0.8333333333333334,1.0,0.9090909090909091,5,9,1,0,0.9409090909090909,25.128816798340416,34.4630765264163
agent_grid,1028,15,2,0.3,MTIM,0.9333333333333333,0.8333333333333334,1.0,0.9090909090909091,5,9,1,0,0.9090909090909091,30.522272939747428,47.19623643071642
agent_grid,1029,15,2,0.3,MFA,0.8,1.0,0.4,0.5714285714285715,2,10,0,3,0.7363636363636363,11.130029257565594,5.438446293730993
agent_grid,1029,15,2,0.3,FUBA,0.9333333333333333,1.0,0.8,0.888888888888889,4,10,0,1,0.8045454545454546,15.463426888874102,18.8336644756933
agent_grid,1029,15,2,0.3,GALTrust,0.7333333333333333,1.0,0.2,0.33333333333333337,1,10,0,4,0.740909090909091,29.208351196279896,40.217976793657414
agent_grid,1029,15,2,0.3,GDM-DTM,0.9333333333333333,0.8333333333333334,1.0,0.9090909090909091,5,9,1,0,0.8818181818181818,18.451853807973094,15.412670742744066
agent_grid,1029,15,2,0.3,LR-Trust,1.0,1.0,1.0,1.0,5,10,0,0,0.9454545454545454,18.917419688117672,24.189086802581887
agent_grid,1029,15,2,0.3,MLP-Trust,0.8666666666666667,0.7142857142857143,1.0,0.8333333333333333,5,8,2,0,0.8909090909090909,23.24414318818752,31.99717434808378
agent_grid,1029,15,2,0.3,MTIM,0.8666666666666667,0.7142857142857143,1.0,0.8333333333333333,5,8,2,0,0.9318181818181818,29.420384784985615,53.51323684335123
agent_grid,1030,15,2,0.3,MFA,0.9333333333333333,1.0,0.8,0.888888888888889,4,10,0,1,0.8,13.342970347912658,1.7918675353352942
agent_grid,1030,15,2,0.3,FUBA,0.8,0.6666666666666666,0.8,0.7272727272727272,4,8,2,1,0.8409090909090909,15.005386938615178,13.687922607265682
agent_grid,1030,15,2,0.3,GALTrust,0.8,1.0,0.4,0.5714285714285715,2,10,0,3,0.8090909090909091,29.698016440524892,36.57218363354466
agent_grid,1030,15,2,0.3,GDM-DTM,0.8,0.6666666666666666,0.8,0.7272727272727272,4,8,2,1,0.8454545454545455,18.325445758147218,13.675113782890719
agent_grid,1030,15,2,0.3,LR-Trust,0.9333333333333333,1.0,0.8,0.888888888888889,4,10,0,1,0.9136363636363637,18.223343796412145,15.98280971305831
agent_grid,1030,15,2,0.3,MLP-Trust,0.9333333333333333,1.0,0.8,0.888888888888889,4,10,0,1,0.8681818181818182,22.029929129416555,33.254936483154395
agent_grid,1030,15,2,0.3,MTIM,0.9333333333333333,1.0,0.8,0.888888888888889,4,10,0,1,0.8590909090909091,29.56572693615958,54.78684992464205
agent_grid,1031,15,2,0.3,MFA,0.8,0.75,0.6,0.6666666666666665,3,9,1,2,0.7681818181818182,9.968670241734236,13.734514795329574
agent_grid,1031,15,2,0.3,FUBA,0.8,0.75,0.6,0.6666666666666665,3,9,1,2,0.7545454545454545,16.300494752507465,11.499825602280858
agent_grid,1031,15,2,0.3,GALTrust,0.7333333333333333,1.0,0.2,0.33333333333333337,1,10,0,4,0.7454545454545455,29.34751481415803,34.635829879122284
agent_grid,1031,15,2,0.3,GDM-DTM,0.7333333333333333,0.6,0.6,0.6,3,8,2,2,0.7545454545454545,18.53468448618188,20.01975743808603
agent_grid,1031,15,2,0.3,LR-Trust,0.8666666666666667,0.7142857142857143,1.0,0.8333333333333333,5,8,2,0,0.8909090909090909,19.941563303362607,19.321806709141825
agent_grid,1031,15,2,0.3,MLP-Trust,1.0,1.0,1.0,1.0,5,10,0,0,0.9136363636363637,23.305716536970312,33.05466753657948
agent_grid,1031,15,2,0.3,MTIM,1.0,1.0,1.0,1.0,5,10,0,0,0.8954545454545455,35.27804868116739,44.99106205398988
agent_grid,1032,15,2,0.3,MFA,0.8,0.6666666666666666,0.8,0.7272727272727272,4,8,2,1,0.7954545454545454,11.345918065932013,11.067393870946585
agent_grid,1032,15,2,0.3,FUBA,0.8666666666666667,0.8,0.8,0.8000000000000002,4,9,1,1,0.8272727272727273,19.087349582521522,19.222879386357658
agent_grid,1032,15,2,0.3,GALTrust,0.7333333333333333,1.0,0.2,0.33333333333333337,1,10,0,4,0.7363636363636363,28.232182666544723,34.52741093944035
agent_grid,1032,15,2,0.3,GDM-DTM,0.8666666666666667,1.0,0.6,0.7499999999999999,3,10,0,2,0.7772727272727272,13.73987308323605,22.83739993392641
agent_grid,1032,15,2,0.3,LR-Trust,1.0,1.0,1.0,1.0,5,10,0,0,0.8818181818181818,18.13348280308578,17.968754994212603
agent_grid,1032,15,2,0.3,MLP-Trust,1.0,1.0,1.0,1.0,5,10,0,0,0.8863636363636364,23.96364006873211,34.091575147121645
agent_grid,1032,15,2,0.3,MTIM,1.0,1.0,1.0,1.0,5,10,0,0,0.9545454545454546,28.991173514175642,48.87429345582324
agent_grid,1033,15,2,0.3,MFA,0.7333333333333333,0.5714285714285714,0.8,0.6666666666666666,4,7,3,1,0.8045454545454546,10.934676948706048,7.437293082405565
agent_grid,1033,15,2,0.3,FUBA,0.8,0.625,1.0,0.7692307692307693,5,7,3,0,0.8818181818181818,11.66292222323906,14.702960348115306
agent_grid,1033,15,2,0.3,GALTrust,0.8,1.0,0.4,0.5714285714285715,2,10,0,3,0.8136363636363636,29.132613361985165,39.02400365302007
agent_grid,1033,15,2,0.3,GDM-DTM,0.8,0.6666666666666666,0.8,0.7272727272727272,4,8,2,1,0.8454545454545455,18.513191542623787,20.054243118054085
agent_grid,1033,15,2,0.3,LR-Trust,0.8666666666666667,0.8,0.8,0.8000000000000002,4,9,1,1,0.9090909090909091,19.068501530948993,18.226424527658427
agent_grid,1033,15,2,0.3,MLP-Trust,1.0,1.0,1.0,1.0,5,10,0,0,0.9090909090909091,24.873763578794765,35.00321387468656
agent_grid,1033,15,2,0.3,MTIM,1.0,1.0,1.0,1.0,5,10,0,0,0.9272727272727272,28.586093959278468,50.798455093473216
agent_grid,1034,15,2,0.3,MFA,0.6666666666666666,0.5,0.6,0.5454545454545454,3,7,3,2,0.7272727272727273,8.87255154672464,3.68954341333317
agent_grid,1034,15,2,0.3,FUBA,0.7333333333333333,0.6,0.6,0.6,3,8,2,2,0.7863636363636364,15.172812639657545,19.72389306830309
agent_grid,1034,15,2,0.3,GALTrust,0.7333333333333333,1.0,0.2,0.33333333333333337,1,10,0,4,0.8,25.823079518651102,36.15702652945475
agent_grid,1034,15,2,0.3,GDM-DTM,0.8666666666666667,0.8,0.8,0.8000000000000002,4,9,1,1,0.8227272727272728,13.519668213694864,18.0253335400277
agent_grid,1034,15,2,0.3,LR-Trust,0.9333333333333333,1.0,0.8,0.888888888888889,4,10,0,1,0.8909090909090909,20.93115802023348,23.61731164169278
agent_grid,1034,15,2,0.3,MLP-Trust,0.9333333333333333,1.0,0.8,0.888888888888889,4,10,0,1,0.9,23.62610409874492,28.84152874897592
agent_grid,1034,15,2,0.3,MTIM,0.9333333333333333,1.0,0.8,0.888888888888889,4,10,0,1,0.9045454545454545,29.756843011146586,43.41394813632813
agent_grid,1035,15,2,0.3,MFA,0.6666666666666666,0.5,0.8,0.6153846153846154,4,6,4,1,0.7909090909090909,7.892530949037168,3.4181336919242744
agent_grid,1035,15,2,0.3,FUBA,0.8666666666666667,0.8,0.8,0.8000000000000002,4,9,1,1,0.8318181818181818,14.925936390934044,19.774770779137498
agent_grid,1035,15,2,0.3,GALTrust,0.7333333333333333,1.0,0.2,0.33333333333333337,1,10,0,4,0.7727272727272727,28.66044133239919,37.003060638526605
agent_grid,1035,15,2,0.3,GDM-DTM,0.9333333333333333,0.8333333333333334,1.0,0.9090909090909091,5,9,1,0,0.8545454545454545,20.644285734490023,15.283482155252363
agent_grid,1035,15,2,0.3,LR-Trust,0.8666666666666667,0.8,0.8,0.8000000000000002,4,9,1,1,0.8545454545454545,20.087757440272547,19.952778817729012
agent_grid,1035,15,2,0.3,MLP-Trust,0.9333333333333333,1.0,0.8,0.888888888888889,4,10,0,1,0.8863636363636364,27.318445410280944,34.987660543522196
agent_grid,1035,15,2,0.3,MTIM,1.0,1.0,1.0,1.0,5,10,0,0,0.9181818181818182,30.82844983610001,46.28905248656956
agent_grid,1036,15,2,0.3,MFA,0.8666666666666667,1.0,0.6,0.7499999999999999,3,10,0,2,0.7863636363636364,10.669726149006012,13.3185008941294
agent_grid,1036,15,2,0.3,FUBA,0.8666666666666667,0.8,0.8,0.8000000000000002,4,9,1,1,0.8363636363636363,15.786163785640214,18.156890535078578
agent_grid,1036,15,2,0.3,GALTrust,0.8666666666666667,1.0,0.6,0.7499999999999999,3,10,0,2,0.7909090909090909,32.30515646855348,45.99639600088119
agent_grid,1036,15,2,0.3,GDM-DTM,0.9333333333333333,0.8333333333333334,1.0,0.9090909090909091,5,9,1,0,0.8409090909090909,16.775990734257302,15.995504694165575
agent_grid,1036,15,2,0.3,LR-Trust,0.9333333333333333,0.8333333333333334,1.0,0.9090909090909091,5,9,1,0,0.9272727272727272,19.66703652115322,22.07730219616793
agent_grid,1036,15,2,0.3,MLP-Trust,1.0,1.0,1.0,1.0,5,10,0,0,0.9,21.407374140883604,43.9743660401187
agent_grid,1036,15,2,0.3,MTIM,1.0,1.0,1.0,1.0,5,10,0,0,0.9136363636363637,29.237107035397493,57.683806807312685
agent_grid,1037,15,2,0.3,MFA,0.8666666666666667,1.0,0.6,0.7499999999999999,3,10,0,2,0.8409090909090909,10.428720082838879,7.896594948040063
agent_grid,1037,15,2,0.3,FUBA,0.8,0.75,0.6,0.6666666666666665,3,9,1,2,0.7727272727272727,12.014230303064668,13.07488862543042
agent_grid,1037,15,2,0.3,GALTrust,0.8,1.0,0.4,0.5714285714285715,2,10,0,3,0.7954545454545454,31.489203358532365,41.33556859902686
agent_grid,1037,15,2,0.3,GDM-DTM,0.7333333333333333,0.6,0.6,0.6,3,8,2,2,0.7636363636363637,17.053959737260723,9.248459191280128
agent_grid,1037,15,2,0.3,LR-Trust,0.8,0.75,0.6,0.6666666666666665,3,9,1,2,0.8681818181818182,16.309041076567016,15.392389645832584
agent_grid,1037,15,2,0.3,MLP-Trust,0.9333333333333333,0.8333333333333334,1.0,0.9090909090909091,5,9,1,0,0.9090909090909091,26.070587274882907,32.145881996215735
agent_grid,1037,15,2,0.3,MTIM,0.9333333333333333,0.8333333333333334,1.0,0.9090909090909091,5,9,1,0,0.9227272727272727,29.01954430587606,51.054915474097925
agent_grid,1038,15,2,0.3,MFA,0.8,0.75,0.6,0.6666666666666665,3,9,1,2,0.8181818181818182,7.948804837575545,10.076270860105703
agent_grid,1038,15,2,0.3,FUBA,1.0,1.0,1.0,1.0,5,10,0,0,0.8045454545454546,14.865050087947587,11.208953687081582
agent_grid,1038,15,2,0.3,GALTrust,0.8,1.0,0.4,0.5714285714285715,2,10,0,3,0.7954545454545454,27.652145110377614,31.953957325910515
agent_grid,1038,15,2,0.3,GDM-DTM,0.9333333333333333,1.0,0.8,0.888888888888889,4,10,0,1,0.8818181818181818,17.430864311681844,16.782787133186513
agent_grid,1038,15,2,0.3,LR-Trust,0.9333333333333333,1.0,0.8,0.888888888888889,4,10,0,1,0.8863636363636364,18.31566301199317,22.247132376685556
agent_grid,1038,15,2,0.3,MLP-Trust,1.0,1.0,1.0,1.0,5,10,0,0,0.9,18.870738160361686,33.59945545769618
agent_grid,1038,15,2,0.3,MTIM,1.0,1.0,1.0,1.0,5,10,0,0,0.9136363636363637,33.28389193534374,61.920728533111024
agent_grid,1039,15,2,0.3,MFA,0.7333333333333333,0.6,0.6,0.6,3,8,2,2,0.7227272727272728,8.867149283645439,7.086326752844703
agent_grid,1039,15,2,0.3,FUBA,0.7333333333333333,0.6666666666666666,0.4,0.5,2,9,1,3,0.7227272727272728,13.095133123914273,5.575069880169957
agent_grid,1039,15,2,0.3,GALTrust,0.7333333333333333,1.0,0.2,0.33333333333333337,1,10,0,4,0.6727272727272727,30.012433539987835,38.91198570539241
agent_grid,1039,15,2,0.3,GDM-DTM,0.8,1.0,0.4,0.5714285714285715,2,10,0,3,0.7954545454545454,17.59326407403008,14.503856819024083
agent_grid,1039,15,2,0.3,LR-Trust,0.8666666666666667,1.0,0.6,0.7499999999999999,3,10,0,2,0.8636363636363636,16.02328417797451,22.327103384369178
agent_grid,1039,15,2,0.3,MLP-Trust,0.8666666666666667,1.0,0.6,0.7499999999999999,3,10,0,2,0.8090909090909091,23.42802961705508,33.90220604517003
agent_grid,1039,15,2,0.3,MTIM,0.9333333333333333,1.0,0.8,0.888888888888889,4,10,0,1,0.9,30.311848536938484,46.06569814294614
agent_grid,1040,15,2,0.3,MFA,0.8666666666666667,0.7142857142857143,1.0,0.8333333333333333,5,8,2,0,0.8636363636363636,11.368810590504436,9.463102985984555
agent_grid,1040,15,2,0.3,FUBA,0.8,0.75,0.6,0.6666666666666665,3,9,1,2,0.8090909090909091,15.469227747488434,14.816405183652567
agent_grid,1040,15,2,0.3,GALTrust,0.7333333333333333,1.0,0.2,0.33333333333333337,1,10,0,4,0.759090909090909,27.243862449733385,26.440523675287338
agent_grid,1040,15,2,0.3,GDM-DTM,0.8666666666666667,0.7142857142857143,1.0,0.8333333333333333,5,8,2,0,0.8772727272727273,17.802541988020078,22.496920482545423
agent_grid,1040,15,2,0.3,LR-Trust,0.8,0.75,0.6,0.6666666666666665,3,9,1,2,0.8272727272727273,21.15794719224815,19.036455779786085
agent_grid,1040,15,2,0.3,MLP-Trust,1.0,1.0,1.0,1.0,5,10,0,0,0.9,21.913005094737922,30.947523955989446
agent_grid,1040,15,2,0.3,MTIM,1.0,1.0,1.0,1.0,5,10,0,0,0.9409090909090909,29.676702398621785,54.28597471095366
agent_grid,1041,15,2,0.3,MFA,0.6,0.42857142857142855,0.6,0.5,3,6,4,2,0.7681818181818182,9.636127668418043,6.586912093040356
agent_grid,1041,15,2,0.3,FUBA,0.6666666666666666,0.5,0.6,0.5454545454545454,3,7,3,2,0.7818181818181819,15.10609341718392,10.763334375502563
agent_grid,1041,15,2,0.3,GALTrust,0.8,1.0,0.4,0.5714285714285715,2,10,0,3,0.7,29.123692215392506,34.478834655265295
agent_grid,1041,15,2,0.3,GDM-DTM,0.7333333333333333,0.5714285714285714,0.8,0.6666666666666666,4,7,3,1,0.7954545454545454,18.83950394456832,20.978728876644546
agent_grid,1041,15,2,0.3,LR-Trust,0.8,0.6666666666666666,0.8,0.7272727272727272,4,8,2,1,0.8818181818181818,16.71664223047984,22.042498168935737
agent_grid,1041,15,2,0.3,MLP-Trust,0.8666666666666667,0.8,0.8,0.8000000000000002,4,9,1,1,0.8363636363636363,20.45372357920032,35.64999574321322
agent_grid,1041,15,2,0.3,MTIM,0.8666666666666667,0.8,0.8,0.8000000000000002,4,9,1,1,0.8818181818181818,30.623704353023143,47.9205503417599
agent_grid,1042,15,2,0.3,MFA,0.9333333333333333,1.0,0.8,0.888888888888889,4,10,0,1,0.8227272727272728,10.822300625704264,7.518524185388403
agent_grid,1042,15,2,0.3,FUBA,0.8,0.75,0.6,0.6666666666666665,3,9,1,2,0.7727272727272727,14.654005159867395,16.60586183356481
agent_grid,1042,15,2,0.3,GALTrust,0.7333333333333333,1.0,0.2,0.33333333333333337,1,10,0,4,0.740909090909091,30.554709538501463,39.70375119526139
agent_grid,1042,15,2,0.3,GDM-DTM,0.8666666666666667,1.0,0.6,0.7499999999999999,3,10,0,2,0.8227272727272728,15.500642216637095,18.866624418670682
agent_grid,1042,15,2,0.3,LR-Trust,0.9333333333333333,0.8333333333333334,1.0,0.9090909090909091,5,9,1,0,0.9272727272727272,18.755069542019523,16.57655937931092
agent_grid,1042,15,2,0.3,MLP-Trust,1.0,1.0,1.0,1.0,5,10,0,0,0.9181818181818182,24.043140091780128,34.9515880030987
agent_grid,1042,15,2,0.3,MTIM,1.0,1.0,1.0,1.0,5,10,0,0,0.9090909090909091,30.550994735918366,51.761125889454334
agent_grid,1043,15,2,0.3,MFA,0.8,0.75,0.6,0.6666666666666665,3,9,1,2,0.7863636363636364,11.043987539946322,13.21097649346283
agent_grid,1043,15,2,0.3,FUBA,0.8666666666666667,0.8,0.8,0.8000000000000002,4,9,1,1,0.8409090909090909,13.910454435881439,13.334622145785845
agent_grid,1043,15,2,0.3,GALTrust,0.7333333333333333,1.0,0.2,0.33333333333333337,1,10,0,4,0.7136363636363636,27.98248664409274,43.91758482138761
agent_grid,1043,15,2,0.3,GDM-DTM,0.8,0.75,0.6,0.6666666666666665,3,9,1,2,0.7727272727272727,18.494210051990454,18.686246065226513
agent_grid,1043,15,2,0.3,LR-Trust,0.8,0.6666666666666666,0.8,0.7272727272727272,4,8,2,1,0.9090909090909091,19.414265594970438,25.141836686354388
agent_grid,1043,15,2,0.3,MLP-Trust,1.0,1.0,1.0,1.0,5,10,0,0,0.9,20.06511363267936,30.105623314533695
agent_grid,1043,15,2,0.3,MTIM,1.0,1.0,1.0,1.0,5,10,0,0,0.9090909090909091,28.46124374615017,42.9506944322719
agent_grid,1044,15,2,0.3,MFA,0.8666666666666667,0.7142857142857143,1.0,0.8333333333333333,5,8,2,0,0.8636363636363636,7.581671232438094,5.6797177485762145
agent_grid,1044,15,2,0.3,FUBA,0.9333333333333333,0.8333333333333334,1.0,0.9090909090909091,5,9,1,0,0.8818181818181818,15.626798542976035,11.3354266011594
agent_grid,1044,15,2,0.3,GALTrust,0.8666666666666667,1.0,0.6,0.7499999999999999,3,10,0,2,0.8,30.390809714072763,38.54888722368573
agent_grid,1044,15,2,0.3,GDM-DTM,0.8666666666666667,0.7142857142857143,1.0,0.8333333333333333,5,8,2,0,0.8636363636363636,18.61240865434579,22.737135631301335
agent_grid,1044,15,2,0.3,LR-Trust,0.9333333333333333,0.8333333333333334,1.0,0.9090909090909091,5,9,1,0,0.9090909090909091,21.11804968775681,20.86468761113225
agent_grid,1044,15,2,0.3,MLP-Trust,1.0,1.0,1.0,1.0,5,10,0,0,0.9181818181818182,20.116888054874423,36.91529361661
agent_grid,1044,15,2,0.3,MTIM,1.0,1.0,1.0,1.0,5,10,0,0,0.9363636363636364,32.023605234169835,50.27495779997661
agent_grid,1045,15,2,0.3,MFA,0.8666666666666667,0.7142857142857143,1.0,0.8333333333333333,5,8,2,0,0.9090909090909091,7.864474751916573,1.0
agent_grid,1045,15,2,0.3,FUBA,0.8,0.625,1.0,0.7692307692307693,5,7,3,0,0.8363636363636363,13.910621106564795,21.618803956075727
agent_grid,1045,15,2,0.3,GALTrust,0.6666666666666666,0.0,0.0,0.0,0,10,0,5,0.7181818181818181,32.08214881423966,35.94840551771725
agent_grid,1045,15,2,0.3,GDM-DTM,0.8666666666666667,0.7142857142857143,1.0,0.8333333333333333,5,8,2,0,0.8318181818181818,18.82010307315166,17.335876542876928
agent_grid,1045,15,2,0.3,LR-Trust,1.0,1.0,1.0,1.0,5,10,0,0,0.9045454545454545,20.729415779836597,22.10543969356638
agent_grid,1045,15,2,0.3,MLP-Trust,1.0,1.0,1.0,1.0,5,10,0,0,0.9227272727272727,24.775524980741302,34.35759216788901
agent_grid,1045,15,2,0.3,MTIM,0.9333333333333333,0.8333333333333334,1.0,0.9090909090909091,5,9,1,0,0.9227272727272727,33.051460280289035,50.84722801901564
agent_grid,1046,15,2,0.3,MFA,0.8,0.6666666666666666,0.8,0.7272727272727272,4,8,2,1,0.8318181818181818,8.29890932590791,17.75381752912663
agent_grid,1046,15,2,0.3,FUBA,0.8,0.6666666666666666,0.8,0.7272727272727272,4,8,2,1,0.7909090909090909,16.210077569163804,10.741806720286089
agent_grid,1046,15,2,0.3,GALTrust,0.6666666666666666,0.5,0.2,0.28571428571428575,1,9,1,4,0.7227272727272728,29.414131131360286,36.30100356625045
agent_grid,1046,15,2,0.3,GDM-DTM,0.8,0.6666666666666666,0.8,0.7272727272727272,4,8,2,1,0.8,16.12050486241332,16.84799228398203
agent_grid,1046,15,2,0.3,LR-Trust,0.8,0.6666666666666666,0.8,0.7272727272727272,4,8,2,1,0.8727272727272727,21.29620252453372,18.06928023806773
agent_grid,1046,15,2,0.3,MLP-Trust,1.0,1.0,1.0,1.0,5,10,0,0,0.9272727272727272,24.758078195441858,35.590127993161424
agent_grid,1046,15,2,0.3,MTIM,0.9333333333333333,0.8333333333333334,1.0,0.9090909090909091,5,9,1,0,0.9545454545454546,33.64130891480335,48.19071632787308
agent_grid,1047,15,2,0.3,MFA,0.7333333333333333,0.6,0.6,0.6,3,8,2,2,0.7545454545454545,8.543422000164817,9.082678131741687
agent_grid,1047,15,2,0.3,FUBA,0.9333333333333333,0.8333333333333334,1.0,0.9090909090909091,5,9,1,0,0.8818181818181818,15.388590285844865,14.725026019744112
agent_grid,1047,15,2,0.3,GALTrust,0.7333333333333333,1.0,0.2,0.33333333333333337,1,10,0,4,0.7454545454545455,30.713924551244446,39.936105818792285
agent_grid,1047,15,2,0.3,GDM-DTM,1.0,1.0,1.0,1.0,5,10,0,0,0.8818181818181818,19.43645379247053,19.570114881764553
agent_grid,1047,15,2,0.3,LR-Trust,0.9333333333333333,0.8333333333333334,1.0,0.9090909090909091,5,9,1,0,0.9272727272727272,19.845388255521417,24.441361987148262
agent_grid,1047,15,2,0.3,MLP-Trust,1.0,1.0,1.0,1.0,5,10,0,0,0.9272727272727272,20.550826706219656,39.190353371124104
agent_grid,1047,15,2,0.3,MTIM,1.0,1.0,1.0,1.0,5,10,0,0,0.9,28.584253258798537,45.201811773547234
agent_grid,1048,15,2,0.3,MFA,0.8666666666666667,1.0,0.6,0.7499999999999999,3,10,0,2,0.8181818181818182,7.325259414971818,3.1776290312851314
agent_grid,1048,15,2,0.3,FUBA,0.7333333333333333,0.6,0.6,0.6,3,8,2,2,0.7681818181818182,12.84280977882424,15.773534485996768
agent_grid,1048,15,2,0.3,GALTrust,0.6666666666666666,0.0,0.0,0.0,0,10,0,5,0.6909090909090909,29.717556674496507,39.50854607747449
agent_grid,1048,15,2,0.3,GDM-DTM,0.9333333333333333,1.0,0.8,0.888888888888889,4,10,0,1,0.8,16.033544680421834,21.26185078771119
agent_grid,1048,15,2,0.3,LR-Trust,0.9333333333333333,0.8333333333333334,1.0,0.9090909090909091,5,9,1,0,0.8818181818181818,19.366179339549014,28.945969216454586
agent_grid,1048,15,2,0.3,MLP-Trust,1.0,1.0,1.0,1.0,5,10,0,0,0.9272727272727272,23.550010830963224,33.61367718301942
agent_grid,1048,15,2,0.3,MTIM,1.0,1.0,1.0,1.0,5,10,0,0,0.9272727272727272,29.22283276204429,55.9239080552582
agent_grid,1049,15,2,0.3,MFA,0.8,0.6666666666666666,0.8,0.7272727272727272,4,8,2,1,0.7681818181818182,10.238052040204508,7.5545500568554305
agent_grid,1049,15,2,0.3,FUBA,0.8666666666666667,0.7142857142857143,1.0,0.8333333333333333,5,8,2,0,0.8454545454545455,14.801346709726309,13.031022674198205
agent_grid,1049,15,2,0.3,GALTrust,0.6666666666666666,0.0,0.0,0.0,0,10,0,5,0.6772727272727272,28.937400510212196,33.48398805716052
agent_grid,1049,15,2,0.3,GDM-DTM,0.8666666666666667,0.8,0.8,0.8000000000000002,4,9,1,1,0.8409090909090909,17.78593635325064,23.09063657945711
agent_grid,1049,15,2,0.3,LR-Trust,0.8666666666666667,0.7142857142857143,1.0,0.8333333333333333,5,8,2,0,0.9090909090909091,17.66182557045013,32.04557060699612
agent_grid,1049,15,2,0.3,MLP-Trust,1.0,1.0,1.0,1.0,5,10,0,0,0.9045454545454545,23.013986207096327,35.71342264337308
agent_grid,1049,15,2,0.3,MTIM,0.8666666666666667,0.7142857142857143,1.0,0.8333333333333333,5,8,2,0,0.9181818181818182,29.53104974660018,51.0897386952246
figure_ratio,1000,15,5,0.05,MFA,0.8666666666666667,0.3333333333333333,1.0,0.5,1,12,2,0,0.8909090909090909,8.851641650304934,19.684003035393246
figure_ratio,1000,15,5,0.05,FUBA,0.8666666666666667,0.3333333333333333,1.0,0.5,1,12,2,0,0.8954545454545455,16.948506438164266,18.9642867029369
figure_ratio,1000,15,5,0.05,GALTrust,1.0,1.0,1.0,1.0,1,14,0,0,0.9090909090909091,27.94664068678791,46.322772982871726
figure_ratio,1000,15,5,0.05,GDM-DTM,1.0,1.0,1.0,1.0,1,14,0,0,0.9272727272727272,19.754795859177193,24.072907619742704
figure_ratio,1000,15,5,0.05,LR-Trust,0.9333333333333333,0.5,1.0,0.6666666666666666,1,13,1,0,0.9090909090909091,21.330602447051096,27.590290428662314
figure_ratio,1000,15,5,0.05,MLP-Trust,1.0,1.0,1.0,1.0,1,14,0,0,0.8954545454545455,25.9475890120982,38.24642754144285
figure_ratio,1000,15,5,0.05,MTIM,1.0,1.0,1.0,1.0,1,14,0,0,0.9227272727272727,37.58606634986547,60.579199701434156
figure_ratio,1001,15,5,0.05,MFA,0.8666666666666667,0.3333333333333333,1.0,0.5,1,12,2,0,0.9090909090909091,11.585739319846324,9.233210815902632
figure_ratio,1001,15,5,0.05,FUBA,0.9333333333333333,0.5,1.0,0.6666666666666666,1,13,1,0,0.9227272727272727,16.525035690581465,14.563581286766844
figure_ratio,1001,15,5,0.05,GALTrust,1.0,1.0,1.0,1.0,1,14,0,0,0.8863636363636364,31.40035539756998,35.16495337893679
figure_ratio,1001,15,5,0.05,GDM-DTM,0.8666666666666667,0.3333333333333333,1.0,0.5,1,12,2,0,0.8772727272727273,17.966260832269235,16.70430684593421
figure_ratio,1001,15,5,0.05,LR-Trust,0.9333333333333333,0.5,1.0,0.6666666666666666,1,13,1,0,0.9045454545454545,23.186021259572325,21.45610652482243
figure_ratio,1001,15,5,0.05,MLP-Trust,1.0,1.0,1.0,1.0,1,14,0,0,0.9045454545454545,27.316306813611448,37.9885138085915
figure_ratio,1001,15,5,0.05,MTIM,1.0,1.0,1.0,1.0,1,14,0,0,0.9227272727272727,30.626725089439727,58.67577962583009
figure_ratio,1002,15,5,0.05,MFA,0.9333333333333333,0.5,1.0,0.6666666666666666,1,13,1,0,0.8909090909090909,11.853604084000175,3.8582519520100274
figure_ratio,1002,15,5,0.05,FUBA,0.6666666666666666,0.16666666666666666,1.0,0.2857142857142857,1,9,5,0,0.95,15.920500595905825,23.452486072285513
figure_ratio,1002,15,5,0.05,GALTrust,1.0,1.0,1.0,1.0,1,14,0,0,0.8863636363636364,27.235042886433853,40.93783428968736
figure_ratio,1002,15,5,0.05,GDM-DTM,0.8666666666666667,0.3333333333333333,1.0,0.5,1,12,2,0,0.9363636363636364,23.05018303418806,22.423958225121048
figure_ratio,1002,15,5,0.05,LR-Trust,0.8666666666666667,0.3333333333333333,1.0,0.5,1,12,2,0,0.9227272727272727,23.118305579626945,29.197771828591616
figure_ratio,1002,15,5,0.05,MLP-Trust,1.0,1.0,1.0,1.0,1,14,0,0,0.8772727272727273,26.636697840286878,39.59072096939671
figure_ratio,1002,15,5,0.05,MTIM,0.9333333333333333,0.5,1.0,0.6666666666666666,1,13,1,0,0.95,35.50997199711533,64.72280211341274
figure_ratio,1003,15,5,0.05,MFA,1.0,1.0,1.0,1.0,1,14,0,0,0.9136363636363637,11.253957966095408,10.30493089559924
figure_ratio,1003,15,5,0.05,FUBA,1.0,1.0,1.0,1.0,1,14,0,0,0.9227272727272727,15.617253215601474,17.180218391121127
figure_ratio,1003,15,5,0.05,GALTrust,1.0,1.0,1.0,1.0,1,14,0,0,0.8909090909090909,32.338600142427495,42.58222702895827
figure_ratio,1003,15,5,0.05,GDM-DTM,1.0,1.0,1.0,1.0,1,14,0,0,0.8727272727272727,18.860825789656847,19.19030016989285
figure_ratio,1003,15,5,0.05,LR-Trust,1.0,1.0,1.0,1.0,1,14,0,0,0.9227272727272727,19.775038995792777,28.633092907154104
figure_ratio,1003,15,5,0.05,MLP-Trust,1.0,1.0,1.0,1.0,1,14,0,0,0.9136363636363637,24.00888732378317,38.15316700910308
figure_ratio,1003,15,5,0.05,MTIM,1.0,1.0,1.0,1.0,1,14,0,0,0.9136363636363637,32.456305196360205,60.34636202868339
figure_ratio,1004,15,5,0.05,MFA,0.8666666666666667,0.3333333333333333,1.0,0.5,1,12,2,0,0.9363636363636364,13.449893961599276,13.628844626456296
figure_ratio,1004,15,5,0.05,FUBA,0.8666666666666667,0.3333333333333333,1.0,0.5,1,12,2,0,0.9363636363636364,13.438441178672061,20.55814036696502
figure_ratio,1004,15,5,0.05,GALTrust,0.9333333333333333,0.0,0.0,0.0,0,14,0,1,0.8545454545454545,30.107303356968558,44.12705267202752
figure_ratio,1004,15,5,0.05,GDM-DTM,0.9333333333333333,0.5,1.0,0.6666666666666666,1,13,1,0,0.8636363636363636,17.799568051648503,25.916872106180907
figure_ratio,1004,15,5,0.05,LR-Trust,0.9333333333333333,0.5,1.0,0.6666666666666666,1,13,1,0,0.95,21.142424918928512,20.758132690597634
figure_ratio,1004,15,5,0.05,MLP-Trust,1.0,1.0,1.0,1.0,1,14,0,0,0.9409090909090909,23.307795798068543,38.03341039323101
figure_ratio,1004,15,5,0.05,MTIM,1.0,1.0,1.0,1.0,1,14,0,0,0.9272727272727272,33.13730225276681,56.37615069107371
figure_ratio,1005,15,5,0.05,MFA,0.9333333333333333,0.5,1.0,0.6666666666666666,1,13,1,0,0.8954545454545455,9.452511698626079,6.462280276055192
figure_ratio,1005,15,5,0.05,FUBA,0.9333333333333333,0.5,1.0,0.6666666666666666,1,13,1,0,0.8818181818181818,14.104970992115145,12.321125456212389
figure_ratio,1005,15,5,0.05,GALTrust,1.0,1.0,1.0,1.0,1,14,0,0,0.9090909090909091,32.57811326114124,41.313384966519735
figure_ratio,1005,15,5,0.05,GDM-DTM,0.8666666666666667,0.3333333333333333,1.0,0.5,1,12,2,0,0.9181818181818182,20.44096663803223,20.14029157901796
figure_ratio,1005,15,5,0.05,LR-Trust,1.0,1.0,1.0,1.0,1,14,0,0,0.8863636363636364,18.11907795554641,22.271431154390687
figure_ratio,1005,15,5,0.05,MLP-Trust,1.0,1.0,1.0,1.0,1,14,0,0,0.8909090909090909,25.29202959735359,33.15036207230356
figure_ratio,1005,15,5,0.05,MTIM,1.0,1.0,1.0,1.0,1,14,0,0,0.9272727272727272,34.236706719467634,56.2231369777411
figure_ratio,1006,15,5,0.05,MFA,1.0,1.0,1.0,1.0,1,14,0,0,0.9090909090909091,8.981259278441495,4.922776827515596
figure_ratio,1006,15,5,0.05,FUBA,0.7333333333333333,0.2,1.0,0.33333333333333337,1,10,4,0,0.9,17.870422196578538,13.632018472670525
figure_ratio,1006,15,5,0.05,GALTrust,1.0,1.0,1.0,1.0,1,14,0,0,0.8863636363636364,33.73942260178775,42.88217014414031
figure_ratio,1006,15,5,0.05,GDM-DTM,1.0,1.0,1.0,1.0,1,14,0,0,0.8909090909090909,16.503921879530306,27.062780845454025
figure_ratio,1006,15,5,0.05,LR-Trust,1.0,1.0,1.0,1.0,1,14,0,0,0.8727272727272727,24.670786948983263,26.58194090375264
figure_ratio,1006,15,5,0.05,MLP-Trust,1.0,1.0,1.0,1.0,1,14,0,0,0.9136363636363637,24.693038095986793,31.545779684068464
figure_ratio,1006,15,5,0.05,MTIM,1.0,1.0,1.0,1.0,1,14,0,0,0.9363636363636364,31.963025401950535,62.124969600521396
figure_ratio,1007,15,5,0.05,MFA,0.8666666666666667,0.3333333333333333,1.0,0.5,1,12,2,0,0.9272727272727272,10.450606331322266,9.179553871266526
figure_ratio,1007,15,5,0.05,FUBA,0.9333333333333333,0.5,1.0,0.6666666666666666,1,13,1,0,0.9045454545454545,15.502400677221903,14.566083896202727
figure_ratio,1007,15,5,0.05,GALTrust,0.9333333333333333,0.5,1.0,0.6666666666666666,1,13,1,0,0.9,30.210235752998624,32.43139726727676
figure_ratio,1007,15,5,0.05,GDM-DTM,0.9333333333333333,0.5,1.0,0.6666666666666666,1,13,1,0,0.9,19.395770681573687,31.93487395057408
figure_ratio,1007,15,5,0.05,LR-Trust,0.8666666666666667,0.3333333333333333,1.0,0.5,1,12,2,0,0.9,22.450414112142763,23.99089368900234
figure_ratio,1007,15,5,0.05,MLP-Trust,0.9333333333333333,0.5,1.0,0.6666666666666666,1,13,1,0,0.8818181818181818,25.10319040930479,40.05162999467708
figure_ratio,1007,15,5,0.05,MTIM,0.9333333333333333,0.5,1.0,0.6666666666666666,1,13,1,0,0.9409090909090909,37.07990372896636,57.77026192392041
figure_ratio,1008,15,5,0.05,MFA,0.9333333333333333,0.5,1.0,0.6666666666666666,1,13,1,0,0.8954545454545455,13.533705347784077,12.341364293207139
figure_ratio,1008,15,5,0.05,FUBA,0.9333333333333333,0.5,1.0,0.6666666666666666,1,13,1,0,0.8818181818181818,12.663251081582125,6.654588718681314
figure_ratio,1008,15,5,0.05,GALTrust,0.9333333333333333,0.0,0.0,0.0,0,14,0,1,0.8545454545454545,32.65041687873053,38.67458206345009
figure_ratio,1008,15,5,0.05,GDM-DTM,0.9333333333333333,0.5,1.0,0.6666666666666666,1,13,1,0,0.8818181818181818,18.941147408289638,18.39997676199101
figure_ratio,1008,15,5,0.05,LR-Trust,1.0,1.0,1.0,1.0,1,14,0,0,0.8909090909090909,24.11335687297183,26.708291261671533
figure_ratio,1008,15,5,0.05,MLP-Trust,1.0,1.0,1.0,1.0,1,14,0,0,0.9363636363636364,25.01547690391327,39.174811642589354
figure_ratio,1008,15,5,0.05,MTIM,1.0,1.0,1.0,1.0,1,14,0,0,0.9045454545454545,32.8021917585565,57.57830549733596
figure_ratio,1009,15,5,0.05,MFA,0.8666666666666667,0.3333333333333333,1.0,0.5,1,12,2,0,0.8772727272727273,11.85076505045124,15.69867786697795
figure_ratio,1009,15,5,0.05,FUBA,0.8666666666666667,0.3333333333333333,1.0,0.5,1,12,2,0,0.9136363636363637,16.571073986457293,21.95257670360562
figure_ratio,1009,15,5,0.05,GALTrust,0.9333333333333333,0.0,0.0,0.0,0,14,0,1,0.9090909090909091,31.752904596992092,48.02605201975853
figure_ratio,1009,15,5,0.05,GDM-DTM,0.6666666666666666,0.16666666666666666,1.0,0.2857142857142857,1,9,5,0,0.8681818181818182,20.461531473232455,18.250691087805272
figure_ratio,1009,15,5,0.05,LR-Trust,0.8666666666666667,0.3333333333333333,1.0,0.5,1,12,2,0,0.8909090909090909,21.538505538649336,31.633006489560806
figure_ratio,1009,15,5,0.05,MLP-Trust,0.8666666666666667,0.3333333333333333,1.0,0.5,1,12,2,0,0.8909090909090909,22.166118651604123,28.906806445802292
figure_ratio,1009,15,5,0.05,MTIM,0.8666666666666667,0.3333333333333333,1.0,0.5,1,12,2,0,0.9227272727272727,34.69933370122343,60.47447375241575
figure_ratio,1010,15,5,0.05,MFA,0.9333333333333333,0.5,1.0,0.6666666666666666,1,13,1,0,0.85,12.41360629842454,14.431630303834366
figure_ratio,1010,15,5,0.05,FUBA,0.8666666666666667,0.3333333333333333,1.0,0.5,1,12,2,0,0.8727272727272727,16.855238625003658,18.125376197828473
figure_ratio,1010,15,5,0.05,GALTrust,1.0,1.0,1.0,1.0,1,14,0,0,0.9227272727272727,35.59229165395588,40.83082540552283
figure_ratio,1010,15,5,0.05,GDM-DTM,0.8666666666666667,0.3333333333333333,1.0,0.5,1,12,2,0,0.8818181818181818,21.508811195268514,18.7119561395091
figure_ratio,1010,15,5,0.05,LR-Trust,0.8666666666666667,0.3333333333333333,1.0,0.5,1,12,2,0,0.9,22.477033278473968,24.907587974893488
figure_ratio,1010,15,5,0.05,MLP-Trust,0.8666666666666667,0.3333333333333333,1.0,0.5,1,12,2,0,0.8772727272727273,28.608151629119234,30.133973750448945
figure_ratio,1010,15,5,0.05,MTIM,0.8666666666666667,0.3333333333333333,1.0,0.5,1,12,2,0,0.9136363636363637,36.9453700402446,61.1002417258654
figure_ratio,1011,15,5,0.05,MFA,1.0,1.0,1.0,1.0,1,14,0,0,0.9,10.196122033421458,1.8753233459861463
figure_ratio,1011,15,5,0.05,FUBA,0.8,0.25,1.0,0.4,1,11,3,0,0.9136363636363637,17.50483606805648,17.598969438837017
figure_ratio,1011,15,5,0.05,GALTrust,1.0,1.0,1.0,1.0,1,14,0,0,0.8818181818181818,30.12209435097815,42.88981898931936
figure_ratio,1011,15,5,0.05,GDM-DTM,0.9333333333333333,0.5,1.0,0.6666666666666666,1,13,1,0,0.9227272727272727,19.826751343597067,17.386900961055034
figure_ratio,1011,15,5,0.05,LR-Trust,0.8666666666666667,0.3333333333333333,1.0,0.5,1,12,2,0,0.9,23.13697720821185,21.983094389234306
figure_ratio,1011,15,5,0.05,MLP-Trust,0.8666666666666667,0.3333333333333333,1.0,0.5,1,12,2,0,0.9136363636363637,24.792634037670197,38.19174864580198
figure_ratio,1011,15,5,0.05,MTIM,0.8666666666666667,0.3333333333333333,1.0,0.5,1,12,2,0,0.9409090909090909,34.935172228012696,55.95352416564387
figure_ratio,1012,15,5,0.05,MFA,0.8666666666666667,0.3333333333333333,1.0,0.5,1,12,2,0,0.9227272727272727,9.375191674621334,7.89930915970305
figure_ratio,1012,15,5,0.05,FUBA,0.8,0.25,1.0,0.4,1,11,3,0,0.8818181818181818,16.027807794617235,19.56449997893478
figure_ratio,1012,15,5,0.05,GALTrust,1.0,1.0,1.0,1.0,1,14,0,0,0.9090909090909091,33.21388783097024,45.97217862914867
figure_ratio,1012,15,5,0.05,GDM-DTM,0.7333333333333333,0.2,1.0,0.33333333333333337,1,10,4,0,0.8772727272727273,19.50346284870245,23.692198849156483
figure_ratio,1012,15,5,0.05,LR-Trust,0.8666666666666667,0.3333333333333333,1.0,0.5,1,12,2,0,0.8818181818181818,21.081396404582826,24.046650805141244
figure_ratio,1012,15,5,0.05,MLP-Trust,0.9333333333333333,0.5,1.0,0.6666666666666666,1,13,1,0,0.9272727272727272,26.827085652561625,33.34307533894814
figure_ratio,1012,15,5,0.05,MTIM,0.9333333333333333,0.5,1.0,0.6666666666666666,1,13,1,0,0.95,34.04707982137022,60.84537539123918
figure_ratio,1013,15,5,0.05,MFA,0.9333333333333333,0.0,0.0,0.0,0,14,0,1,0.8727272727272727,13.78814762437187,9.97401976769356
figure_ratio,1013,15,5,0.05,FUBA,0.9333333333333333,0.5,1.0,0.6666666666666666,1,13,1,0,0.8909090909090909,18.339385041878234,14.53872455134571
figure_ratio,1013,15,5,0.05,GALTrust,0.9333333333333333,0.0,0.0,0.0,0,14,0,1,0.8818181818181818,31.933440941128886,37.14089420855876
figure_ratio,1013,15,5,0.05,GDM-DTM,0.8666666666666667,0.0,0.0,0.0,0,13,1,1,0.8727272727272727,18.69332463904539,24.624078037460848
figure_ratio,1013,15,5,0.05,LR-Trust,0.9333333333333333,0.0,0.0,0.0,0,14,0,1,0.9045454545454545,21.176808479438034,23.126313600856363
figure_ratio,1013,15,5,0.05,MLP-Trust,1.0,1.0,1.0,1.0,1,14,0,0,0.9136363636363637,24.678947422800043,40.692135420740534
figure_ratio,1013,15,5,0.05,MTIM,1.0,1.0,1.0,1.0,1,14,0,0,0.9454545454545454,35.286124007206766,59.57330600945626
figure_ratio,1014,15,5,0.05,MFA,0.7333333333333333,0.2,1.0,0.33333333333333337,1,10,4,0,0.9363636363636364,12.537647350761809,9.148777142708175
figure_ratio,1014,15,5,0.05,FUBA,0.8,0.25,1.0,0.4,1,11,3,0,0.9136363636363637,16.507765774577788,10.66400883001147
figure_ratio,1014,15,5,0.05,GALTrust,0.9333333333333333,0.0,0.0,0.0,0,14,0,1,0.8818181818181818,33.966873942788304,48.024289454083025
figure_ratio,1014,15,5,0.05,GDM-DTM,0.6666666666666666,0.16666666666666666,1.0,0.2857142857142857,1,9,5,0,0.9227272727272727,17.205208520136967,23.08103378188686
figure_ratio,1014,15,5,0.05,LR-Trust,0.8666666666666667,0.3333333333333333,1.0,0.5,1,12,2,0,0.8772727272727273,22.275169016259785,27.969580599543455
figure_ratio,1014,15,5,0.05,MLP-Trust,1.0,1.0,1.0,1.0,1,14,0,0,0.8727272727272727,27.29167173937246,40.26319924941397
figure_ratio,1014,15,5,0.05,MTIM,0.9333333333333333,0.5,1.0,0.6666666666666666,1,13,1,0,0.95,34.369199466757316,64.8685152155984
figure_ratio,1015,15,5,0.05,MFA,0.8666666666666667,0.0,0.0,0.0,0,13,1,1,0.8772727272727273,13.538180876009434,9.749070566205834
figure_ratio,1015,15,5,0.05,FUBA,0.8,0.25,1.0,0.4,1,11,3,0,0.8909090909090909,17.700991175136064,15.242629034463198
figure_ratio,1015,15,5,0.05,GALTrust,0.9333333333333333,0.0,0.0,0.0,0,14,0,1,0.8772727272727273,34.09599164887044,41.01457383825977
figure_ratio,1015,15,5,0.05,GDM-DTM,0.8666666666666667,0.3333333333333333,1.0,0.5,1,12,2,0,0.9272727272727272,16.422669270219426,20.531267197979865
figure_ratio,1015,15,5,0.05,LR-Trust,1.0,1.0,1.0,1.0,1,14,0,0,0.9227272727272727,16.55425525511406,23.52892059446015
figure_ratio,1015,15,5,0.05,MLP-Trust,1.0,1.0,1.0,1.0,1,14,0,0,0.9363636363636364,25.080641073924866,30.443040999849142
figure_ratio,1015,15,5,0.05,MTIM,1.0,1.0,1.0,1.0,1,14,0,0,0.9454545454545454,33.05568597314505,56.30463009035132
figure_ratio,1016,15,5,0.05,MFA,1.0,1.0,1.0,1.0,1,14,0,0,0.9181818181818182,9.199978682200372,13.496388599544835
figure_ratio,1016,15,5,0.05,FUBA,0.8666666666666667,0.3333333333333333,1.0,0.5,1,12,2,0,0.8863636363636364,14.24964208020728,19.007037781457818
figure_ratio,1016,15,5,0.05,GALTrust,1.0,1.0,1.0,1.0,1,14,0,0,0.9272727272727272,30.635727453328954,35.96516639767085
figure_ratio,1016,15,5,0.05,GDM-DTM,0.9333333333333333,0.5,1.0,0.6666666666666666,1,13,1,0,0.9045454545454545,17.95514176978827,26.85150411625863
figure_ratio,1016,15,5,0.05,LR-Trust,0.9333333333333333,0.5,1.0,0.6666666666666666,1,13,1,0,0.9090909090909091,23.210950034061078,19.366350146281597
figure_ratio,1016,15,5,0.05,MLP-Trust,0.9333333333333333,0.5,1.0,0.6666666666666666,1,13,1,0,0.9045454545454545,21.293171994814934,30.621655214622844
figure_ratio,1016,15,5,0.05,MTIM,0.9333333333333333,0.5,1.0,0.6666666666666666,1,13,1,0,0.9227272727272727,33.226628346764805,53.963455045204086
figure_ratio,1017,15,5,0.05,MFA,0.9333333333333333,0.5,1.0,0.6666666666666666,1,13,1,0,0.8772727272727273,11.585842935747106,5.148895563440727
figure_ratio,1017,15,5,0.05,FUBA,0.7333333333333333,0.2,1.0,0.33333333333333337,1,10,4,0,0.8863636363636364,15.316524058495242,17.589403845235918
figure_ratio,1017,15,5,0.05,GALTrust,1.0,1.0,1.0,1.0,1,14,0,0,0.9090909090909091,30.082629123857338,35.230090807262314
figure_ratio,1017,15,5,0.05,GDM-DTM,0.8,0.25,1.0,0.4,1,11,3,0,0.9,19.029672571870886,18.58810928451066
figure_ratio,1017,15,5,0.05,LR-Trust,0.9333333333333333,0.5,1.0,0.6666666666666666,1,13,1,0,0.8909090909090909,20.917496682686323,26.39565875376041
figure_ratio,1017,15,5,0.05,MLP-Trust,0.9333333333333333,0.5,1.0,0.6666666666666666,1,13,1,0,0.8909090909090909,27.983459827878704,28.632569110986232
figure_ratio,1017,15,5,0.05,MTIM,0.9333333333333333,0.5,1.0,0.6666666666666666,1,13,1,0,0.9363636363636364,32.02019866742041,67.79838197974058
figure_ratio,1018,15,5,0.05,MFA,0.9333333333333333,0.5,1.0,0.6666666666666666,1,13,1,0,0.8772727272727273,10.51431490449109,13.689497239521481
figure_ratio,1018,15,5,0.05,FUBA,0.9333333333333333,0.5,1.0,0.6666666666666666,1,13,1,0,0.8954545454545455,19.385672074008394,16.97313657257282
figure_ratio,1018,15,5,0.05,GALTrust,1.0,1.0,1.0,1.0,1,14,0,0,0.9363636363636364,30.82707872267705,39.235248761130876
figure_ratio,1018,15,5,0.05,GDM-DTM,1.0,1.0,1.0,1.0,1,14,0,0,0.9136363636363637,21.16895877438625,17.53493244842938
figure_ratio,1018,15,5,0.05,LR-Trust,1.0,1.0,1.0,1.0,1,14,0,0,0.9409090909090909,17.763563785382075,28.840096709206755
figure_ratio,1018,15,5,0.05,MLP-Trust,1.0,1.0,1.0,1.0,1,14,0,0,0.9272727272727272,27.00325243663539,35.51713166235986
figure_ratio,1018,15,5,0.05,MTIM,1.0,1.0,1.0,1.0,1,14,0,0,0.9136363636363637,35.56612672084859,60.13846847626986
figure_ratio,1019,15,5,0.05,MFA,1.0,1.0,1.0,1.0,1,14,0,0,0.8772727272727273,10.612919630642761,12.996882405788824
figure_ratio,1019,15,5,0.05,FUBA,0.8666666666666667,0.3333333333333333,1.0,0.5,1,12,2,0,0.9090909090909091,19.3307333375144,15.79247365858683
figure_ratio,1019,15,5,0.05,GALTrust,0.9333333333333333,0.0,0.0,0.0,0,14,0,1,0.8681818181818182,29.699883918282502,39.70471496723645
figure_ratio,1019,15,5,0.05,GDM-DTM,0.8666666666666667,0.3333333333333333,1.0,0.5,1,12,2,0,0.8909090909090909,18.93587142449751,22.556421225033937
figure_ratio,1019,15,5,0.05,LR-Trust,0.9333333333333333,0.5,1.0,0.6666666666666666,1,13,1,0,0.9363636363636364,22.85397886752787,19.803240147854535
figure_ratio,1019,15,5,0.05,MLP-Trust,1.0,1.0,1.0,1.0,1,14,0,0,0.9272727272727272,25.527079294975753,37.835520074158325
figure_ratio,1019,15,5,0.05,MTIM,1.0,1.0,1.0,1.0,1,14,0,0,0.9227272727272727,34.494541502033485,63.385964620968025
figure_ratio,1020,15,5,0.05,MFA,0.9333333333333333,0.5,1.0,0.6666666666666666,1,13,1,0,0.8454545454545455,11.921689764411331,7.659528549865033
figure_ratio,1020,15,5,0.05,FUBA,0.8,0.25,1.0,0.4,1,11,3,0,0.9136363636363637,18.615782176207947,14.47188745673121
figure_ratio,1020,15,5,0.05,GALTrust,1.0,1.0,1.0,1.0,1,14,0,0,0.9409090909090909,32.448345712058924,40.319198974268765
figure_ratio,1020,15,5,0.05,GDM-DTM,1.0,1.0,1.0,1.0,1,14,0,0,0.8909090909090909,17.60952715234482,20.38215897045707
figure_ratio,1020,15,5,0.05,LR-Trust,1.0,1.0,1.0,1.0,1,14,0,0,0.8954545454545455,22.82528957042622,25.892244118018265
figure_ratio,1020,15,5,0.05,MLP-Trust,1.0,1.0,1.0,1.0,1,14,0,0,0.8727272727272727,23.519061409824936,34.609031015899234
figure_ratio,1020,15,5,0.05,MTIM,1.0,1.0,1.0,1.0,1,14,0,0,0.9181818181818182,34.82275906613788,52.511135792813
figure_ratio,1021,15,5,0.05,MFA,1.0,1.0,1.0,1.0,1,14,0,0,0.9227272727272727,7.989694813351067,9.46889514607456
figure_ratio,1021,15,5,0.05,FUBA,0.9333333333333333,0.0,0.0,0.0,0,14,0,1,0.8409090909090909,14.835713202169563,8.990805254150475
figure_ratio,1021,15,5,0.05,GALTrust,0.9333333333333333,0.0,0.0,0.0,0,14,0,1,0.8272727272727273,29.66370647720039,41.586235530895294
figure_ratio,1021,15,5,0.05,GDM-DTM,0.9333333333333333,0.0,0.0,0.0,0,14,0,1,0.8454545454545455,20.246945740453587,23.527894662653566
figure_ratio,1021,15,5,0.05,LR-Trust,0.9333333333333333,0.0,0.0,0.0,0,14,0,1,0.9136363636363637,20.65035906330137,25.486247332330173
figure_ratio,1021,15,5,0.05,MLP-Trust,0.9333333333333333,0.5,1.0,0.6666666666666666,1,13,1,0,0.9227272727272727,25.61381761964776,36.55590671820137
figure_ratio,1021,15,5,0.05,MTIM,0.9333333333333333,0.5,1.0,0.6666666666666666,1,13,1,0,0.9272727272727272,36.00309816927149,58.80257815479069
figure_ratio,1022,15,5,0.05,MFA,0.7333333333333333,0.2,1.0,0.33333333333333337,1,10,4,0,0.8727272727272727,8.599539928004978,1.0
figure_ratio,1022,15,5,0.05,FUBA,0.6666666666666666,0.16666666666666666,1.0,0.2857142857142857,1,9,5,0,0.8909090909090909,17.437393332184726,19.47002352025164
figure_ratio,1022,15,5,0.05,GALTrust,1.0,1.0,1.0,1.0,1,14,0,0,0.9181818181818182,30.434406151205565,39.778543710166645
figure_ratio,1022,15,5,0.05,GDM-DTM,0.6666666666666666,0.16666666666666666,1.0,0.2857142857142857,1,9,5,0,0.9,21.522182463367052,19.21456530125642
figure_ratio,1022,15,5,0.05,LR-Trust,0.8666666666666667,0.3333333333333333,1.0,0.5,1,12,2,0,0.9227272727272727,22.11906458480826,22.56163092042473
figure_ratio,1022,15,5,0.05,MLP-Trust,1.0,1.0,1.0,1.0,1,14,0,0,0.9454545454545454,24.905377063356163,33.85203161902835
figure_ratio,1022,15,5,0.05,MTIM,1.0,1.0,1.0,1.0,1,14,0,0,0.9227272727272727,35.3397165042847,61.98066093913579
figure_ratio,1023,15,5,0.05,MFA,0.7333333333333333,0.2,1.0,0.33333333333333337,1,10,4,0,0.8545454545454545,9.208134919373009,9.659765274730692
figure_ratio,1023,15,5,0.05,FUBA,0.6666666666666666,0.16666666666666666,1.0,0.2857142857142857,1,9,5,0,0.9045454545454545,17.812503931269703,26.627284154525686
figure_ratio,1023,15,5,0.05,GALTrust,0.9333333333333333,0.0,0.0,0.0,0,14,0,1,0.8454545454545455,29.5504795494602,40.874548319767904
figure_ratio,1023,15,5,0.05,GDM-DTM,0.8666666666666667,0.3333333333333333,1.0,0.5,1,12,2,0,0.9,17.786536074043763,23.046250821896102
figure_ratio,1023,15,5,0.05,LR-Trust,0.7333333333333333,0.2,1.0,0.33333333333333337,1,10,4,0,0.9,19.830234434492635,17.722566750647612
figure_ratio,1023,15,5,0.05,MLP-Trust,0.8666666666666667,0.3333333333333333,1.0,0.5,1,12,2,0,0.9227272727272727,22.70054555464655,34.25877764220185
figure_ratio,1023,15,5,0.05,MTIM,0.8666666666666667,0.3333333333333333,1.0,0.5,1,12,2,0,0.9227272727272727,34.64449347920117,51.50718238451068
figure_ratio,1024,15,5,0.05,MFA,0.9333333333333333,0.5,1.0,0.6666666666666666,1,13,1,0,0.9318181818181818,6.701938813466032,14.04853732445411
figure_ratio,1024,15,5,0.05,FUBA,0.8666666666666667,0.3333333333333333,1.0,0.5,1,12,2,0,0.8863636363636364,14.794710080863716,13.849913113064094
figure_ratio,1024,15,5,0.05,GALTrust,0.9333333333333333,0.0,0.0,0.0,0,14,0,1,0.9045454545454545,33.51180242989609,38.88520747584006
figure_ratio,1024,15,5,0.05,GDM-DTM,0.8666666666666667,0.3333333333333333,1.0,0.5,1,12,2,0,0.9090909090909091,23.17849009668505,20.685416481267758
figure_ratio,1024,15,5,0.05,LR-Trust,0.9333333333333333,0.5,1.0,0.6666666666666666,1,13,1,0,0.9318181818181818,21.847896513179496,27.832313965679703
figure_ratio,1024,15,5,0.05,MLP-Trust,1.0,1.0,1.0,1.0,1,14,0,0,0.9409090909090909,25.560414456830806,33.13871391537952
figure_ratio,1024,15,5,0.05,MTIM,1.0,1.0,1.0,1.0,1,14,0,0,0.9409090909090909,34.828117456800186,56.320649366441216
figure_ratio,1025,15,5,0.05,MFA,0.9333333333333333,0.5,1.0,0.6666666666666666,1,13,1,0,0.8590909090909091,11.736612071611614,10.67587307499436
figure_ratio,1025,15,5,0.05,FUBA,0.9333333333333333,0.5,1.0,0.6666666666666666,1,13,1,0,0.9,19.62020085805415,16.415664849957118
figure_ratio,1025,15,5,0.05,GALTrust,0.9333333333333333,0.0,0.0,0.0,0,14,0,1,0.9136363636363637,32.12193394423344,36.72860598092464
figure_ratio,1025,15,5,0.05,GDM-DTM,0.9333333333333333,0.5,1.0,0.6666666666666666,1,13,1,0,0.8954545454545455,20.702592537605646,29.482032416049694
figure_ratio,1025,15,5,0.05,LR-Trust,0.9333333333333333,0.5,1.0,0.6666666666666666,1,13,1,0,0.9136363636363637,19.45308262532683,23.399408072416616
figure_ratio,1025,15,5,0.05,MLP-Trust,0.9333333333333333,0.5,1.0,0.6666666666666666,1,13,1,0,0.9136363636363637,27.85281372945868,35.41522593848991
figure_ratio,1025,15,5,0.05,MTIM,0.9333333333333333,0.5,1.0,0.6666666666666666,1,13,1,0,0.9363636363636364,32.55880030103473,57.98605622001496
figure_ratio,1026,15,5,0.05,MFA,0.8666666666666667,0.3333333333333333,1.0,0.5,1,12,2,0,0.9045454545454545,11.261247727269012,1.5105198147818868
figure_ratio,1026,15,5,0.05,FUBA,0.8666666666666667,0.3333333333333333,1.0,0.5,1,12,2,0,0.9227272727272727,19.30318383109883,18.419124412894558
figure_ratio,1026,15,5,0.05,GALTrust,1.0,1.0,1.0,1.0,1,14,0,0,0.8727272727272727,31.7099992973359,41.183250760282725
figure_ratio,1026,15,5,0.05,GDM-DTM,0.8666666666666667,0.3333333333333333,1.0,0.5,1,12,2,0,0.9318181818181818,19.27013838172441,16.433644069501646
figure_ratio,1026,15,5,0.05,LR-Trust,0.9333333333333333,0.5,1.0,0.6666666666666666,1,13,1,0,0.9136363636363637,20.16633142272785,19.58845358750915
figure_ratio,1026,15,5,0.05,MLP-Trust,0.9333333333333333,0.5,1.0,0.6666666666666666,1,13,1,0,0.8909090909090909,28.663785902812382,33.35680470986764
figure_ratio,1026,15,5,0.05,MTIM,0.9333333333333333,0.5,1.0,0.6666666666666666,1,13,1,0,0.9272727272727272,34.84608167524025,58.31067883382576
figure_ratio,1027,15,5,0.05,MFA,0.9333333333333333,0.5,1.0,0.6666666666666666,1,13,1,0,0.8954545454545455,13.715284008291361,6.828106678196952
figure_ratio,1027,15,5,0.05,FUBA,1.0,1.0,1.0,1.0,1,14,0,0,0.8909090909090909,17.28121426895097,19.09256296233915
figure_ratio,1027,15,5,0.05,GALTrust,1.0,1.0,1.0,1.0,1,14,0,0,0.8954545454545455,31.7883248061673,47.23832482573797
figure_ratio,1027,15,5,0.05,GDM-DTM,0.8666666666666667,0.3333333333333333,1.0,0.5,1,12,2,0,0.9090909090909091,19.080991332070166,21.568375213014402
figure_ratio,1027,15,5,0.05,LR-Trust,1.0,1.0,1.0,1.0,1,14,0,0,0.8909090909090909,23.957648243797824,28.73960803268004
figure_ratio,1027,15,5,0.05,MLP-Trust,1.0,1.0,1.0,1.0,1,14,0,0,0.8954545454545455,24.912300660124732,30.197374341621483
figure_ratio,1027,15,5,0.05,MTIM,1.0,1.0,1.0,1.0,1,14,0,0,0.9318181818181818,32.96190350246606,53.643026824400856
figure_ratio,1028,15,5,0.05,MFA,1.0,1.0,1.0,1.0,1,14,0,0,0.9136363636363637,14.071726037697868,16.23055426373156
figure_ratio,1028,15,5,0.05,FUBA,1.0,1.0,1.0,1.0,1,14,0,0,0.8727272727272727,16.06885847059717,18.365619705655703
figure_ratio,1028,15,5,0.05,GALTrust,1.0,1.0,1.0,1.0,1,14,0,0,0.9181818181818182,29.33909019022455,38.67269962231979
figure_ratio,1028,15,5,0.05,GDM-DTM,0.9333333333333333,0.5,1.0,0.6666666666666666,1,13,1,0,0.8909090909090909,18.42890985810609,17.413212208957518
figure_ratio,1028,15,5,0.05,LR-Trust,1.0,1.0,1.0,1.0,1,14,0,0,0.9045454545454545,21.455674024447728,22.543721068862315
figure_ratio,1028,15,5,0.05,MLP-Trust,1.0,1.0,1.0,1.0,1,14,0,0,0.9090909090909091,27.07881679834042,37.4630765264163
figure_ratio,1028,15,5,0.05,MTIM,1.0,1.0,1.0,1.0,1,14,0,0,0.9318181818181818,33.67227293974743,54.396236430716414
figure_ratio,1029,15,5,0.05,MFA,0.8666666666666667,0.3333333333333333,1.0,0.5,1,12,2,0,0.8909090909090909,13.080029257565593,8.438446293730994
figure_ratio,1029,15,5,0.05,FUBA,0.8,0.25,1.0,0.4,1,11,3,0,0.8818181818181818,17.413426888874103,21.8336644756933
figure_ratio,1029,15,5,0.05,GALTrust,1.0,1.0,1.0,1.0,1,14,0,0,0.8909090909090909,31.158351196279895,43.217976793657414
figure_ratio,1029,15,5,0.05,GDM-DTM,0.8666666666666667,0.3333333333333333,1.0,0.5,1,12,2,0,0.9136363636363637,20.401853807973094,18.412670742744066
figure_ratio,1029,15,5,0.05,LR-Trust,0.8,0.25,1.0,0.4,1,11,3,0,0.9181818181818182,20.86741968811767,27.189086802581887
figure_ratio,1029,15,5,0.05,MLP-Trust,0.9333333333333333,0.5,1.0,0.6666666666666666,1,13,1,0,0.9272727272727272,25.194143188187518,34.99717434808378
figure_ratio,1029,15,5,0.05,MTIM,0.8666666666666667,0.3333333333333333,1.0,0.5,1,12,2,0,0.9227272727272727,32.57038478498561,60.713236843351226
figure_ratio,1030,15,5,0.05,MFA,0.8666666666666667,0.0,0.0,0.0,0,13,1,1,0.8409090909090909,15.292970347912657,4.791867535335294
figure_ratio,1030,15,5,0.05,FUBA,0.8,0.25,1.0,0.4,1,11,3,0,0.8772727272727273,16.955386938615177,16.68792260726568
figure_ratio,1030,15,5,0.05,GALTrust,0.9333333333333333,0.0,0.0,0.0,0,14,0,1,0.8636363636363636,31.64801644052489,39.57218363354466
figure_ratio,1030,15,5,0.05,GDM-DTM,0.8,0.25,1.0,0.4,1,11,3,0,0.8863636363636364,20.275445758147217,16.67511378289072
figure_ratio,1030,15,5,0.05,LR-Trust,0.8666666666666667,0.3333333333333333,1.0,0.5,1,12,2,0,0.9227272727272727,20.173343796412144,18.98280971305831
figure_ratio,1030,15,5,0.05,MLP-Trust,0.9333333333333333,0.5,1.0,0.6666666666666666,1,13,1,0,0.9045454545454545,23.979929129416554,36.254936483154395
figure_ratio,1030,15,5,0.05,MTIM,0.9333333333333333,0.5,1.0,0.6666666666666666,1,13,1,0,0.9318181818181818,32.715726936159584,61.986849924642044
figure_ratio,1031,15,5,0.05,MFA,0.8666666666666667,0.3333333333333333,1.0,0.5,1,12,2,0,0.9136363636363637,11.918670241734235,16.734514795329574
figure_ratio,1031,15,5,0.05,FUBA,0.8666666666666667,0.3333333333333333,1.0,0.5,1,12,2,0,0.9136363636363637,18.250494752507464,14.499825602280858
figure_ratio,1031,15,5,0.05,GALTrust,1.0,1.0,1.0,1.0,1,14,0,0,0.9090909090909091,31.297514814158028,37.635829879122284
figure_ratio,1031,15,5,0.05,GDM-DTM,0.9333333333333333,0.5,1.0,0.6666666666666666,1,13,1,0,0.9181818181818182,20.48468448618188,23.01975743808603
figure_ratio,1031,15,5,0.05,LR-Trust,0.9333333333333333,0.5,1.0,0.6666666666666666,1,13,1,0,0.9227272727272727,21.891563303362606,22.321806709141825
figure_ratio,1031,15,5,0.05,MLP-Trust,1.0,1.0,1.0,1.0,1,14,0,0,0.9136363636363637,25.25571653697031,36.05466753657948
figure_ratio,1031,15,5,0.05,MTIM,0.9333333333333333,0.5,1.0,0.6666666666666666,1,13,1,0,0.9318181818181818,38.4280486811674,52.191062053989874
figure_ratio,1032,15,5,0.05,MFA,0.8,0.25,1.0,0.4,1,11,3,0,0.8545454545454545,13.295918065932012,14.067393870946585
figure_ratio,1032,15,5,0.05,FUBA,0.8,0.25,1.0,0.4,1,11,3,0,0.9045454545454545,21.03734958252152,22.222879386357658
figure_ratio,1032,15,5,0.05,GALTrust,1.0,1.0,1.0,1.0,1,14,0,0,0.9,30.182182666544723,37.52741093944035
figure_ratio,1032,15,5,0.05,GDM-DTM,0.8666666666666667,0.3333333333333333,1.0,0.5,1,12,2,0,0.8909090909090909,15.68987308323605,25.83739993392641
figure_ratio,1032,15,5,0.05,LR-Trust,0.8666666666666667,0.3333333333333333,1.0,0.5,1,12,2,0,0.9045454545454545,20.08348280308578,20.968754994212603
figure_ratio,1032,15,5,0.05,MLP-Trust,0.9333333333333333,0.5,1.0,0.6666666666666666,1,13,1,0,0.9227272727272727,25.91364006873211,37.091575147121645
figure_ratio,1032,15,5,0.05,MTIM,0.9333333333333333,0.5,1.0,0.6666666666666666,1,13,1,0,0.9590909090909091,32.14117351417565,56.07429345582324
figure_ratio,1033,15,5,0.05,MFA,0.8666666666666667,0.3333333333333333,1.0,0.5,1,12,2,0,0.9090909090909091,12.884676948706048,10.437293082405565
figure_ratio,1033,15,5,0.05,FUBA,0.8,0.25,1.0,0.4,1,11,3,0,0.9181818181818182,13.612922223239059,17.702960348115305
figure_ratio,1033,15,5,0.05,GALTrust,1.0,1.0,1.0,1.0,1,14,0,0,0.8818181818181818,31.082613361985164,42.02400365302007
figure_ratio,1033,15,5,0.05,GDM-DTM,0.9333333333333333,0.5,1.0,0.6666666666666666,1,13,1,0,0.8954545454545455,20.463191542623786,23.054243118054085
figure_ratio,1033,15,5,0.05,LR-Trust,0.8666666666666667,0.3333333333333333,1.0,0.5,1,12,2,0,0.9227272727272727,21.018501530948992,21.226424527658427
figure_ratio,1033,15,5,0.05,MLP-Trust,0.8666666666666667,0.3333333333333333,1.0,0.5,1,12,2,0,0.9318181818181818,26.823763578794765,38.00321387468656
figure_ratio,1033,15,5,0.05,MTIM,0.8666666666666667,0.3333333333333333,1.0,0.5,1,12,2,0,0.9318181818181818,31.73609395927847,57.99845509347321
figure_ratio,1034,15,5,0.05,MFA,0.9333333333333333,0.5,1.0,0.6666666666666666,1,13,1,0,0.8863636363636364,10.82255154672464,6.68954341333317
figure_ratio,1034,15,5,0.05,FUBA,0.8666666666666667,0.3333333333333333,1.0,0.5,1,12,2,0,0.8772727272727273,17.122812639657546,22.72389306830309
figure_ratio,1034,15,5,0.05,GALTrust,0.9333333333333333,0.0,0.0,0.0,0,14,0,1,0.8681818181818182,27.7730795186511,39.15702652945475
figure_ratio,1034,15,5,0.05,GDM-DTM,0.7333333333333333,0.2,1.0,0.33333333333333337,1,10,4,0,0.9136363636363637,15.469668213694863,21.0253335400277
figure_ratio,1034,15,5,0.05,LR-Trust,0.8666666666666667,0.3333333333333333,1.0,0.5,1,12,2,0,0.8909090909090909,22.881158020233478,26.61731164169278
figure_ratio,1034,15,5,0.05,MLP-Trust,0.9333333333333333,0.5,1.0,0.6666666666666666,1,13,1,0,0.8954545454545455,25.57610409874492,31.84152874897592
figure_ratio,1034,15,5,0.05,MTIM,0.9333333333333333,0.5,1.0,0.6666666666666666,1,13,1,0,0.9454545454545454,32.906843011146584,50.613948136328126
figure_ratio,1035,15,5,0.05,MFA,0.8666666666666667,0.3333333333333333,1.0,0.5,1,12,2,0,0.8863636363636364,9.842530949037167,6.418133691924274
figure_ratio,1035,15,5,0.05,FUBA,0.9333333333333333,0.5,1.0,0.6666666666666666,1,13,1,0,0.9136363636363637,16.875936390934044,22.774770779137498
figure_ratio,1035,15,5,0.05,GALTrust,1.0,1.0,1.0,1.0,1,14,0,0,0.8727272727272727,30.61044133239919,40.003060638526605
figure_ratio,1035,15,5,0.05,GDM-DTM,0.7333333333333333,0.2,1.0,0.33333333333333337,1,10,4,0,0.8954545454545455,22.594285734490022,18.283482155252365
figure_ratio,1035,15,5,0.05,LR-Trust,1.0,1.0,1.0,1.0,1,14,0,0,0.9090909090909091,22.037757440272546,22.952778817729012
figure_ratio,1035,15,5,0.05,MLP-Trust,1.0,1.0,1.0,1.0,1,14,0,0,0.9181818181818182,29.268445410280947,37.987660543522196
figure_ratio,1035,15,5,0.05,MTIM,1.0,1.0,1.0,1.0,1,14,0,0,0.9454545454545454,33.97844983610001,53.489052486569555
figure_ratio,1036,15,5,0.05,MFA,0.9333333333333333,0.5,1.0,0.6666666666666666,1,13,1,0,0.9090909090909091,12.619726149006011,16.3185008941294
figure_ratio,1036,15,5,0.05,FUBA,0.8666666666666667,0.3333333333333333,1.0,0.5,1,12,2,0,0.9045454545454545,17.736163785640212,21.156890535078578
figure_ratio,1036,15,5,0.05,GALTrust,1.0,1.0,1.0,1.0,1,14,0,0,0.9136363636363637,34.25515646855347,48.99639600088119
figure_ratio,1036,15,5,0.05,GDM-DTM,0.8666666666666667,0.3333333333333333,1.0,0.5,1,12,2,0,0.9045454545454545,18.7259907342573,18.995504694165575
figure_ratio,1036,15,5,0.05,LR-Trust,1.0,1.0,1.0,1.0,1,14,0,0,0.8863636363636364,21.61703652115322,25.07730219616793
figure_ratio,1036,15,5,0.05,MLP-Trust,1.0,1.0,1.0,1.0,1,14,0,0,0.9181818181818182,23.357374140883604,46.9743660401187
figure_ratio,1036,15,5,0.05,MTIM,1.0,1.0,1.0,1.0,1,14,0,0,0.95,32.3871070353975,64.88380680731268
figure_ratio,1037,15,5,0.05,MFA,0.8666666666666667,0.3333333333333333,1.0,0.5,1,12,2,0,0.9,12.378720082838878,10.896594948040063
figure_ratio,1037,15,5,0.05,FUBA,0.9333333333333333,0.5,1.0,0.6666666666666666,1,13,1,0,0.9318181818181818,13.964230303064667,16.074888625430418
figure_ratio,1037,15,5,0.05,GALTrust,1.0,1.0,1.0,1.0,1,14,0,0,0.9272727272727272,33.43920335853237,44.33556859902686
figure_ratio,1037,15,5,0.05,GDM-DTM,0.8,0.25,1.0,0.4,1,11,3,0,0.9136363636363637,19.003959737260722,12.248459191280128
figure_ratio,1037,15,5,0.05,LR-Trust,0.9333333333333333,0.5,1.0,0.6666666666666666,1,13,1,0,0.9090909090909091,18.259041076567016,18.392389645832584
figure_ratio,1037,15,5,0.05,MLP-Trust,0.8666666666666667,0.3333333333333333,1.0,0.5,1,12,2,0,0.9181818181818182,28.020587274882907,35.145881996215735
figure_ratio,1037,15,5,0.05,MTIM,0.8666666666666667,0.3333333333333333,1.0,0.5,1,12,2,0,0.9272727272727272,32.16954430587606,58.25491547409792
figure_ratio,1038,15,5,0.05,MFA,0.9333333333333333,0.5,1.0,0.6666666666666666,1,13,1,0,0.9045454545454545,9.898804837575545,13.076270860105703
figure_ratio,1038,15,5,0.05,FUBA,0.9333333333333333,0.5,1.0,0.6666666666666666,1,13,1,0,0.9181818181818182,16.815050087947586,14.208953687081582
figure_ratio,1038,15,5,0.05,GALTrust,1.0,1.0,1.0,1.0,1,14,0,0,0.9045454545454545,29.602145110377613,34.953957325910515
figure_ratio,1038,15,5,0.05,GDM-DTM,0.8666666666666667,0.3333333333333333,1.0,0.5,1,12,2,0,0.8772727272727273,19.380864311681844,19.782787133186513
figure_ratio,1038,15,5,0.05,LR-Trust,0.8666666666666667,0.3333333333333333,1.0,0.5,1,12,2,0,0.9090909090909091,20.26566301199317,25.247132376685556
figure_ratio,1038,15,5,0.05,MLP-Trust,1.0,1.0,1.0,1.0,1,14,0,0,0.9181818181818182,20.820738160361685,36.59945545769618
figure_ratio,1038,15,5,0.05,MTIM,1.0,1.0,1.0,1.0,1,14,0,0,0.9272727272727272,36.433891935343745,69.12072853311102
figure_ratio,1039,15,5,0.05,MFA,0.8,0.25,1.0,0.4,1,11,3,0,0.9227272727272727,10.817149283645438,10.086326752844704
figure_ratio,1039,15,5,0.05,FUBA,1.0,1.0,1.0,1.0,1,14,0,0,0.9136363636363637,15.045133123914272,8.575069880169957
figure_ratio,1039,15,5,0.05,GALTrust,1.0,1.0,1.0,1.0,1,14,0,0,0.9090909090909091,31.962433539987835,41.91198570539241
figure_ratio,1039,15,5,0.05,GDM-DTM,0.9333333333333333,0.5,1.0,0.6666666666666666,1,13,1,0,0.9090909090909091,19.54326407403008,17.503856819024083
figure_ratio,1039,15,5,0.05,LR-Trust,0.9333333333333333,0.5,1.0,0.6666666666666666,1,13,1,0,0.8772727272727273,17.97328417797451,25.327103384369178
figure_ratio,1039,15,5,0.05,MLP-Trust,1.0,1.0,1.0,1.0,1,14,0,0,0.8818181818181818,25.37802961705508,36.90220604517003
figure_ratio,1039,15,5,0.05,MTIM,1.0,1.0,1.0,1.0,1,14,0,0,0.9227272727272727,33.46184853693849,53.265698142946135
figure_ratio,1040,15,5,0.05,MFA,0.8666666666666667,0.3333333333333333,1.0,0.5,1,12,2,0,0.9181818181818182,13.318810590504436,12.463102985984555
figure_ratio,1040,15,5,0.05,FUBA,1.0,1.0,1.0,1.0,1,14,0,0,0.9090909090909091,17.419227747488435,17.816405183652567
figure_ratio,1040,15,5,0.05,GALTrust,0.9333333333333333,0.0,0.0,0.0,0,14,0,1,0.8227272727272728,29.193862449733384,29.440523675287338
figure_ratio,1040,15,5,0.05,GDM-DTM,0.9333333333333333,0.5,1.0,0.6666666666666666,1,13,1,0,0.8590909090909091,19.752541988020077,25.496920482545423
figure_ratio,1040,15,5,0.05,LR-Trust,1.0,1.0,1.0,1.0,1,14,0,0,0.8863636363636364,23.10794719224815,22.036455779786085
figure_ratio,1040,15,5,0.05,MLP-Trust,1.0,1.0,1.0,1.0,1,14,0,0,0.9,23.86300509473792,33.947523955989446
figure_ratio,1040,15,5,0.05,MTIM,1.0,1.0,1.0,1.0,1,14,0,0,0.9181818181818182,32.82670239862179,61.485974710953656
figure_ratio,1041,15,5,0.05,MFA,0.8,0.25,1.0,0.4,1,11,3,0,0.9227272727272727,11.586127668418042,9.586912093040356
figure_ratio,1041,15,5,0.05,FUBA,0.8,0.25,1.0,0.4,1,11,3,0,0.9227272727272727,17.05609341718392,13.763334375502563
figure_ratio,1041,15,5,0.05,GALTrust,1.0,1.0,1.0,1.0,1,14,0,0,0.8909090909090909,31.073692215392505,37.478834655265295
figure_ratio,1041,15,5,0.05,GDM-DTM,0.8,0.25,1.0,0.4,1,11,3,0,0.8954545454545455,20.78950394456832,23.978728876644546
figure_ratio,1041,15,5,0.05,LR-Trust,0.8,0.25,1.0,0.4,1,11,3,0,0.9227272727272727,18.66664223047984,25.042498168935737
figure_ratio,1041,15,5,0.05,MLP-Trust,0.9333333333333333,0.5,1.0,0.6666666666666666,1,13,1,0,0.9045454545454545,22.40372357920032,38.64999574321322
figure_ratio,1041,15,5,0.05,MTIM,0.8666666666666667,0.3333333333333333,1.0,0.5,1,12,2,0,0.9545454545454546,33.77370435302314,55.120550341759895
figure_ratio,1042,15,5,0.05,MFA,0.9333333333333333,0.5,1.0,0.6666666666666666,1,13,1,0,0.9,12.772300625704263,10.518524185388403
figure_ratio,1042,15,5,0.05,FUBA,0.9333333333333333,0.5,1.0,0.6666666666666666,1,13,1,0,0.9181818181818182,16.604005159867395,19.60586183356481
figure_ratio,1042,15,5,0.05,GALTrust,1.0,1.0,1.0,1.0,1,14,0,0,0.9136363636363637,32.504709538501466,42.70375119526139
figure_ratio,1042,15,5,0.05,GDM-DTM,0.9333333333333333,0.5,1.0,0.6666666666666666,1,13,1,0,0.9181818181818182,17.450642216637092,21.866624418670682
figure_ratio,1042,15,5,0.05,LR-Trust,0.8666666666666667,0.3333333333333333,1.0,0.5,1,12,2,0,0.9181818181818182,20.705069542019523,19.57655937931092
figure_ratio,1042,15,5,0.05,MLP-Trust,1.0,1.0,1.0,1.0,1,14,0,0,0.9227272727272727,25.993140091780127,37.9515880030987
figure_ratio,1042,15,5,0.05,MTIM,1.0,1.0,1.0,1.0,1,14,0,0,0.9272727272727272,33.700994735918364,58.96112588945433
figure_ratio,1043,15,5,0.05,MFA,1.0,1.0,1.0,1.0,1,14,0,0,0.8954545454545455,12.993987539946321,16.21097649346283
figure_ratio,1043,15,5,0.05,FUBA,0.9333333333333333,0.5,1.0,0.6666666666666666,1,13,1,0,0.8909090909090909,15.860454435881438,16.334622145785847
figure_ratio,1043,15,5,0.05,GALTrust,0.9333333333333333,0.0,0.0,0.0,0,14,0,1,0.8954545454545455,29.93248664409274,46.91758482138761
figure_ratio,1043,15,5,0.05,GDM-DTM,0.8666666666666667,0.3333333333333333,1.0,0.5,1,12,2,0,0.8863636363636364,20.444210051990453,21.686246065226513
figure_ratio,1043,15,5,0.05,LR-Trust,0.9333333333333333,0.5,1.0,0.6666666666666666,1,13,1,0,0.8818181818181818,21.364265594970437,28.141836686354388
figure_ratio,1043,15,5,0.05,MLP-Trust,0.8666666666666667,0.3333333333333333,1.0,0.5,1,12,2,0,0.9227272727272727,22.01511363267936,33.105623314533695
figure_ratio,1043,15,5,0.05,MTIM,0.8666666666666667,0.3333333333333333,1.0,0.5,1,12,2,0,0.9318181818181818,31.611243746150173,50.1506944322719
figure_ratio,1044,15,5,0.05,MFA,1.0,1.0,1.0,1.0,1,14,0,0,0.9090909090909091,9.531671232438093,8.679717748576214
figure_ratio,1044,15,5,0.05,FUBA,0.9333333333333333,0.5,1.0,0.6666666666666666,1,13,1,0,0.9045454545454545,17.576798542976032,14.3354266011594
figure_ratio,1044,15,5,0.05,GALTrust,1.0,1.0,1.0,1.0,1,14,0,0,0.8727272727272727,32.34080971407276,41.54888722368573
figure_ratio,1044,15,5,0.05,GDM-DTM,0.8666666666666667,0.3333333333333333,1.0,0.5,1,12,2,0,0.9227272727272727,20.562408654345788,25.737135631301335
figure_ratio,1044,15,5,0.05,LR-Trust,0.9333333333333333,0.5,1.0,0.6666666666666666,1,13,1,0,0.9090909090909091,23.068049687756808,23.86468761113225
figure_ratio,1044,15,5,0.05,MLP-Trust,0.9333333333333333,0.5,1.0,0.6666666666666666,1,13,1,0,0.8545454545454545,22.06688805487442,39.91529361661
figure_ratio,1044,15,5,0.05,MTIM,0.9333333333333333,0.5,1.0,0.6666666666666666,1,13,1,0,0.9090909090909091,35.173605234169834,57.47495779997661
figure_ratio,1045,15,5,0.05,MFA,0.8666666666666667,0.3333333333333333,1.0,0.5,1,12,2,0,0.8818181818181818,9.814474751916572,3.9542926121284383
figure_ratio,1045,15,5,0.05,FUBA,0.9333333333333333,0.5,1.0,0.6666666666666666,1,13,1,0,0.9045454545454545,15.860621106564794,24.618803956075727
figure_ratio,1045,15,5,0.05,GALTrust,0.9333333333333333,0.5,1.0,0.6666666666666666,1,13,1,0,0.9318181818181818,34.032148814239655,38.94840551771725
figure_ratio,1045,15,5,0.05,GDM-DTM,0.8,0.25,1.0,0.4,1,11,3,0,0.9227272727272727,20.77010307315166,20.335876542876928
figure_ratio,1045,15,5,0.05,LR-Trust,0.9333333333333333,0.5,1.0,0.6666666666666666,1,13,1,0,0.9,22.679415779836596,25.10543969356638
figure_ratio,1045,15,5,0.05,MLP-Trust,0.9333333333333333,0.5,1.0,0.6666666666666666,1,13,1,0,0.9454545454545454,26.7255249807413,37.35759216788901
figure_ratio,1045,15,5,0.05,MTIM,0.9333333333333333,0.5,1.0,0.6666666666666666,1,13,1,0,0.9727272727272728,36.201460280289034,58.047228019015634
figure_ratio,1046,15,5,0.05,MFA,0.8,0.25,1.0,0.4,1,11,3,0,0.8863636363636364,10.24890932590791,20.75381752912663
figure_ratio,1046,15,5,0.05,FUBA,0.8666666666666667,0.3333333333333333,1.0,0.5,1,12,2,0,0.9,18.160077569163803,13.741806720286089
figure_ratio,1046,15,5,0.05,GALTrust,1.0,1.0,1.0,1.0,1,14,0,0,0.9090909090909091,31.364131131360285,39.30100356625045
figure_ratio,1046,15,5,0.05,GDM-DTM,1.0,1.0,1.0,1.0,1,14,0,0,0.9,18.07050486241332,19.84799228398203
figure_ratio,1046,15,5,0.05,LR-Trust,0.9333333333333333,0.5,1.0,0.6666666666666666,1,13,1,0,0.9318181818181818,23.246202524533718,21.06928023806773
figure_ratio,1046,15,5,0.05,MLP-Trust,1.0,1.0,1.0,1.0,1,14,0,0,0.9181818181818182,26.708078195441857,38.590127993161424
figure_ratio,1046,15,5,0.05,MTIM,1.0,1.0,1.0,1.0,1,14,0,0,0.8909090909090909,36.79130891480335,55.39071632787308
figure_ratio,1047,15,5,0.05,MFA,0.8,0.25,1.0,0.4,1,11,3,0,0.8772727272727273,10.493422000164816,12.082678131741687
figure_ratio,1047,15,5,0.05,FUBA,0.6666666666666666,0.16666666666666666,1.0,0.2857142857142857,1,9,5,0,0.9090909090909091,17.338590285844866,17.725026019744114
figure_ratio,1047,15,5,0.05,GALTrust,1.0,1.0,1.0,1.0,1,14,0,0,0.8954545454545455,32.66392455124445,42.936105818792285
figure_ratio,1047,15,5,0.05,GDM-DTM,0.8,0.25,1.0,0.4,1,11,3,0,0.8727272727272727,21.38645379247053,22.570114881764553
figure_ratio,1047,15,5,0.05,LR-Trust,0.7333333333333333,0.2,1.0,0.33333333333333337,1,10,4,0,0.9045454545454545,21.795388255521416,27.441361987148262
figure_ratio,1047,15,5,0.05,MLP-Trust,0.9333333333333333,0.5,1.0,0.6666666666666666,1,13,1,0,0.8818181818181818,22.500826706219655,42.190353371124104
figure_ratio,1047,15,5,0.05,MTIM,0.9333333333333333,0.5,1.0,0.6666666666666666,1,13,1,0,0.9181818181818182,31.73425325879854,52.40181177354723
figure_ratio,1048,15,5,0.05,MFA,0.8666666666666667,0.0,0.0,0.0,0,13,1,1,0.8363636363636363,9.275259414971817,6.177629031285131
figure_ratio,1048,15,5,0.05,FUBA,0.9333333333333333,0.5,1.0,0.6666666666666666,1,13,1,0,0.9409090909090909,14.792809778824239,18.773534485996766
figure_ratio,1048,15,5,0.05,GALTrust,0.9333333333333333,0.0,0.0,0.0,0,14,0,1,0.8409090909090909,31.667556674496506,42.50854607747449
figure_ratio,1048,15,5,0.05,GDM-DTM,1.0,1.0,1.0,1.0,1,14,0,0,0.9181818181818182,17.983544680421833,24.26185078771119
figure_ratio,1048,15,5,0.05,LR-Trust,1.0,1.0,1.0,1.0,1,14,0,0,0.9045454545454545,21.316179339549013,31.945969216454586
figure_ratio,1048,15,5,0.05,MLP-Trust,1.0,1.0,1.0,1.0,1,14,0,0,0.9,25.500010830963223,36.61367718301942
figure_ratio,1048,15,5,0.05,MTIM,1.0,1.0,1.0,1.0,1,14,0,0,0.9318181818181818,32.37283276204429,63.1239080552582
figure_ratio,1049,15,5,0.05,MFA,0.9333333333333333,0.5,1.0,0.6666666666666666,1,13,1,0,0.8863636363636364,12.188052040204507,10.55455005685543
figure_ratio,1049,15,5,0.05,FUBA,0.9333333333333333,0.5,1.0,0.6666666666666666,1,13,1,0,0.8954545454545455,16.751346709726306,16.031022674198205
figure_ratio,1049,15,5,0.05,GALTrust,1.0,1.0,1.0,1.0,1,14,0,0,0.8772727272727273,30.887400510212196,36.48398805716052
figure_ratio,1049,15,5,0.05,GDM-DTM,1.0,1.0,1.0,1.0,1,14,0,0,0.8954545454545455,19.73593635325064,26.09063657945711
figure_ratio,1049,15,5,0.05,LR-Trust,0.9333333333333333,0.5,1.0,0.6666666666666666,1,13,1,0,0.9409090909090909,19.61182557045013,35.04557060699612
figure_ratio,1049,15,5,0.05,MLP-Trust,1.0,1.0,1.0,1.0,1,14,0,0,0.9181818181818182,24.963986207096326,38.71342264337308
figure_ratio,1049,15,5,0.05,MTIM,1.0,1.0,1.0,1.0,1,14,0,0,0.9272727272727272,32.68104974660018,58.28973869522459
figure_ratio,1000,15,5,0.1,MFA,0.9333333333333333,0.6666666666666666,1.0,0.8,2,12,1,0,0.8727272727272727,8.851641650304934,19.684003035393246
figure_ratio,1000,15,5,0.1,FUBA,0.9333333333333333,1.0,0.5,0.6666666666666666,1,13,0,1,0.8272727272727273,16.948506438164266,18.9642867029369
figure_ratio,1000,15,5,0.1,GALTrust,0.8666666666666667,0.0,0.0,0.0,0,13,0,2,0.8454545454545455,27.94664068678791,46.322772982871726
figure_ratio,1000,15,5,0.1,GDM-DTM,0.9333333333333333,1.0,0.5,0.6666666666666666,1,13,0,1,0.8772727272727273,19.754795859177193,24.072907619742704
figure_ratio,1000,15,5,0.1,LR-Trust,1.0,1.0,1.0,1.0,2,13,0,0,0.9090909090909091,21.330602447051096,27.590290428662314
figure_ratio,1000,15,5,0.1,MLP-Trust,1.0,1.0,1.0,1.0,2,13,0,0,0.8954545454545455,25.9475890120982,38.24642754144285
figure_ratio,1000,15,5,0.1,MTIM,1.0,1.0,1.0,1.0,2,13,0,0,0.9227272727272727,37.58606634986547,60.579199701434156
figure_ratio,1001,15,5,0.1,MFA,0.8,0.4,1.0,0.5714285714285715,2,10,3,0,0.9,11.585739319846324,9.233210815902632
figure_ratio,1001,15,5,0.1,FUBA,0.6666666666666666,0.2,0.5,0.28571428571428575,1,9,4,1,0.8636363636363636,16.525035690581465,14.563581286766844
figure_ratio,1001,15,5,0.1,GALTrust,0.9333333333333333,1.0,0.5,0.6666666666666666,1,13,0,1,0.85,31.40035539756998,35.16495337893679
figure_ratio,1001,15,5,0.1,GDM-DTM,0.9333333333333333,0.6666666666666666,1.0,0.8,2,12,1,0,0.8772727272727273,17.966260832269235,16.70430684593421
figure_ratio,1001,15,5,0.1,LR-Trust,0.8,0.4,1.0,0.5714285714285715,2,10,3,0,0.9045454545454545,23.186021259572325,21.45610652482243
figure_ratio,1001,15,5,0.1,MLP-Trust,1.0,1.0,1.0,1.0,2,13,0,0,0.9090909090909091,27.316306813611448,37.9885138085915
figure_ratio,1001,15,5,0.1,MTIM,0.9333333333333333,0.6666666666666666,1.0,0.8,2,12,1,0,0.9227272727272727,30.626725089439727,58.67577962583009
figure_ratio,1002,15,5,0.1,MFA,0.9333333333333333,1.0,0.5,0.6666666666666666,1,13,0,1,0.8454545454545455,11.853604084000175,3.8582519520100274
figure_ratio,1002,15,5,0.1,FUBA,0.8666666666666667,0.5,1.0,0.6666666666666666,2,11,2,0,0.95,15.920500595905825,23.452486072285513
figure_ratio,1002,15,5,0.1,GALTrust,0.9333333333333333,1.0,0.5,0.6666666666666666,1,13,0,1,0.8454545454545455,27.235042886433853,40.93783428968736
figure_ratio,1002,15,5,0.1,GDM-DTM,0.9333333333333333,0.6666666666666666,1.0,0.8,2,12,1,0,0.9090909090909091,23.05018303418806,22.423958225121048
figure_ratio,1002,15,5,0.1,LR-Trust,1.0,1.0,1.0,1.0,2,13,0,0,0.9227272727272727,23.118305579626945,29.197771828591616
figure_ratio,1002,15,5,0.1,MLP-Trust,1.0,1.0,1.0,1.0,2,13,0,0,0.8818181818181818,26.636697840286878,39.59072096939671
figure_ratio,1002,15,5,0.1,MTIM,1.0,1.0,1.0,1.0,2,13,0,0,0.95,35.50997199711533,64.72280211341274
figure_ratio,1003,15,5,0.1,MFA,0.8,0.0,0.0,0.0,0,12,1,2,0.85,11.253957966095408,10.30493089559924
figure_ratio,1003,15,5,0.1,FUBA,0.8,0.3333333333333333,0.5,0.4,1,11,2,1,0.8818181818181818,15.617253215601474,17.180218391121127
figure_ratio,1003,15,5,0.1,GALTrust,0.8666666666666667,0.0,0.0,0.0,0,13,0,2,0.8136363636363636,32.338600142427495,42.58222702895827
figure_ratio,1003,15,5,0.1,GDM-DTM,1.0,1.0,1.0,1.0,2,13,0,0,0.8727272727272727,18.860825789656847,19.19030016989285
figure_ratio,1003,15,5,0.1,LR-Trust,1.0,1.0,1.0,1.0,2,13,0,0,0.9136363636363637,19.775038995792777,28.633092907154104
figure_ratio,1003,15,5,0.1,MLP-Trust,1.0,1.0,1.0,1.0,2,13,0,0,0.9181818181818182,24.00888732378317,38.15316700910308
figure_ratio,1003,15,5,0.1,MTIM,1.0,1.0,1.0,1.0,2,13,0,0,0.9136363636363637,32.456305196360205,60.34636202868339
figure_ratio,1004,15,5,0.1,MFA,0.8666666666666667,0.5,1.0,0.6666666666666666,2,11,2,0,0.9227272727272727,13.449893961599276,13.628844626456296
figure_ratio,1004,15,5,0.1,FUBA,0.8,0.4,1.0,0.5714285714285715,2,10,3,0,0.9227272727272727,13.438441178672061,20.55814036696502
figure_ratio,1004,15,5,0.1,GALTrust,0.8666666666666667,0.0,0.0,0.0,0,13,0,2,0.8090909090909091,30.107303356968558,44.12705267202752
figure_ratio,1004,15,5,0.1,GDM-DTM,0.9333333333333333,0.6666666666666666,1.0,0.8,2,12,1,0,0.8590909090909091,17.799568051648503,25.916872106180907
figure_ratio,1004,15,5,0.1,LR-Trust,0.9333333333333333,0.6666666666666666,1.0,0.8,2,12,1,0,0.9545454545454546,21.142424918928512,20.758132690597634
figure_ratio,1004,15,5,0.1,MLP-Trust,1.0,1.0,1.0,1.0,2,13,0,0,0.9409090909090909,23.307795798068543,38.03341039323101
figure_ratio,1004,15,5,0.1,MTIM,0.9333333333333333,0.6666666666666666,1.0,0.8,2,12,1,0,0.9272727272727272,33.13730225276681,56.37615069107371
figure_ratio,1005,15,5,0.1,MFA,0.8,0.4,1.0,0.5714285714285715,2,10,3,0,0.8727272727272727,9.452511698626079,6.462280276055192
figure_ratio,1005,15,5,0.1,FUBA,0.8666666666666667,0.5,1.0,0.6666666666666666,2,11,2,0,0.8727272727272727,14.104970992115145,12.321125456212389
figure_ratio,1005,15,5,0.1,GALTrust,1.0,1.0,1.0,1.0,2,13,0,0,0.9,32.57811326114124,41.313384966519735
figure_ratio,1005,15,5,0.1,GDM-DTM,0.8,0.4,1.0,0.5714285714285715,2,10,3,0,0.9045454545454545,20.44096663803223,20.14029157901796
figure_ratio,1005,15,5,0.1,LR-Trust,0.9333333333333333,0.6666666666666666,1.0,0.8,2,12,1,0,0.8863636363636364,18.11907795554641,22.271431154390687
figure_ratio,1005,15,5,0.1,MLP-Trust,1.0,1.0,1.0,1.0,2,13,0,0,0.8909090909090909,25.29202959735359,33.15036207230356
figure_ratio,1005,15,5,0.1,MTIM,1.0,1.0,1.0,1.0,2,13,0,0,0.9272727272727272,34.236706719467634,56.2231369777411
figure_ratio,1006,15,5,0.1,MFA,1.0,1.0,1.0,1.0,2,13,0,0,0.9045454545454545,8.981259278441495,4.922776827515596
figure_ratio,1006,15,5,0.1,FUBA,0.8,0.4,1.0,0.5714285714285715,2,10,3,0,0.8818181818181818,17.870422196578538,13.632018472670525
figure_ratio,1006,15,5,0.1,GALTrust,0.8666666666666667,0.0,0.0,0.0,0,13,0,2,0.8,33.73942260178775,42.88217014414031
figure_ratio,1006,15,5,0.1,GDM-DTM,0.8666666666666667,0.0,0.0,0.0,0,13,0,2,0.8181818181818182,16.503921879530306,27.062780845454025
figure_ratio,1006,15,5,0.1,LR-Trust,0.8666666666666667,0.5,1.0,0.6666666666666666,2,11,2,0,0.8727272727272727,24.670786948983263,26.58194090375264
figure_ratio,1006,15,5,0.1,MLP-Trust,1.0,1.0,1.0,1.0,2,13,0,0,0.9136363636363637,24.693038095986793,31.545779684068464
figure_ratio,1006,15,5,0.1,MTIM,1.0,1.0,1.0,1.0,2,13,0,0,0.9363636363636364,31.963025401950535,62.124969600521396
figure_ratio,1007,15,5,0.1,MFA,0.6666666666666666,0.2,0.5,0.28571428571428575,1,9,4,1,0.8590909090909091,10.450606331322266,9.179553871266526
figure_ratio,1007,15,5,0.1,FUBA,1.0,1.0,1.0,1.0,2,13,0,0,0.8954545454545455,15.502400677221903,14.566083896202727
figure_ratio,1007,15,5,0.1,GALTrust,0.8666666666666667,0.0,0.0,0.0,0,13,0,2,0.85,30.210235752998624,32.43139726727676
figure_ratio,1007,15,5,0.1,GDM-DTM,0.9333333333333333,0.6666666666666666,1.0,0.8,2,12,1,0,0.8954545454545455,19.395770681573687,31.93487395057408
figure_ratio,1007,15,5,0.1,LR-Trust,0.9333333333333333,0.6666666666666666,1.0,0.8,2,12,1,0,0.8954545454545455,22.450414112142763,23.99089368900234
figure_ratio,1007,15,5,0.1,MLP-Trust,1.0,1.0,1.0,1.0,2,13,0,0,0.8818181818181818,25.10319040930479,40.05162999467708
figure_ratio,1007,15,5,0.1,MTIM,1.0,1.0,1.0,1.0,2,13,0,0,0.9409090909090909,37.07990372896636,57.77026192392041
figure_ratio,1008,15,5,0.1,MFA,0.7333333333333333,0.25,0.5,0.3333333333333333,1,10,3,1,0.8863636363636364,13.533705347784077,12.341364293207139
figure_ratio,1008,15,5,0.1,FUBA,0.6,0.16666666666666666,0.5,0.25,1,8,5,1,0.8272727272727273,12.663251081582125,6.654588718681314
figure_ratio,1008,15,5,0.1,GALTrust,0.8666666666666667,0.0,0.0,0.0,0,13,0,2,0.8318181818181818,32.65041687873053,38.67458206345009
figure_ratio,1008,15,5,0.1,GDM-DTM,0.7333333333333333,0.25,0.5,0.3333333333333333,1,10,3,1,0.8318181818181818,18.941147408289638,18.39997676199101
figure_ratio,1008,15,5,0.1,LR-Trust,0.7333333333333333,0.25,0.5,0.3333333333333333,1,10,3,1,0.8772727272727273,24.11335687297183,26.708291261671533
figure_ratio,1008,15,5,0.1,MLP-Trust,0.9333333333333333,0.6666666666666666,1.0,0.8,2,12,1,0,0.9363636363636364,25.01547690391327,39.174811642589354
figure_ratio,1008,15,5,0.1,MTIM,0.9333333333333333,0.6666666666666666,1.0,0.8,2,12,1,0,0.9045454545454545,32.8021917585565,57.57830549733596
figure_ratio,1009,15,5,0.1,MFA,1.0,1.0,1.0,1.0,2,13,0,0,0.8772727272727273,11.85076505045124,15.69867786697795
figure_ratio,1009,15,5,0.1,FUBA,0.8,0.4,1.0,0.5714285714285715,2,10,3,0,0.9318181818181818,16.571073986457293,21.95257670360562
figure_ratio,1009,15,5,0.1,GALTrust,1.0,1.0,1.0,1.0,2,13,0,0,0.9363636363636364,31.752904596992092,48.02605201975853
figure_ratio,1009,15,5,0.1,GDM-DTM,0.7333333333333333,0.3333333333333333,1.0,0.5,2,9,4,0,0.8772727272727273,20.461531473232455,18.250691087805272
figure_ratio,1009,15,5,0.1,LR-Trust,0.8666666666666667,0.5,1.0,0.6666666666666666,2,11,2,0,0.8954545454545455,21.538505538649336,31.633006489560806
figure_ratio,1009,15,5,0.1,MLP-Trust,1.0,1.0,1.0,1.0,2,13,0,0,0.8909090909090909,22.166118651604123,28.906806445802292
figure_ratio,1009,15,5,0.1,MTIM,1.0,1.0,1.0,1.0,2,13,0,0,0.9181818181818182,34.69933370122343,60.47447375241575
figure_ratio,1010,15,5,0.1,MFA,0.9333333333333333,0.6666666666666666,1.0,0.8,2,12,1,0,0.8590909090909091,12.41360629842454,14.431630303834366
figure_ratio,1010,15,5,0.1,FUBA,0.8666666666666667,0.5,0.5,0.5,1,12,1,1,0.8318181818181818,16.855238625003658,18.125376197828473
figure_ratio,1010,15,5,0.1,GALTrust,0.9333333333333333,1.0,0.5,0.6666666666666666,1,13,0,1,0.8818181818181818,35.59229165395588,40.83082540552283
figure_ratio,1010,15,5,0.1,GDM-DTM,0.9333333333333333,1.0,0.5,0.6666666666666666,1,13,0,1,0.8590909090909091,21.508811195268514,18.7119561395091
figure_ratio,1010,15,5,0.1,LR-Trust,1.0,1.0,1.0,1.0,2,13,0,0,0.9,22.477033278473968,24.907587974893488
figure_ratio,1010,15,5,0.1,MLP-Trust,1.0,1.0,1.0,1.0,2,13,0,0,0.8772727272727273,28.608151629119234,30.133973750448945
figure_ratio,1010,15,5,0.1,MTIM,1.0,1.0,1.0,1.0,2,13,0,0,0.9090909090909091,36.9453700402446,61.1002417258654
figure_ratio,1011,15,5,0.1,MFA,0.9333333333333333,0.6666666666666666,1.0,0.8,2,12,1,0,0.8954545454545455,10.196122033421458,1.8753233459861463
figure_ratio,1011,15,5,0.1,FUBA,0.9333333333333333,0.6666666666666666,1.0,0.8,2,12,1,0,0.9045454545454545,17.50483606805648,17.598969438837017
figure_ratio,1011,15,5,0.1,GALTrust,0.8666666666666667,0.0,0.0,0.0,0,13,0,2,0.8136363636363636,30.12209435097815,42.88981898931936
figure_ratio,1011,15,5,0.1,GDM-DTM,0.9333333333333333,1.0,0.5,0.6666666666666666,1,13,0,1,0.8909090909090909,19.826751343597067,17.386900961055034
figure_ratio,1011,15,5,0.1,LR-Trust,1.0,1.0,1.0,1.0,2,13,0,0,0.9,23.13697720821185,21.983094389234306
figure_ratio,1011,15,5,0.1,MLP-Trust,1.0,1.0,1.0,1.0,2,13,0,0,0.9090909090909091,24.792634037670197,38.19174864580198
figure_ratio,1011,15,5,0.1,MTIM,1.0,1.0,1.0,1.0,2,13,0,0,0.9409090909090909,34.935172228012696,55.95352416564387
figure_ratio,1012,15,5,0.1,MFA,1.0,1.0,1.0,1.0,2,13,0,0,0.9045454545454545,9.375191674621334,7.89930915970305
figure_ratio,1012,15,5,0.1,FUBA,0.8,0.4,1.0,0.5714285714285715,2,10,3,0,0.8863636363636364,16.027807794617235,19.56449997893478
figure_ratio,1012,15,5,0.1,GALTrust,0.9333333333333333,1.0,0.5,0.6666666666666666,1,13,0,1,0.8909090909090909,33.21388783097024,45.97217862914867
figure_ratio,1012,15,5,0.1,GDM-DTM,0.7333333333333333,0.3333333333333333,1.0,0.5,2,9,4,0,0.8727272727272727,19.50346284870245,23.692198849156483
figure_ratio,1012,15,5,0.1,LR-Trust,0.9333333333333333,0.6666666666666666,1.0,0.8,2,12,1,0,0.8772727272727273,21.081396404582826,24.046650805141244
figure_ratio,1012,15,5,0.1,MLP-Trust,1.0,1.0,1.0,1.0,2,13,0,0,0.9227272727272727,26.827085652561625,33.34307533894814
figure_ratio,1012,15,5,0.1,MTIM,1.0,1.0,1.0,1.0,2,13,0,0,0.9545454545454546,34.04707982137022,60.84537539123918
figure_ratio,1013,15,5,0.1,MFA,1.0,1.0,1.0,1.0,2,13,0,0,0.9,13.78814762437187,9.97401976769356
figure_ratio,1013,15,5,0.1,FUBA,0.7333333333333333,0.0,0.0,0.0,0,11,2,2,0.8227272727272728,18.339385041878234,14.53872455134571
figure_ratio,1013,15,5,0.1,GALTrust,0.8666666666666667,0.0,0.0,0.0,0,13,0,2,0.8090909090909091,31.933440941128886,37.14089420855876
figure_ratio,1013,15,5,0.1,GDM-DTM,1.0,1.0,1.0,1.0,2,13,0,0,0.8909090909090909,18.69332463904539,24.624078037460848
figure_ratio,1013,15,5,0.1,LR-Trust,1.0,1.0,1.0,1.0,2,13,0,0,0.9045454545454545,21.176808479438034,23.126313600856363
figure_ratio,1013,15,5,0.1,MLP-Trust,1.0,1.0,1.0,1.0,2,13,0,0,0.9090909090909091,24.678947422800043,40.692135420740534
figure_ratio,1013,15,5,0.1,MTIM,1.0,1.0,1.0,1.0,2,13,0,0,0.9454545454545454,35.286124007206766,59.57330600945626
figure_ratio,1014,15,5,0.1,MFA,0.8666666666666667,0.5,1.0,0.6666666666666666,2,11,2,0,0.9227272727272727,12.537647350761809,9.148777142708175
figure_ratio,1014,15,5,0.1,FUBA,0.7333333333333333,0.3333333333333333,1.0,0.5,2,9,4,0,0.9136363636363637,16.507765774577788,10.66400883001147
figure_ratio,1014,15,5,0.1,GALTrust,0.9333333333333333,1.0,0.5,0.6666666666666666,1,13,0,1,0.8681818181818182,33.966873942788304,48.024289454083025
figure_ratio,1014,15,5,0.1,GDM-DTM,0.8,0.4,1.0,0.5714285714285715,2,10,3,0,0.9227272727272727,17.205208520136967,23.08103378188686
figure_ratio,1014,15,5,0.1,LR-Trust,0.8666666666666667,0.5,1.0,0.6666666666666666,2,11,2,0,0.8772727272727273,22.275169016259785,27.969580599543455
figure_ratio,1014,15,5,0.1,MLP-Trust,0.9333333333333333,0.6666666666666666,1.0,0.8,2,12,1,0,0.8727272727272727,27.29167173937246,40.26319924941397
figure_ratio,1014,15,5,0.1,MTIM,0.9333333333333333,0.6666666666666666,1.0,0.8,2,12,1,0,0.95,34.369199466757316,64.8685152155984
figure_ratio,1015,15,5,0.1,MFA,0.8666666666666667,0.5,0.5,0.5,1,12,1,1,0.8272727272727273,13.538180876009434,9.749070566205834
figure_ratio,1015,15,5,0.1,FUBA,0.7333333333333333,0.25,0.5,0.3333333333333333,1,10,3,1,0.85,17.700991175136064,15.242629034463198
figure_ratio,1015,15,5,0.1,GALTrust,0.9333333333333333,1.0,0.5,0.6666666666666666,1,13,0,1,0.8409090909090909,34.09599164887044,41.01457383825977
figure_ratio,1015,15,5,0.1,GDM-DTM,0.7333333333333333,0.25,0.5,0.3333333333333333,1,10,3,1,0.8772727272727273,16.422669270219426,20.531267197979865
figure_ratio,1015,15,5,0.1,LR-Trust,0.8666666666666667,0.5,0.5,0.5,1,12,1,1,0.8727272727272727,16.55425525511406,23.52892059446015
figure_ratio,1015,15,5,0.1,MLP-Trust,0.9333333333333333,1.0,0.5,0.6666666666666666,1,13,0,1,0.8909090909090909,25.080641073924866,30.443040999849142
figure_ratio,1015,15,5,0.1,MTIM,0.9333333333333333,1.0,0.5,0.6666666666666666,1,13,0,1,0.9,33.05568597314505,56.30463009035132
figure_ratio,1016,15,5,0.1,MFA,0.8,0.4,1.0,0.5714285714285715,2,10,3,0,0.9090909090909091,9.199978682200372,13.496388599544835
figure_ratio,1016,15,5,0.1,FUBA,0.7333333333333333,0.3333333333333333,1.0,0.5,2,9,4,0,0.8727272727272727,14.24964208020728,19.007037781457818
figure_ratio,1016,15,5,0.1,GALTrust,0.8,0.0,0.0,0.0,0,12,1,2,0.8681818181818182,30.635727453328954,35.96516639767085
figure_ratio,1016,15,5,0.1,GDM-DTM,0.7333333333333333,0.3333333333333333,1.0,0.5,2,9,4,0,0.8863636363636364,17.95514176978827,26.85150411625863
figure_ratio,1016,15,5,0.1,LR-Trust,0.8666666666666667,0.5,1.0,0.6666666666666666,2,11,2,0,0.9090909090909091,23.210950034061078,19.366350146281597
figure_ratio,1016,15,5,0.1,MLP-Trust,1.0,1.0,1.0,1.0,2,13,0,0,0.9045454545454545,21.293171994814934,30.621655214622844
figure_ratio,1016,15,5,0.1,MTIM,1.0,1.0,1.0,1.0,2,13,0,0,0.9227272727272727,33.226628346764805,53.963455045204086
figure_ratio,1017,15,5,0.1,MFA,0.8666666666666667,0.5,0.5,0.5,1,12,1,1,0.8545454545454545,11.585842935747106,5.148895563440727
figure_ratio,1017,15,5,0.1,FUBA,0.9333333333333333,0.6666666666666666,1.0,0.8,2,12,1,0,0.8681818181818182,15.316524058495242,17.589403845235918
figure_ratio,1017,15,5,0.1,GALTrust,0.9333333333333333,1.0,0.5,0.6666666666666666,1,13,0,1,0.8409090909090909,30.082629123857338,35.230090807262314
figure_ratio,1017,15,5,0.1,GDM-DTM,0.8666666666666667,0.5,1.0,0.6666666666666666,2,11,2,0,0.8818181818181818,19.029672571870886,18.58810928451066
figure_ratio,1017,15,5,0.1,LR-Trust,1.0,1.0,1.0,1.0,2,13,0,0,0.8818181818181818,20.917496682686323,26.39565875376041
figure_ratio,1017,15,5,0.1,MLP-Trust,1.0,1.0,1.0,1.0,2,13,0,0,0.8909090909090909,27.983459827878704,28.632569110986232
figure_ratio,1017,15,5,0.1,MTIM,1.0,1.0,1.0,1.0,2,13,0,0,0.9318181818181818,32.02019866742041,67.79838197974058
figure_ratio,1018,15,5,0.1,MFA,0.9333333333333333,0.6666666666666666,1.0,0.8,2,12,1,0,0.8727272727272727,10.51431490449109,13.689497239521481
figure_ratio,1018,15,5,0.1,FUBA,1.0,1.0,1.0,1.0,2,13,0,0,0.8863636363636364,19.385672074008394,16.97313657257282
figure_ratio,1018,15,5,0.1,GALTrust,0.9333333333333333,1.0,0.5,0.6666666666666666,1,13,0,1,0.9136363636363637,30.82707872267705,39.235248761130876
figure_ratio,1018,15,5,0.1,GDM-DTM,1.0,1.0,1.0,1.0,2,13,0,0,0.9090909090909091,21.16895877438625,17.53493244842938
figure_ratio,1018,15,5,0.1,LR-Trust,1.0,1.0,1.0,1.0,2,13,0,0,0.9363636363636364,17.763563785382075,28.840096709206755
figure_ratio,1018,15,5,0.1,MLP-Trust,1.0,1.0,1.0,1.0,2,13,0,0,0.9272727272727272,27.00325243663539,35.51713166235986
figure_ratio,1018,15,5,0.1,MTIM,1.0,1.0,1.0,1.0,2,13,0,0,0.9136363636363637,35.56612672084859,60.13846847626986
figure_ratio,1019,15,5,0.1,MFA,0.8666666666666667,0.5,1.0,0.6666666666666666,2,11,2,0,0.8727272727272727,10.612919630642761,12.996882405788824
figure_ratio,1019,15,5,0.1,FUBA,0.9333333333333333,0.6666666666666666,1.0,0.8,2,12,1,0,0.9,19.3307333375144,15.79247365858683
figure_ratio,1019,15,5,0.1,GALTrust,0.9333333333333333,1.0,0.5,0.6666666666666666,1,13,0,1,0.8909090909090909,29.699883918282502,39.70471496723645
figure_ratio,1019,15,5,0.1,GDM-DTM,0.8,0.4,1.0,0.5714285714285715,2,10,3,0,0.8909090909090909,18.93587142449751,22.556421225033937
figure_ratio,1019,15,5,0.1,LR-Trust,0.9333333333333333,0.6666666666666666,1.0,0.8,2,12,1,0,0.9318181818181818,22.85397886752787,19.803240147854535
figure_ratio,1019,15,5,0.1,MLP-Trust,1.0,1.0,1.0,1.0,2,13,0,0,0.9272727272727272,25.527079294975753,37.835520074158325
figure_ratio,1019,15,5,0.1,MTIM,1.0,1.0,1.0,1.0,2,13,0,0,0.9181818181818182,34.494541502033485,63.385964620968025
figure_ratio,1020,15,5,0.1,MFA,0.7333333333333333,0.3333333333333333,1.0,0.5,2,9,4,0,0.8409090909090909,11.921689764411331,7.659528549865033
figure_ratio,1020,15,5,0.1,FUBA,0.6666666666666666,0.2857142857142857,1.0,0.4444444444444445,2,8,5,0,0.8954545454545455,18.615782176207947,14.47188745673121
figure_ratio,1020,15,5,0.1,GALTrust,0.9333333333333333,1.0,0.5,0.6666666666666666,1,13,0,1,0.8818181818181818,32.448345712058924,40.319198974268765
figure_ratio,1020,15,5,0.1,GDM-DTM,0.7333333333333333,0.3333333333333333,1.0,0.5,2,9,4,0,0.8909090909090909,17.60952715234482,20.38215897045707
figure_ratio,1020,15,5,0.1,LR-Trust,0.7333333333333333,0.3333333333333333,1.0,0.5,2,9,4,0,0.9,22.82528957042622,25.892244118018265
figure_ratio,1020,15,5,0.1,MLP-Trust,0.9333333333333333,0.6666666666666666,1.0,0.8,2,12,1,0,0.8681818181818182,23.519061409824936,34.609031015899234
figure_ratio,1020,15,5,0.1,MTIM,0.9333333333333333,0.6666666666666666,1.0,0.8,2,12,1,0,0.9090909090909091,34.82275906613788,52.511135792813
figure_ratio,1021,15,5,0.1,MFA,0.8666666666666667,0.5,1.0,0.6666666666666666,2,11,2,0,0.9181818181818182,7.989694813351067,9.46889514607456
figure_ratio,1021,15,5,0.1,FUBA,0.8,0.4,1.0,0.5714285714285715,2,10,3,0,0.8818181818181818,14.835713202169563,8.990805254150475
figure_ratio,1021,15,5,0.1,GALTrust,0.9333333333333333,1.0,0.5,0.6666666666666666,1,13,0,1,0.8318181818181818,29.66370647720039,41.586235530895294
figure_ratio,1021,15,5,0.1,GDM-DTM,0.8,0.4,1.0,0.5714285714285715,2,10,3,0,0.8681818181818182,20.246945740453587,23.527894662653566
figure_ratio,1021,15,5,0.1,LR-Trust,0.8666666666666667,0.5,1.0,0.6666666666666666,2,11,2,0,0.9090909090909091,20.65035906330137,25.486247332330173
figure_ratio,1021,15,5,0.1,MLP-Trust,0.9333333333333333,0.6666666666666666,1.0,0.8,2,12,1,0,0.9227272727272727,25.61381761964776,36.55590671820137
figure_ratio,1021,15,5,0.1,MTIM,0.9333333333333333,0.6666666666666666,1.0,0.8,2,12,1,0,0.9181818181818182,36.00309816927149,58.80257815479069
figure_ratio,1022,15,5,0.1,MFA,0.8666666666666667,0.5,0.5,0.5,1,12,1,1,0.8363636363636363,8.599539928004978,1.0
figure_ratio,1022,15,5,0.1,FUBA,0.8666666666666667,0.5,0.5,0.5,1,12,1,1,0.85,17.437393332184726,19.47002352025164
figure_ratio,1022,15,5,0.1,GALTrust,0.9333333333333333,1.0,0.5,0.6666666666666666,1,13,0,1,0.8681818181818182,30.434406151205565,39.778543710166645
figure_ratio,1022,15,5,0.1,GDM-DTM,0.9333333333333333,1.0,0.5,0.6666666666666666,1,13,0,1,0.8727272727272727,21.522182463367052,19.21456530125642
figure_ratio,1022,15,5,0.1,LR-Trust,0.9333333333333333,1.0,0.5,0.6666666666666666,1,13,0,1,0.9136363636363637,22.11906458480826,22.56163092042473
figure_ratio,1022,15,5,0.1,MLP-Trust,0.9333333333333333,1.0,0.5,0.6666666666666666,1,13,0,1,0.9181818181818182,24.905377063356163,33.85203161902835
figure_ratio,1022,15,5,0.1,MTIM,0.9333333333333333,1.0,0.5,0.6666666666666666,1,13,0,1,0.8772727272727273,35.3397165042847,61.98066093913579
figure_ratio,1023,15,5,0.1,MFA,0.9333333333333333,0.6666666666666666,1.0,0.8,2,12,1,0,0.8454545454545455,9.208134919373009,9.659765274730692
figure_ratio,1023,15,5,0.1,FUBA,1.0,1.0,1.0,1.0,2,13,0,0,0.9,17.812503931269703,26.627284154525686
figure_ratio,1023,15,5,0.1,GALTrust,1.0,1.0,1.0,1.0,2,13,0,0,0.8772727272727273,29.5504795494602,40.874548319767904
figure_ratio,1023,15,5,0.1,GDM-DTM,0.8,0.4,1.0,0.5714285714285715,2,10,3,0,0.9045454545454545,17.786536074043763,23.046250821896102
figure_ratio,1023,15,5,0.1,LR-Trust,0.8666666666666667,0.5,1.0,0.6666666666666666,2,11,2,0,0.9,19.830234434492635,17.722566750647612
figure_ratio,1023,15,5,0.1,MLP-Trust,1.0,1.0,1.0,1.0,2,13,0,0,0.9227272727272727,22.70054555464655,34.25877764220185
figure_ratio,1023,15,5,0.1,MTIM,1.0,1.0,1.0,1.0,2,13,0,0,0.9227272727272727,34.64449347920117,51.50718238451068
figure_ratio,1024,15,5,0.1,MFA,0.9333333333333333,0.6666666666666666,1.0,0.8,2,12,1,0,0.9136363636363637,6.701938813466032,14.04853732445411
figure_ratio,1024,15,5,0.1,FUBA,0.7333333333333333,0.25,0.5,0.3333333333333333,1,10,3,1,0.8181818181818182,14.794710080863716,13.849913113064094
figure_ratio,1024,15,5,0.1,GALTrust,0.9333333333333333,1.0,0.5,0.6666666666666666,1,13,0,1,0.8681818181818182,33.51180242989609,38.88520747584006
figure_ratio,1024,15,5,0.1,GDM-DTM,0.8,0.4,1.0,0.5714285714285715,2,10,3,0,0.8909090909090909,23.17849009668505,20.685416481267758
figure_ratio,1024,15,5,0.1,LR-Trust,0.9333333333333333,0.6666666666666666,1.0,0.8,2,12,1,0,0.9363636363636364,21.847896513179496,27.832313965679703
figure_ratio,1024,15,5,0.1,MLP-Trust,1.0,1.0,1.0,1.0,2,13,0,0,0.9363636363636364,25.560414456830806,33.13871391537952
figure_ratio,1024,15,5,0.1,MTIM,1.0,1.0,1.0,1.0,2,13,0,0,0.9363636363636364,34.828117456800186,56.320649366441216
figure_ratio,1025,15,5,0.1,MFA,0.7333333333333333,0.0,0.0,0.0,0,11,2,2,0.7772727272727272,11.736612071611614,10.67587307499436
figure_ratio,1025,15,5,0.1,FUBA,0.8666666666666667,0.5,1.0,0.6666666666666666,2,11,2,0,0.8863636363636364,19.62020085805415,16.415664849957118
figure_ratio,1025,15,5,0.1,GALTrust,0.8666666666666667,0.0,0.0,0.0,0,13,0,2,0.8863636363636364,32.12193394423344,36.72860598092464
figure_ratio,1025,15,5,0.1,GDM-DTM,0.8,0.3333333333333333,0.5,0.4,1,11,2,1,0.8590909090909091,20.702592537605646,29.482032416049694
figure_ratio,1025,15,5,0.1,LR-Trust,0.8,0.3333333333333333,0.5,0.4,1,11,2,1,0.9,19.45308262532683,23.399408072416616
figure_ratio,1025,15,5,0.1,MLP-Trust,1.0,1.0,1.0,1.0,2,13,0,0,0.9136363636363637,27.85281372945868,35.41522593848991
figure_ratio,1025,15,5,0.1,MTIM,1.0,1.0,1.0,1.0,2,13,0,0,0.9363636363636364,32.55880030103473,57.98605622001496
figure_ratio,1026,15,5,0.1,MFA,0.8666666666666667,0.5,1.0,0.6666666666666666,2,11,2,0,0.9,11.261247727269012,1.5105198147818868
figure_ratio,1026,15,5,0.1,FUBA,0.8,0.4,1.0,0.5714285714285715,2,10,3,0,0.9181818181818182,19.30318383109883,18.419124412894558
figure_ratio,1026,15,5,0.1,GALTrust,1.0,1.0,1.0,1.0,2,13,0,0,0.8772727272727273,31.7099992973359,41.183250760282725
figure_ratio,1026,15,5,0.1,GDM-DTM,0.9333333333333333,0.6666666666666666,1.0,0.8,2,12,1,0,0.9318181818181818,19.27013838172441,16.433644069501646
figure_ratio,1026,15,5,0.1,LR-Trust,0.8666666666666667,0.5,1.0,0.6666666666666666,2,11,2,0,0.9181818181818182,20.16633142272785,19.58845358750915
figure_ratio,1026,15,5,0.1,MLP-Trust,0.9333333333333333,0.6666666666666666,1.0,0.8,2,12,1,0,0.8909090909090909,28.663785902812382,33.35680470986764
figure_ratio,1026,15,5,0.1,MTIM,0.9333333333333333,0.6666666666666666,1.0,0.8,2,12,1,0,0.9272727272727272,34.84608167524025,58.31067883382576
figure_ratio,1027,15,5,0.1,MFA,1.0,1.0,1.0,1.0,2,13,0,0,0.8863636363636364,13.715284008291361,6.828106678196952
figure_ratio,1027,15,5,0.1,FUBA,0.9333333333333333,0.6666666666666666,1.0,0.8,2,12,1,0,0.8863636363636364,17.28121426895097,19.09256296233915
figure_ratio,1027,15,5,0.1,GALTrust,0.9333333333333333,1.0,0.5,0.6666666666666666,1,13,0,1,0.8545454545454545,31.7883248061673,47.23832482573797
figure_ratio,1027,15,5,0.1,GDM-DTM,0.8666666666666667,0.5,1.0,0.6666666666666666,2,11,2,0,0.9,19.080991332070166,21.568375213014402
figure_ratio,1027,15,5,0.1,LR-Trust,0.8666666666666667,0.5,1.0,0.6666666666666666,2,11,2,0,0.8863636363636364,23.957648243797824,28.73960803268004
figure_ratio,1027,15,5,0.1,MLP-Trust,1.0,1.0,1.0,1.0,2,13,0,0,0.8954545454545455,24.912300660124732,30.197374341621483
figure_ratio,1027,15,5,0.1,MTIM,1.0,1.0,1.0,1.0,2,13,0,0,0.9272727272727272,32.96190350246606,53.643026824400856
figure_ratio,1028,15,5,0.1,MFA,0.9333333333333333,0.6666666666666666,1.0,0.8,2,12,1,0,0.8954545454545455,14.071726037697868,16.23055426373156
figure_ratio,1028,15,5,0.1,FUBA,1.0,1.0,1.0,1.0,2,13,0,0,0.8590909090909091,16.06885847059717,18.365619705655703
figure_ratio,1028,15,5,0.1,GALTrust,0.9333333333333333,1.0,0.5,0.6666666666666666,1,13,0,1,0.8681818181818182,29.33909019022455,38.67269962231979
figure_ratio,1028,15,5,0.1,GDM-DTM,0.9333333333333333,0.6666666666666666,1.0,0.8,2,12,1,0,0.8909090909090909,18.42890985810609,17.413212208957518
figure_ratio,1028,15,5,0.1,LR-Trust,0.8666666666666667,0.5,1.0,0.6666666666666666,2,11,2,0,0.8954545454545455,21.455674024447728,22.543721068862315
figure_ratio,1028,15,5,0.1,MLP-Trust,0.9333333333333333,0.6666666666666666,1.0,0.8,2,12,1,0,0.9045454545454545,27.07881679834042,37.4630765264163
figure_ratio,1028,15,5,0.1,MTIM,0.8666666666666667,0.5,1.0,0.6666666666666666,2,11,2,0,0.9318181818181818,33.67227293974743,54.396236430716414
figure_ratio,1029,15,5,0.1,MFA,1.0,1.0,1.0,1.0,2,13,0,0,0.8818181818181818,13.080029257565593,8.438446293730994
figure_ratio,1029,15,5,0.1,FUBA,0.9333333333333333,0.6666666666666666,1.0,0.8,2,12,1,0,0.8772727272727273,17.413426888874103,21.8336644756933
figure_ratio,1029,15,5,0.1,GALTrust,0.9333333333333333,1.0,0.5,0.6666666666666666,1,13,0,1,0.8363636363636363,31.158351196279895,43.217976793657414
figure_ratio,1029,15,5,0.1,GDM-DTM,0.9333333333333333,0.6666666666666666,1.0,0.8,2,12,1,0,0.9045454545454545,20.401853807973094,18.412670742744066
figure_ratio,1029,15,5,0.1,LR-Trust,0.9333333333333333,0.6666666666666666,1.0,0.8,2,12,1,0,0.9272727272727272,20.86741968811767,27.189086802581887
figure_ratio,1029,15,5,0.1,MLP-Trust,1.0,1.0,1.0,1.0,2,13,0,0,0.9272727272727272,25.194143188187518,34.99717434808378
figure_ratio,1029,15,5,0.1,MTIM,1.0,1.0,1.0,1.0,2,13,0,0,0.9227272727272727,32.57038478498561,60.713236843351226
figure_ratio,1030,15,5,0.1,MFA,1.0,1.0,1.0,1.0,2,13,0,0,0.8681818181818182,15.292970347912657,4.791867535335294
figure_ratio,1030,15,5,0.1,FUBA,0.9333333333333333,0.6666666666666666,1.0,0.8,2,12,1,0,0.8636363636363636,16.955386938615177,16.68792260726568
figure_ratio,1030,15,5,0.1,GALTrust,0.8666666666666667,0.0,0.0,0.0,0,13,0,2,0.8863636363636364,31.64801644052489,39.57218363354466
figure_ratio,1030,15,5,0.1,GDM-DTM,0.9333333333333333,0.6666666666666666,1.0,0.8,2,12,1,0,0.8909090909090909,20.275445758147217,16.67511378289072
figure_ratio,1030,15,5,0.1,LR-Trust,1.0,1.0,1.0,1.0,2,13,0,0,0.9227272727272727,20.173343796412144,18.98280971305831
figure_ratio,1030,15,5,0.1,MLP-Trust,1.0,1.0,1.0,1.0,2,13,0,0,0.9045454545454545,23.979929129416554,36.254936483154395
figure_ratio,1030,15,5,0.1,MTIM,1.0,1.0,1.0,1.0,2,13,0,0,0.9318181818181818,32.715726936159584,61.986849924642044
figure_ratio,1031,15,5,0.1,MFA,0.7333333333333333,0.3333333333333333,1.0,0.5,2,9,4,0,0.8863636363636364,11.918670241734235,16.734514795329574
figure_ratio,1031,15,5,0.1,FUBA,0.7333333333333333,0.3333333333333333,1.0,0.5,2,9,4,0,0.9045454545454545,18.250494752507464,14.499825602280858
figure_ratio,1031,15,5,0.1,GALTrust,0.8666666666666667,0.0,0.0,0.0,0,13,0,2,0.8318181818181818,31.297514814158028,37.635829879122284
figure_ratio,1031,15,5,0.1,GDM-DTM,0.8666666666666667,0.5,1.0,0.6666666666666666,2,11,2,0,0.9045454545454545,20.48468448618188,23.01975743808603
figure_ratio,1031,15,5,0.1,LR-Trust,0.8666666666666667,0.5,1.0,0.6666666666666666,2,11,2,0,0.9227272727272727,21.891563303362606,22.321806709141825
figure_ratio,1031,15,5,0.1,MLP-Trust,0.8666666666666667,0.5,1.0,0.6666666666666666,2,11,2,0,0.9227272727272727,25.25571653697031,36.05466753657948
figure_ratio,1031,15,5,0.1,MTIM,0.8666666666666667,0.5,1.0,0.6666666666666666,2,11,2,0,0.9227272727272727,38.4280486811674,52.191062053989874
figure_ratio,1032,15,5,0.1,MFA,0.8666666666666667,0.5,1.0,0.6666666666666666,2,11,2,0,0.8545454545454545,13.295918065932012,14.067393870946585
figure_ratio,1032,15,5,0.1,FUBA,1.0,1.0,1.0,1.0,2,13,0,0,0.9136363636363637,21.03734958252152,22.222879386357658
figure_ratio,1032,15,5,0.1,GALTrust,0.9333333333333333,1.0,0.5,0.6666666666666666,1,13,0,1,0.8454545454545455,30.182182666544723,37.52741093944035
figure_ratio,1032,15,5,0.1,GDM-DTM,0.9333333333333333,1.0,0.5,0.6666666666666666,1,13,0,1,0.85,15.68987308323605,25.83739993392641
figure_ratio,1032,15,5,0.1,LR-Trust,0.8,0.3333333333333333,0.5,0.4,1,11,2,1,0.9,20.08348280308578,20.968754994212603
figure_ratio,1032,15,5,0.1,MLP-Trust,1.0,1.0,1.0,1.0,2,13,0,0,0.9227272727272727,25.91364006873211,37.091575147121645
figure_ratio,1032,15,5,0.1,MTIM,1.0,1.0,1.0,1.0,2,13,0,0,0.9545454545454546,32.14117351417565,56.07429345582324
figure_ratio,1033,15,5,0.1,MFA,0.6666666666666666,0.2,0.5,0.28571428571428575,1,9,4,1,0.8681818181818182,12.884676948706048,10.437293082405565
figure_ratio,1033,15,5,0.1,FUBA,0.7333333333333333,0.3333333333333333,1.0,0.5,2,9,4,0,0.9045454545454545,13.612922223239059,17.702960348115305
figure_ratio,1033,15,5,0.1,GALTrust,0.8666666666666667,0.0,0.0,0.0,0,13,0,2,0.7954545454545454,31.082613361985164,42.02400365302007
figure_ratio,1033,15,5,0.1,GDM-DTM,0.8666666666666667,0.5,1.0,0.6666666666666666,2,11,2,0,0.8818181818181818,20.463191542623786,23.054243118054085
figure_ratio,1033,15,5,0.1,LR-Trust,0.8,0.3333333333333333,0.5,0.4,1,11,2,1,0.8909090909090909,21.018501530948992,21.226424527658427
figure_ratio,1033,15,5,0.1,MLP-Trust,0.8666666666666667,0.5,0.5,0.5,1,12,1,1,0.8954545454545455,26.823763578794765,38.00321387468656
figure_ratio,1033,15,5,0.1,MTIM,0.8666666666666667,0.5,0.5,0.5,1,12,1,1,0.8727272727272727,31.73609395927847,57.99845509347321
figure_ratio,1034,15,5,0.1,MFA,0.9333333333333333,0.6666666666666666,1.0,0.8,2,12,1,0,0.8863636363636364,10.82255154672464,6.68954341333317
figure_ratio,1034,15,5,0.1,FUBA,0.9333333333333333,0.6666666666666666,1.0,0.8,2,12,1,0,0.8772727272727273,17.122812639657546,22.72389306830309
figure_ratio,1034,15,5,0.1,GALTrust,0.9333333333333333,1.0,0.5,0.6666666666666666,1,13,0,1,0.8590909090909091,27.7730795186511,39.15702652945475
figure_ratio,1034,15,5,0.1,GDM-DTM,0.8,0.4,1.0,0.5714285714285715,2,10,3,0,0.9090909090909091,15.469668213694863,21.0253335400277
figure_ratio,1034,15,5,0.1,LR-Trust,0.9333333333333333,0.6666666666666666,1.0,0.8,2,12,1,0,0.8909090909090909,22.881158020233478,26.61731164169278
figure_ratio,1034,15,5,0.1,MLP-Trust,0.8666666666666667,0.5,1.0,0.6666666666666666,2,11,2,0,0.9,25.57610409874492,31.84152874897592
figure_ratio,1034,15,5,0.1,MTIM,0.8666666666666667,0.5,1.0,0.6666666666666666,2,11,2,0,0.9454545454545454,32.906843011146584,50.613948136328126
figure_ratio,1035,15,5,0.1,MFA,0.7333333333333333,0.25,0.5,0.3333333333333333,1,10,3,1,0.8090909090909091,9.842530949037167,6.418133691924274
figure_ratio,1035,15,5,0.1,FUBA,0.8,0.4,1.0,0.5714285714285715,2,10,3,0,0.9,16.875936390934044,22.774770779137498
figure_ratio,1035,15,5,0.1,GALTrust,0.9333333333333333,1.0,0.5,0.6666666666666666,1,13,0,1,0.8136363636363636,30.61044133239919,40.003060638526605
figure_ratio,1035,15,5,0.1,GDM-DTM,0.9333333333333333,0.6666666666666666,1.0,0.8,2,12,1,0,0.9,22.594285734490022,18.283482155252365
figure_ratio,1035,15,5,0.1,LR-Trust,1.0,1.0,1.0,1.0,2,13,0,0,0.9045454545454545,22.037757440272546,22.952778817729012
figure_ratio,1035,15,5,0.1,MLP-Trust,1.0,1.0,1.0,1.0,2,13,0,0,0.9181818181818182,29.268445410280947,37.987660543522196
figure_ratio,1035,15,5,0.1,MTIM,1.0,1.0,1.0,1.0,2,13,0,0,0.9409090909090909,33.97844983610001,53.489052486569555
figure_ratio,1036,15,5,0.1,MFA,0.9333333333333333,1.0,0.5,0.6666666666666666,1,13,0,1,0.8545454545454545,12.619726149006011,16.3185008941294
figure_ratio,1036,15,5,0.1,FUBA,0.7333333333333333,0.25,0.5,0.3333333333333333,1,10,3,1,0.8545454545454545,17.736163785640212,21.156890535078578
figure_ratio,1036,15,5,0.1,GALTrust,0.8666666666666667,0.0,0.0,0.0,0,13,0,2,0.8727272727272727,34.25515646855347,48.99639600088119
figure_ratio,1036,15,5,0.1,GDM-DTM,0.9333333333333333,0.6666666666666666,1.0,0.8,2,12,1,0,0.8954545454545455,18.7259907342573,18.995504694165575
figure_ratio,1036,15,5,0.1,LR-Trust,0.8,0.4,1.0,0.5714285714285715,2,10,3,0,0.8772727272727273,21.61703652115322,25.07730219616793
figure_ratio,1036,15,5,0.1,MLP-Trust,0.9333333333333333,0.6666666666666666,1.0,0.8,2,12,1,0,0.9136363636363637,23.357374140883604,46.9743660401187
figure_ratio,1036,15,5,0.1,MTIM,0.9333333333333333,0.6666666666666666,1.0,0.8,2,12,1,0,0.95,32.3871070353975,64.88380680731268
figure_ratio,1037,15,5,0.1,MFA,0.9333333333333333,0.6666666666666666,1.0,0.8,2,12,1,0,0.9,12.378720082838878,10.896594948040063
figure_ratio,1037,15,5,0.1,FUBA,0.8,0.3333333333333333,0.5,0.4,1,11,2,1,0.8772727272727273,13.964230303064667,16.074888625430418
figure_ratio,1037,15,5,0.1,GALTrust,0.8666666666666667,0.0,0.0,0.0,0,13,0,2,0.8136363636363636,33.43920335853237,44.33556859902686
figure_ratio,1037,15,5,0.1,GDM-DTM,0.8666666666666667,0.5,1.0,0.6666666666666666,2,11,2,0,0.9136363636363637,19.003959737260722,12.248459191280128
figure_ratio,1037,15,5,0.1,LR-Trust,0.9333333333333333,0.6666666666666666,1.0,0.8,2,12,1,0,0.9045454545454545,18.259041076567016,18.392389645832584
figure_ratio,1037,15,5,0.1,MLP-Trust,1.0,1.0,1.0,1.0,2,13,0,0,0.9090909090909091,28.020587274882907,35.145881996215735
figure_ratio,1037,15,5,0.1,MTIM,1.0,1.0,1.0,1.0,2,13,0,0,0.9227272727272727,32.16954430587606,58.25491547409792
figure_ratio,1038,15,5,0.1,MFA,0.8,0.3333333333333333,0.5,0.4,1,11,2,1,0.8545454545454545,9.898804837575545,13.076270860105703
figure_ratio,1038,15,5,0.1,FUBA,0.8666666666666667,0.5,0.5,0.5,1,12,1,1,0.8545454545454545,16.815050087947586,14.208953687081582
figure_ratio,1038,15,5,0.1,GALTrust,0.8666666666666667,0.0,0.0,0.0,0,13,0,2,0.8363636363636363,29.602145110377613,34.953957325910515
figure_ratio,1038,15,5,0.1,GDM-DTM,1.0,1.0,1.0,1.0,2,13,0,0,0.8727272727272727,19.380864311681844,19.782787133186513
figure_ratio,1038,15,5,0.1,LR-Trust,1.0,1.0,1.0,1.0,2,13,0,0,0.9045454545454545,20.26566301199317,25.247132376685556
figure_ratio,1038,15,5,0.1,MLP-Trust,1.0,1.0,1.0,1.0,2,13,0,0,0.9181818181818182,20.820738160361685,36.59945545769618
figure_ratio,1038,15,5,0.1,MTIM,1.0,1.0,1.0,1.0,2,13,0,0,0.9272727272727272,36.433891935343745,69.12072853311102
figure_ratio,1039,15,5,0.1,MFA,0.8666666666666667,0.5,1.0,0.6666666666666666,2,11,2,0,0.9090909090909091,10.817149283645438,10.086326752844704
figure_ratio,1039,15,5,0.1,FUBA,0.8666666666666667,0.5,1.0,0.6666666666666666,2,11,2,0,0.9045454545454545,15.045133123914272,8.575069880169957
figure_ratio,1039,15,5,0.1,GALTrust,0.9333333333333333,1.0,0.5,0.6666666666666666,1,13,0,1,0.8636363636363636,31.962433539987835,41.91198570539241
figure_ratio,1039,15,5,0.1,GDM-DTM,0.7333333333333333,0.25,0.5,0.3333333333333333,1,10,3,1,0.8590909090909091,19.54326407403008,17.503856819024083
figure_ratio,1039,15,5,0.1,LR-Trust,0.9333333333333333,0.6666666666666666,1.0,0.8,2,12,1,0,0.8727272727272727,17.97328417797451,25.327103384369178
figure_ratio,1039,15,5,0.1,MLP-Trust,1.0,1.0,1.0,1.0,2,13,0,0,0.8818181818181818,25.37802961705508,36.90220604517003
figure_ratio,1039,15,5,0.1,MTIM,1.0,1.0,1.0,1.0,2,13,0,0,0.9227272727272727,33.46184853693849,53.265698142946135
figure_ratio,1040,15,5,0.1,MFA,0.8,0.4,1.0,0.5714285714285715,2,10,3,0,0.8954545454545455,13.318810590504436,12.463102985984555
figure_ratio,1040,15,5,0.1,FUBA,0.7333333333333333,0.0,0.0,0.0,0,11,2,2,0.8,17.419227747488435,17.816405183652567
figure_ratio,1040,15,5,0.1,GALTrust,0.8666666666666667,0.0,0.0,0.0,0,13,0,2,0.7818181818181819,29.193862449733384,29.440523675287338
figure_ratio,1040,15,5,0.1,GDM-DTM,0.9333333333333333,0.6666666666666666,1.0,0.8,2,12,1,0,0.8636363636363636,19.752541988020077,25.496920482545423
figure_ratio,1040,15,5,0.1,LR-Trust,0.8666666666666667,0.5,0.5,0.5,1,12,1,1,0.8818181818181818,23.10794719224815,22.036455779786085
figure_ratio,1040,15,5,0.1,MLP-Trust,0.9333333333333333,0.6666666666666666,1.0,0.8,2,12,1,0,0.9,23.86300509473792,33.947523955989446
figure_ratio,1040,15,5,0.1,MTIM,0.9333333333333333,0.6666666666666666,1.0,0.8,2,12,1,0,0.9181818181818182,32.82670239862179,61.485974710953656
figure_ratio,1041,15,5,0.1,MFA,0.7333333333333333,0.25,0.5,0.3333333333333333,1,10,3,1,0.8954545454545455,11.586127668418042,9.586912093040356
figure_ratio,1041,15,5,0.1,FUBA,0.8666666666666667,0.5,1.0,0.6666666666666666,2,11,2,0,0.9,17.05609341718392,13.763334375502563
figure_ratio,1041,15,5,0.1,GALTrust,0.9333333333333333,1.0,0.5,0.6666666666666666,1,13,0,1,0.8727272727272727,31.073692215392505,37.478834655265295
figure_ratio,1041,15,5,0.1,GDM-DTM,0.8666666666666667,0.5,1.0,0.6666666666666666,2,11,2,0,0.8863636363636364,20.78950394456832,23.978728876644546
figure_ratio,1041,15,5,0.1,LR-Trust,1.0,1.0,1.0,1.0,2,13,0,0,0.9090909090909091,18.66664223047984,25.042498168935737
figure_ratio,1041,15,5,0.1,MLP-Trust,1.0,1.0,1.0,1.0,2,13,0,0,0.9045454545454545,22.40372357920032,38.64999574321322
figure_ratio,1041,15,5,0.1,MTIM,1.0,1.0,1.0,1.0,2,13,0,0,0.95,33.77370435302314,55.120550341759895
figure_ratio,1042,15,5,0.1,MFA,0.7333333333333333,0.3333333333333333,1.0,0.5,2,9,4,0,0.8909090909090909,12.772300625704263,10.518524185388403
figure_ratio,1042,15,5,0.1,FUBA,0.8,0.4,1.0,0.5714285714285715,2,10,3,0,0.9227272727272727,16.604005159867395,19.60586183356481
figure_ratio,1042,15,5,0.1,GALTrust,0.9333333333333333,1.0,0.5,0.6666666666666666,1,13,0,1,0.8454545454545455,32.504709538501466,42.70375119526139
figure_ratio,1042,15,5,0.1,GDM-DTM,0.8666666666666667,0.5,1.0,0.6666666666666666,2,11,2,0,0.9181818181818182,17.450642216637092,21.866624418670682
figure_ratio,1042,15,5,0.1,LR-Trust,0.8666666666666667,0.5,1.0,0.6666666666666666,2,11,2,0,0.9181818181818182,20.705069542019523,19.57655937931092
figure_ratio,1042,15,5,0.1,MLP-Trust,1.0,1.0,1.0,1.0,2,13,0,0,0.9181818181818182,25.993140091780127,37.9515880030987
figure_ratio,1042,15,5,0.1,MTIM,0.9333333333333333,0.6666666666666666,1.0,0.8,2,12,1,0,0.9272727272727272,33.700994735918364,58.96112588945433
figure_ratio,1043,15,5,0.1,MFA,0.8666666666666667,0.5,0.5,0.5,1,12,1,1,0.8363636363636363,12.993987539946321,16.21097649346283
figure_ratio,1043,15,5,0.1,FUBA,0.9333333333333333,1.0,0.5,0.6666666666666666,1,13,0,1,0.8681818181818182,15.860454435881438,16.334622145785847
figure_ratio,1043,15,5,0.1,GALTrust,0.8666666666666667,0.0,0.0,0.0,0,13,0,2,0.8454545454545455,29.93248664409274,46.91758482138761
figure_ratio,1043,15,5,0.1,GDM-DTM,0.8666666666666667,0.5,0.5,0.5,1,12,1,1,0.8363636363636363,20.444210051990453,21.686246065226513
figure_ratio,1043,15,5,0.1,LR-Trust,0.8666666666666667,0.5,0.5,0.5,1,12,1,1,0.8681818181818182,21.364265594970437,28.141836686354388
figure_ratio,1043,15,5,0.1,MLP-Trust,1.0,1.0,1.0,1.0,2,13,0,0,0.9181818181818182,22.01511363267936,33.105623314533695
figure_ratio,1043,15,5,0.1,MTIM,1.0,1.0,1.0,1.0,2,13,0,0,0.9318181818181818,31.611243746150173,50.1506944322719
figure_ratio,1044,15,5,0.1,MFA,0.7333333333333333,0.25,0.5,0.3333333333333333,1,10,3,1,0.8818181818181818,9.531671232438093,8.679717748576214
figure_ratio,1044,15,5,0.1,FUBA,0.8666666666666667,0.5,0.5,0.5,1,12,1,1,0.8227272727272728,17.576798542976032,14.3354266011594
figure_ratio,1044,15,5,0.1,GALTrust,0.9333333333333333,1.0,0.5,0.6666666666666666,1,13,0,1,0.8318181818181818,32.34080971407276,41.54888722368573
figure_ratio,1044,15,5,0.1,GDM-DTM,0.8666666666666667,0.5,1.0,0.6666666666666666,2,11,2,0,0.9136363636363637,20.562408654345788,25.737135631301335
figure_ratio,1044,15,5,0.1,LR-Trust,0.8666666666666667,0.5,0.5,0.5,1,12,1,1,0.9,23.068049687756808,23.86468761113225
figure_ratio,1044,15,5,0.1,MLP-Trust,0.9333333333333333,0.6666666666666666,1.0,0.8,2,12,1,0,0.85,22.06688805487442,39.91529361661
figure_ratio,1044,15,5,0.1,MTIM,0.9333333333333333,0.6666666666666666,1.0,0.8,2,12,1,0,0.9,35.173605234169834,57.47495779997661
figure_ratio,1045,15,5,0.1,MFA,0.9333333333333333,0.6666666666666666,1.0,0.8,2,12,1,0,0.8772727272727273,9.814474751916572,3.9542926121284383
figure_ratio,1045,15,5,0.1,FUBA,0.8,0.4,1.0,0.5714285714285715,2,10,3,0,0.8681818181818182,15.860621106564794,24.618803956075727
figure_ratio,1045,15,5,0.1,GALTrust,0.9333333333333333,1.0,0.5,0.6666666666666666,1,13,0,1,0.8909090909090909,34.032148814239655,38.94840551771725
figure_ratio,1045,15,5,0.1,GDM-DTM,0.8666666666666667,0.5,1.0,0.6666666666666666,2,11,2,0,0.8909090909090909,20.77010307315166,20.335876542876928
figure_ratio,1045,15,5,0.1,LR-Trust,0.9333333333333333,0.6666666666666666,1.0,0.8,2,12,1,0,0.8954545454545455,22.679415779836596,25.10543969356638
figure_ratio,1045,15,5,0.1,MLP-Trust,1.0,1.0,1.0,1.0,2,13,0,0,0.9454545454545454,26.7255249807413,37.35759216788901
figure_ratio,1045,15,5,0.1,MTIM,1.0,1.0,1.0,1.0,2,13,0,0,0.9727272727272728,36.201460280289034,58.047228019015634
figure_ratio,1046,15,5,0.1,MFA,0.8,0.4,1.0,0.5714285714285715,2,10,3,0,0.8909090909090909,10.24890932590791,20.75381752912663
figure_ratio,1046,15,5,0.1,FUBA,0.8,0.3333333333333333,0.5,0.4,1,11,2,1,0.8590909090909091,18.160077569163803,13.741806720286089
figure_ratio,1046,15,5,0.1,GALTrust,0.8666666666666667,0.0,0.0,0.0,0,13,0,2,0.8590909090909091,31.364131131360285,39.30100356625045
figure_ratio,1046,15,5,0.1,GDM-DTM,0.9333333333333333,0.6666666666666666,1.0,0.8,2,12,1,0,0.8909090909090909,18.07050486241332,19.84799228398203
figure_ratio,1046,15,5,0.1,LR-Trust,0.8,0.3333333333333333,0.5,0.4,1,11,2,1,0.9,23.246202524533718,21.06928023806773
figure_ratio,1046,15,5,0.1,MLP-Trust,0.9333333333333333,0.6666666666666666,1.0,0.8,2,12,1,0,0.9136363636363637,26.708078195441857,38.590127993161424
figure_ratio,1046,15,5,0.1,MTIM,0.9333333333333333,0.6666666666666666,1.0,0.8,2,12,1,0,0.8909090909090909,36.79130891480335,55.39071632787308
figure_ratio,1047,15,5,0.1,MFA,0.9333333333333333,0.6666666666666666,1.0,0.8,2,12,1,0,0.8863636363636364,10.493422000164816,12.082678131741687
figure_ratio,1047,15,5,0.1,FUBA,0.9333333333333333,1.0,0.5,0.6666666666666666,1,13,0,1,0.8590909090909091,17.338590285844866,17.725026019744114
figure_ratio,1047,15,5,0.1,GALTrust,0.9333333333333333,1.0,0.5,0.6666666666666666,1,13,0,1,0.8227272727272728,32.66392455124445,42.936105818792285
figure_ratio,1047,15,5,0.1,GDM-DTM,0.9333333333333333,0.6666666666666666,1.0,0.8,2,12,1,0,0.8772727272727273,21.38645379247053,22.570114881764553
figure_ratio,1047,15,5,0.1,LR-Trust,0.9333333333333333,1.0,0.5,0.6666666666666666,1,13,0,1,0.8863636363636364,21.795388255521416,27.441361987148262
figure_ratio,1047,15,5,0.1,MLP-Trust,1.0,1.0,1.0,1.0,2,13,0,0,0.8818181818181818,22.500826706219655,42.190353371124104
figure_ratio,1047,15,5,0.1,MTIM,1.0,1.0,1.0,1.0,2,13,0,0,0.9181818181818182,31.73425325879854,52.40181177354723
figure_ratio,1048,15,5,0.1,MFA,0.8,0.3333333333333333,0.5,0.4,1,11,2,1,0.8181818181818182,9.275259414971817,6.177629031285131
figure_ratio,1048,15,5,0.1,FUBA,0.7333333333333333,0.3333333333333333,1.0,0.5,2,9,4,0,0.9363636363636364,14.792809778824239,18.773534485996766
figure_ratio,1048,15,5,0.1,GALTrust,0.9333333333333333,1.0,0.5,0.6666666666666666,1,13,0,1,0.8454545454545455,31.667556674496506,42.50854607747449
figure_ratio,1048,15,5,0.1,GDM-DTM,0.8666666666666667,0.5,1.0,0.6666666666666666,2,11,2,0,0.9045454545454545,17.983544680421833,24.26185078771119
figure_ratio,1048,15,5,0.1,LR-Trust,0.8666666666666667,0.5,1.0,0.6666666666666666,2,11,2,0,0.9045454545454545,21.316179339549013,31.945969216454586
figure_ratio,1048,15,5,0.1,MLP-Trust,0.8666666666666667,0.5,1.0,0.6666666666666666,2,11,2,0,0.9,25.500010830963223,36.61367718301942
figure_ratio,1048,15,5,0.1,MTIM,0.8666666666666667,0.5,1.0,0.6666666666666666,2,11,2,0,0.9227272727272727,32.37283276204429,63.1239080552582
figure_ratio,1049,15,5,0.1,MFA,0.8,0.3333333333333333,0.5,0.4,1,11,2,1,0.8454545454545455,12.188052040204507,10.55455005685543
figure_ratio,1049,15,5,0.1,FUBA,0.8666666666666667,0.5,0.5,0.5,1,12,1,1,0.8636363636363636,16.751346709726306,16.031022674198205
figure_ratio,1049,15,5,0.1,GALTrust,0.9333333333333333,1.0,0.5,0.6666666666666666,1,13,0,1,0.8409090909090909,30.887400510212196,36.48398805716052
figure_ratio,1049,15,5,0.1,GDM-DTM,0.8666666666666667,0.5,1.0,0.6666666666666666,2,11,2,0,0.8818181818181818,19.73593635325064,26.09063657945711
figure_ratio,1049,15,5,0.1,LR-Trust,0.9333333333333333,0.6666666666666666,1.0,0.8,2,12,1,0,0.9409090909090909,19.61182557045013,35.04557060699612
figure_ratio,1049,15,5,0.1,MLP-Trust,1.0,1.0,1.0,1.0,2,13,0,0,0.9090909090909091,24.963986207096326,38.71342264337308
figure_ratio,1049,15,5,0.1,MTIM,1.0,1.0,1.0,1.0,2,13,0,0,0.9227272727272727,32.68104974660018,58.28973869522459
ratio,1000,15,5,0.1,MFA,0.9333333333333333,0.6666666666666666,1.0,0.8,2,12,1,0,0.8727272727272727,8.851641650304934,19.684003035393246
ratio,1000,15,5,0.1,FUBA,0.9333333333333333,1.0,0.5,0.6666666666666666,1,13,0,1,0.8272727272727273,16.948506438164266,18.9642867029369
ratio,1000,15,5,0.1,GALTrust,0.8666666666666667,0.0,0.0,0.0,0,13,0,2,0.8454545454545455,27.94664068678791,46.322772982871726
ratio,1000,15,5,0.1,GDM-DTM,0.9333333333333333,1.0,0.5,0.6666666666666666,1,13,0,1,0.8772727272727273,19.754795859177193,24.072907619742704
ratio,1000,15,5,0.1,LR-Trust,1.0,1.0,1.0,1.0,2,13,0,0,0.9090909090909091,21.330602447051096,27.590290428662314
ratio,1000,15,5,0.1,MLP-Trust,1.0,1.0,1.0,1.0,2,13,0,0,0.8954545454545455,25.9475890120982,38.24642754144285
ratio,1000,15,5,0.1,MTIM,1.0,1.0,1.0,1.0,2,13,0,0,0.9227272727272727,37.58606634986547,60.579199701434156
ratio,1001,15,5,0.1,MFA,0.8,0.4,1.0,0.5714285714285715,2,10,3,0,0.9,11.585739319846324,9.233210815902632
ratio,1001,15,5,0.1,FUBA,0.6666666666666666,0.2,0.5,0.28571428571428575,1,9,4,1,0.8636363636363636,16.525035690581465,14.563581286766844
ratio,1001,15,5,0.1,GALTrust,0.9333333333333333,1.0,0.5,0.6666666666666666,1,13,0,1,0.85,31.40035539756998,35.16495337893679
ratio,1001,15,5,0.1,GDM-DTM,0.9333333333333333,0.6666666666666666,1.0,0.8,2,12,1,0,0.8772727272727273,17.966260832269235,16.70430684593421
ratio,1001,15,5,0.1,LR-Trust,0.8,0.4,1.0,0.5714285714285715,2,10,3,0,0.9045454545454545,23.186021259572325,21.45610652482243
ratio,1001,15,5,0.1,MLP-Trust,1.0,1.0,1.0,1.0,2,13,0,0,0.9090909090909091,27.316306813611448,37.9885138085915
ratio,1001,15,5,0.1,MTIM,0.9333333333333333,0.6666666666666666,1.0,0.8,2,12,1,0,0.9227272727272727,30.626725089439727,58.67577962583009
ratio,1002,15,5,0.1,MFA,0.9333333333333333,1.0,0.5,0.6666666666666666,1,13,0,1,0.8454545454545455,11.853604084000175,3.8582519520100274
ratio,1002,15,5,0.1,FUBA,0.8666666666666667,0.5,1.0,0.6666666666666666,2,11,2,0,0.95,15.920500595905825,23.452486072285513
ratio,1002,15,5,0.1,GALTrust,0.9333333333333333,1.0,0.5,0.6666666666666666,1,13,0,1,0.8454545454545455,27.235042886433853,40.93783428968736
ratio,1002,15,5,0.1,GDM-DTM,0.9333333333333333,0.6666666666666666,1.0,0.8,2,12,1,0,0.9090909090909091,23.05018303418806,22.423958225121048
ratio,1002,15,5,0.1,LR-Trust,1.0,1.0,1.0,1.0,2,13,0,0,0.9227272727272727,23.118305579626945,29.197771828591616
ratio,1002,15,5,0.1,MLP-Trust,1.0,1.0,1.0,1.0,2,13,0,0,0.8818181818181818,26.636697840286878,39.59072096939671
ratio,1002,15,5,0.1,MTIM,1.0,1.0,1.0,1.0,2,13,0,0,0.95,35.50997199711533,64.72280211341274
ratio,1003,15,5,0.1,MFA,0.8,0.0,0.0,0.0,0,12,1,2,0.85,11.253957966095408,10.30493089559924
ratio,1003,15,5,0.1,FUBA,0.8,0.3333333333333333,0.5,0.4,1,11,2,1,0.8818181818181818,15.617253215601474,17.180218391121127
ratio,1003,15,5,0.1,GALTrust,0.8666666666666667,0.0,0.0,0.0,0,13,0,2,0.8136363636363636,32.338600142427495,42.58222702895827
ratio,1003,15,5,0.1,GDM-DTM,1.0,1.0,1.0,1.0,2,13,0,0,0.8727272727272727,18.860825789656847,19.19030016989285
ratio,1003,15,5,0.1,LR-Trust,1.0,1.0,1.0,1.0,2,13,0,0,0.9136363636363637,19.775038995792777,28.633092907154104
ratio,1003,15,5,0.1,MLP-Trust,1.0,1.0,1.0,1.0,2,13,0,0,0.9181818181818182,24.00888732378317,38.15316700910308
ratio,1003,15,5,0.1,MTIM,1.0,1.0,1.0,1.0,2,13,0,0,0.9136363636363637,32.456305196360205,60.34636202868339
ratio,1004,15,5,0.1,MFA,0.8666666666666667,0.5,1.0,0.6666666666666666,2,11,2,0,0.9227272727272727,13.449893961599276,13.628844626456296
ratio,1004,15,5,0.1,FUBA,0.8,0.4,1.0,0.5714285714285715,2,10,3,0,0.9227272727272727,13.438441178672061,20.55814036696502
ratio,1004,15,5,0.1,GALTrust,0.8666666666666667,0.0,0.0,0.0,0,13,0,2,0.8090909090909091,30.107303356968558,44.12705267202752
ratio,1004,15,5,0.1,GDM-DTM,0.9333333333333333,0.6666666666666666,1.0,0.8,2,12,1,0,0.8590909090909091,17.799568051648503,25.916872106180907
ratio,1004,15,5,0.1,LR-Trust,0.9333333333333333,0.6666666666666666,1.0,0.8,2,12,1,0,0.9545454545454546,21.142424918928512,20.758132690597634
ratio,1004,15,5,0.1,MLP-Trust,1.0,1.0,1.0,1.0,2,13,0,0,0.9409090909090909,23.307795798068543,38.03341039323101
ratio,1004,15,5,0.1,MTIM,0.9333333333333333,0.6666666666666666,1.0,0.8,2,12,1,0,0.9272727272727272,33.13730225276681,56.37615069107371
ratio,1005,15,5,0.1,MFA,0.8,0.4,1.0,0.5714285714285715,2,10,3,0,0.8727272727272727,9.452511698626079,6.462280276055192
ratio,1005,15,5,0.1,FUBA,0.8666666666666667,0.5,1.0,0.6666666666666666,2,11,2,0,0.8727272727272727,14.104970992115145,12.321125456212389
ratio,1005,15,5,0.1,GALTrust,1.0,1.0,1.0,1.0,2,13,0,0,0.9,32.57811326114124,41.313384966519735
ratio,1005,15,5,0.1,GDM-DTM,0.8,0.4,1.0,0.5714285714285715,2,10,3,0,0.9045454545454545,20.44096663803223,20.14029157901796
ratio,1005,15,5,0.1,LR-Trust,0.9333333333333333,0.6666666666666666,1.0,0.8,2,12,1,0,0.8863636363636364,18.11907795554641,22.271431154390687
ratio,1005,15,5,0.1,MLP-Trust,1.0,1.0,1.0,1.0,2,13,0,0,0.8909090909090909,25.29202959735359,33.15036207230356
ratio,1005,15,5,0.1,MTIM,1.0,1.0,1.0,1.0,2,13,0,0,0.9272727272727272,34.236706719467634,56.2231369777411
ratio,1006,15,5,0.1,MFA,1.0,1.0,1.0,1.0,2,13,0,0,0.9045454545454545,8.981259278441495,4.922776827515596
ratio,1006,15,5,0.1,FUBA,0.8,0.4,1.0,0.5714285714285715,2,10,3,0,0.8818181818181818,17.870422196578538,13.632018472670525
ratio,1006,15,5,0.1,GALTrust,0.8666666666666667,0.0,0.0,0.0,0,13,0,2,0.8,33.73942260178775,42.88217014414031
ratio,1006,15,5,0.1,GDM-DTM,0.8666666666666667,0.0,0.0,0.0,0,13,0,2,0.8181818181818182,16.503921879530306,27.062780845454025
ratio,1006,15,5,0.1,LR-Trust,0.8666666666666667,0.5,1.0,0.6666666666666666,2,11,2,0,0.8727272727272727,24.670786948983263,26.58194090375264
ratio,1006,15,5,0.1,MLP-Trust,1.0,1.0,1.0,1.0,2,13,0,0,0.9136363636363637,24.693038095986793,31.545779684068464
ratio,1006,15,5,0.1,MTIM,1.0,1.0,1.0,1.0,2,13,0,0,0.9363636363636364,31.963025401950535,62.124969600521396
ratio,1007,15,5,0.1,MFA,0.6666666666666666,0.2,0.5,0.28571428571428575,1,9,4,1,0.8590909090909091,10.450606331322266,9.179553871266526
ratio,1007,15,5,0.1,FUBA,1.0,1.0,1.0,1.0,2,13,0,0,0.8954545454545455,15.502400677221903,14.566083896202727
ratio,1007,15,5,0.1,GALTrust,0.8666666666666667,0.0,0.0,0.0,0,13,0,2,0.85,30.210235752998624,32.43139726727676
ratio,1007,15,5,0.1,GDM-DTM,0.9333333333333333,0.6666666666666666,1.0,0.8,2,12,1,0,0.8954545454545455,19.395770681573687,31.93487395057408
ratio,1007,15,5,0.1,LR-Trust,0.9333333333333333,0.6666666666666666,1.0,0.8,2,12,1,0,0.8954545454545455,22.450414112142763,23.99089368900234
ratio,1007,15,5,0.1,MLP-Trust,1.0,1.0,1.0,1.0,2,13,0,0,0.8818181818181818,25.10319040930479,40.05162999467708
ratio,1007,15,5,0.1,MTIM,1.0,1.0,1.0,1.0,2,13,0,0,0.9409090909090909,37.07990372896636,57.77026192392041
ratio,1008,15,5,0.1,MFA,0.7333333333333333,0.25,0.5,0.3333333333333333,1,10,3,1,0.8863636363636364,13.533705347784077,12.341364293207139
ratio,1008,15,5,0.1,FUBA,0.6,0.16666666666666666,0.5,0.25,1,8,5,1,0.8272727272727273,12.663251081582125,6.654588718681314
ratio,1008,15,5,0.1,GALTrust,0.8666666666666667,0.0,0.0,0.0,0,13,0,2,0.8318181818181818,32.65041687873053,38.67458206345009
ratio,1008,15,5,0.1,GDM-DTM,0.7333333333333333,0.25,0.5,0.3333333333333333,1,10,3,1,0.8318181818181818,18.941147408289638,18.39997676199101
ratio,1008,15,5,0.1,LR-Trust,0.7333333333333333,0.25,0.5,0.3333333333333333,1,10,3,1,0.8772727272727273,24.11335687297183,26.708291261671533
ratio,1008,15,5,0.1,MLP-Trust,0.9333333333333333,0.6666666666666666,1.0,0.8,2,12,1,0,0.9363636363636364,25.01547690391327,39.174811642589354
ratio,1008,15,5,0.1,MTIM,0.9333333333333333,0.6666666666666666,1.0,0.8,2,12,1,0,0.9045454545454545,32.8021917585565,57.57830549733596
ratio,1009,15,5,0.1,MFA,1.0,1.0,1.0,1.0,2,13,0,0,0.8772727272727273,11.85076505045124,15.69867786697795
ratio,1009,15,5,0.1,FUBA,0.8,0.4,1.0,0.5714285714285715,2,10,3,0,0.9318181818181818,16.571073986457293,21.95257670360562
ratio,1009,15,5,0.1,GALTrust,1.0,1.0,1.0,1.0,2,13,0,0,0.9363636363636364,31.752904596992092,48.02605201975853
ratio,1009,15,5,0.1,GDM-DTM,0.7333333333333333,0.3333333333333333,1.0,0.5,2,9,4,0,0.8772727272727273,20.461531473232455,18.250691087805272
ratio,1009,15,5,0.1,LR-Trust,0.8666666666666667,0.5,1.0,0.6666666666666666,2,11,2,0,0.8954545454545455,21.538505538649336,31.633006489560806
ratio,1009,15,5,0.1,MLP-Trust,1.0,1.0,1.0,1.0,2,13,0,0,0.8909090909090909,22.166118651604123,28.906806445802292
ratio,1009,15,5,0.1,MTIM,1.0,1.0,1.0,1.0,2,13,0,0,0.9181818181818182,34.69933370122343,60.47447375241575
ratio,1010,15,5,0.1,MFA,0.9333333333333333,0.6666666666666666,1.0,0.8,2,12,1,0,0.8590909090909091,12.41360629842454,14.431630303834366
ratio,1010,15,5,0.1,FUBA,0.8666666666666667,0.5,0.5,0.5,1,12,1,1,0.8318181818181818,16.855238625003658,18.125376197828473
ratio,1010,15,5,0.1,GALTrust,0.9333333333333333,1.0,0.5,0.6666666666666666,1,13,0,1,0.8818181818181818,35.59229165395588,40.83082540552283
ratio,1010,15,5,0.1,GDM-DTM,0.9333333333333333,1.0,0.5,0.6666666666666666,1,13,0,1,0.8590909090909091,21.508811195268514,18.7119561395091
ratio,1010,15,5,0.1,LR-Trust,1.0,1.0,1.0,1.0,2,13,0,0,0.9,22.477033278473968,24.907587974893488
ratio,1010,15,5,0.1,MLP-Trust,1.0,1.0,1.0,1.0,2,13,0,0,0.8772727272727273,28.608151629119234,30.133973750448945
ratio,1010,15,5,0.1,MTIM,1.0,1.0,1.0,1.0,2,13,0,0,0.9090909090909091,36.9453700402446,61.1002417258654
ratio,1011,15,5,0.1,MFA,0.9333333333333333,0.6666666666666666,1.0,0.8,2,12,1,0,0.8954545454545455,10.196122033421458,1.8753233459861463
ratio,1011,15,5,0.1,FUBA,0.9333333333333333,0.6666666666666666,1.0,0.8,2,12,1,0,0.9045454545454545,17.50483606805648,17.598969438837017
ratio,1011,15,5,0.1,GALTrust,0.8666666666666667,0.0,0.0,0.0,0,13,0,2,0.8136363636363636,30.12209435097815,42.88981898931936
ratio,1011,15,5,0.1,GDM-DTM,0.9333333333333333,1.0,0.5,0.6666666666666666,1,13,0,1,0.8909090909090909,19.826751343597067,17.386900961055034
ratio,1011,15,5,0.1,LR-Trust,1.0,1.0,1.0,1.0,2,13,0,0,0.9,23.13697720821185,21.983094389234306
ratio,1011,15,5,0.1,MLP-Trust,1.0,1.0,1.0,1.0,2,13,0,0,0.9090909090909091,24.792634037670197,38.19174864580198
ratio,1011,15,5,0.1,MTIM,1.0,1.0,1.0,1.0,2,13,0,0,0.9409090909090909,34.935172228012696,55.95352416564387
ratio,1012,15,5,0.1,MFA,1.0,1.0,1.0,1.0,2,13,0,0,0.9045454545454545,9.375191674621334,7.89930915970305
ratio,1012,15,5,0.1,FUBA,0.8,0.4,1.0,0.5714285714285715,2,10,3,0,0.8863636363636364,16.027807794617235,19.56449997893478
ratio,1012,15,5,0.1,GALTrust,0.9333333333333333,1.0,0.5,0.6666666666666666,1,13,0,1,0.8909090909090909,33.21388783097024,45.97217862914867
ratio,1012,15,5,0.1,GDM-DTM,0.7333333333333333,0.3333333333333333,1.0,0.5,2,9,4,0,0.8727272727272727,19.50346284870245,23.692198849156483
ratio,1012,15,5,0.1,LR-Trust,0.9333333333333333,0.6666666666666666,1.0,0.8,2,12,1,0,0.8772727272727273,21.081396404582826,24.046650805141244
ratio,1012,15,5,0.1,MLP-Trust,1.0,1.0,1.0,1.0,2,13,0,0,0.9227272727272727,26.827085652561625,33.34307533894814
ratio,1012,15,5,0.1,MTIM,1.0,1.0,1.0,1.0,2,13,0,0,0.9545454545454546,34.04707982137022,60.84537539123918
ratio,1013,15,5,0.1,MFA,1.0,1.0,1.0,1.0,2,13,0,0,0.9,13.78814762437187,9.97401976769356
ratio,1013,15,5,0.1,FUBA,0.7333333333333333,0.0,0.0,0.0,0,11,2,2,0.8227272727272728,18.339385041878234,14.53872455134571
ratio,1013,15,5,0.1,GALTrust,0.8666666666666667,0.0,0.0,0.0,0,13,0,2,0.8090909090909091,31.933440941128886,37.14089420855876
ratio,1013,15,5,0.1,GDM-DTM,1.0,1.0,1.0,1.0,2,13,0,0,0.8909090909090909,18.69332463904539,24.624078037460848
ratio,1013,15,5,0.1,LR-Trust,1.0,1.0,1.0,1.0,2,13,0,0,0.9045454545454545,21.176808479438034,23.126313600856363
ratio,1013,15,5,0.1,MLP-Trust,1.0,1.0,1.0,1.0,2,13,0,0,0.9090909090909091,24.678947422800043,40.692135420740534
ratio,1013,15,5,0.1,MTIM,1.0,1.0,1.0,1.0,2,13,0,0,0.9454545454545454,35.286124007206766,59.57330600945626
ratio,1014,15,5,0.1,MFA,0.8666666666666667,0.5,1.0,0.6666666666666666,2,11,2,0,0.9227272727272727,12.537647350761809,9.148777142708175
ratio,1014,15,5,0.1,FUBA,0.7333333333333333,0.3333333333333333,1.0,0.5,2,9,4,0,0.9136363636363637,16.507765774577788,10.66400883001147
ratio,1014,15,5,0.1,GALTrust,0.9333333333333333,1.0,0.5,0.6666666666666666,1,13,0,1,0.8681818181818182,33.966873942788304,48.024289454083025
ratio,1014,15,5,0.1,GDM-DTM,0.8,0.4,1.0,0.5714285714285715,2,10,3,0,0.9227272727272727,17.205208520136967,23.08103378188686
ratio,1014,15,5,0.1,LR-Trust,0.8666666666666667,0.5,1.0,0.6666666666666666,2,11,2,0,0.8772727272727273,22.275169016259785,27.969580599543455
ratio,1014,15,5,0.1,MLP-Trust,0.9333333333333333,0.6666666666666666,1.0,0.8,2,12,1,0,0.8727272727272727,27.29167173937246,40.26319924941397
ratio,1014,15,5,0.1,MTIM,0.9333333333333333,0.6666666666666666,1.0,0.8,2,12,1,0,0.95,34.369199466757316,64.8685152155984
ratio,1015,15,5,0.1,MFA,0.8666666666666667,0.5,0.5,0.5,1,12,1,1,0.8272727272727273,13.538180876009434,9.749070566205834
ratio,1015,15,5,0.1,FUBA,0.7333333333333333,0.25,0.5,0.3333333333333333,1,10,3,1,0.85,17.700991175136064,15.242629034463198
ratio,1015,15,5,0.1,GALTrust,0.9333333333333333,1.0,0.5,0.6666666666666666,1,13,0,1,0.8409090909090909,34.09599164887044,41.01457383825977
ratio,1015,15,5,0.1,GDM-DTM,0.7333333333333333,0.25,0.5,0.3333333333333333,1,10,3,1,0.8772727272727273,16.422669270219426,20.531267197979865
ratio,1015,15,5,0.1,LR-Trust,0.8666666666666667,0.5,0.5,0.5,1,12,1,1,0.8727272727272727,16.55425525511406,23.52892059446015
ratio,1015,15,5,0.1,MLP-Trust,0.9333333333333333,1.0,0.5,0.6666666666666666,1,13,0,1,0.8909090909090909,25.080641073924866,30.443040999849142
ratio,1015,15,5,0.1,MTIM,0.9333333333333333,1.0,0.5,0.6666666666666666,1,13,0,1,0.9,33.05568597314505,56.30463009035132
ratio,1016,15,5,0.1,MFA,0.8,0.4,1.0,0.5714285714285715,2,10,3,0,0.9090909090909091,9.199978682200372,13.496388599544835
ratio,1016,15,5,0.1,FUBA,0.7333333333333333,0.3333333333333333,1.0,0.5,2,9,4,0,0.8727272727272727,14.24964208020728,19.007037781457818
ratio,1016,15,5,0.1,GALTrust,0.8,0.0,0.0,0.0,0,12,1,2,0.8681818181818182,30.635727453328954,35.96516639767085
ratio,1016,15,5,0.1,GDM-DTM,0.7333333333333333,0.3333333333333333,1.0,0.5,2,9,4,0,0.8863636363636364,17.95514176978827,26.85150411625863
ratio,1016,15,5,0.1,LR-Trust,0.8666666666666667,0.5,1.0,0.6666666666666666,2,11,2,0,0.9090909090909091,23.210950034061078,19.366350146281597
ratio,1016,15,5,0.1,MLP-Trust,1.0,1.0,1.0,1.0,2,13,0,0,0.9045454545454545,21.293171994814934,30.621655214622844
ratio,1016,15,5,0.1,MTIM,1.0,1.0,1.0,1.0,2,13,0,0,0.9227272727272727,33.226628346764805,53.963455045204086
ratio,1017,15,5,0.1,MFA,0.8666666666666667,0.5,0.5,0.5,1,12,1,1,0.8545454545454545,11.585842935747106,5.148895563440727
ratio,1017,15,5,0.1,FUBA,0.9333333333333333,0.6666666666666666,1.0,0.8,2,12,1,0,0.8681818181818182,15.316524058495242,17.589403845235918
ratio,1017,15,5,0.1,GALTrust,0.9333333333333333,1.0,0.5,0.6666666666666666,1,13,0,1,0.8409090909090909,30.082629123857338,35.230090807262314
ratio,1017,15,5,0.1,GDM-DTM,0.8666666666666667,0.5,1.0,0.6666666666666666,2,11,2,0,0.8818181818181818,19.029672571870886,18.58810928451066
ratio,1017,15,5,0.1,LR-Trust,1.0,1.0,1.0,1.0,2,13,0,0,0.8818181818181818,20.917496682686323,26.39565875376041
ratio,1017,15,5,0.1,MLP-Trust,1.0,1.0,1.0,1.0,2,13,0,0,0.8909090909090909,27.983459827878704,28.632569110986232
ratio,1017,15,5,0.1,MTIM,1.0,1.0,1.0,1.0,2,13,0,0,0.9318181818181818,32.02019866742041,67.79838197974058
ratio,1018,15,5,0.1,MFA,0.9333333333333333,0.6666666666666666,1.0,0.8,2,12,1,0,0.8727272727272727,10.51431490449109,13.689497239521481
ratio,1018,15,5,0.1,FUBA,1.0,1.0,1.0,1.0,2,13,0,0,0.8863636363636364,19.385672074008394,16.97313657257282
ratio,1018,15,5,0.1,GALTrust,0.9333333333333333,1.0,0.5,0.6666666666666666,1,13,0,1,0.9136363636363637,30.82707872267705,39.235248761130876
ratio,1018,15,5,0.1,GDM-DTM,1.0,1.0,1.0,1.0,2,13,0,0,0.9090909090909091,21.16895877438625,17.53493244842938
ratio,1018,15,5,0.1,LR-Trust,1.0,1.0,1.0,1.0,2,13,0,0,0.9363636363636364,17.763563785382075,28.840096709206755
ratio,1018,15,5,0.1,MLP-Trust,1.0,1.0,1.0,1.0,2,13,0,0,0.9272727272727272,27.00325243663539,35.51713166235986
ratio,1018,15,5,0.1,MTIM,1.0,1.0,1.0,1.0,2,13,0,0,0.9136363636363637,35.56612672084859,60.13846847626986
ratio,1019,15,5,0.1,MFA,0.8666666666666667,0.5,1.0,0.6666666666666666,2,11,2,0,0.8727272727272727,10.612919630642761,12.996882405788824
ratio,1019,15,5,0.1,FUBA,0.9333333333333333,0.6666666666666666,1.0,0.8,2,12,1,0,0.9,19.3307333375144,15.79247365858683
ratio,1019,15,5,0.1,GALTrust,0.9333333333333333,1.0,0.5,0.6666666666666666,1,13,0,1,0.8909090909090909,29.699883918282502,39.70471496723645
ratio,1019,15,5,0.1,GDM-DTM,0.8,0.4,1.0,0.5714285714285715,2,10,3,0,0.8909090909090909,18.93587142449751,22.556421225033937
ratio,1019,15,5,0.1,LR-Trust,0.9333333333333333,0.6666666666666666,1.0,0.8,2,12,1,0,0.9318181818181818,22.85397886752787,19.803240147854535
ratio,1019,15,5,0.1,MLP-Trust,1.0,1.0,1.0,1.0,2,13,0,0,0.9272727272727272,25.527079294975753,37.835520074158325
ratio,1019,15,5,0.1,MTIM,1.0,1.0,1.0,1.0,2,13,0,0,0.9181818181818182,34.494541502033485,63.385964620968025
ratio,1020,15,5,0.1,MFA,0.7333333333333333,0.3333333333333333,1.0,0.5,2,9,4,0,0.8409090909090909,11.921689764411331,7.659528549865033
ratio,1020,15,5,0.1,FUBA,0.6666666666666666,0.2857142857142857,1.0,0.4444444444444445,2,8,5,0,0.8954545454545455,18.615782176207947,14.47188745673121
ratio,1020,15,5,0.1,GALTrust,0.9333333333333333,1.0,0.5,0.6666666666666666,1,13,0,1,0.8818181818181818,32.448345712058924,40.319198974268765
ratio,1020,15,5,0.1,GDM-DTM,0.7333333333333333,0.3333333333333333,1.0,0.5,2,9,4,0,0.8909090909090909,17.60952715234482,20.38215897045707
ratio,1020,15,5,0.1,LR-Trust,0.7333333333333333,0.3333333333333333,1.0,0.5,2,9,4,0,0.9,22.82528957042622,25.892244118018265
ratio,1020,15,5,0.1,MLP-Trust,0.9333333333333333,0.6666666666666666,1.0,0.8,2,12,1,0,0.8681818181818182,23.519061409824936,34.609031015899234
ratio,1020,15,5,0.1,MTIM,0.9333333333333333,0.6666666666666666,1.0,0.8,2,12,1,0,0.9090909090909091,34.82275906613788,52.511135792813
ratio,1021,15,5,0.1,MFA,0.8666666666666667,0.5,1.0,0.6666666666666666,2,11,2,0,0.9181818181818182,7.989694813351067,9.46889514607456
ratio,1021,15,5,0.1,FUBA,0.8,0.4,1.0,0.5714285714285715,2,10,3,0,0.8818181818181818,14.835713202169563,8.990805254150475
ratio,1021,15,5,0.1,GALTrust,0.9333333333333333,1.0,0.5,0.6666666666666666,1,13,0,1,0.8318181818181818,29.66370647720039,41.586235530895294
ratio,1021,15,5,0.1,GDM-DTM,0.8,0.4,1.0,0.5714285714285715,2,10,3,0,0.8681818181818182,20.246945740453587,23.527894662653566
ratio,1021,15,5,0.1,LR-Trust,0.8666666666666667,0.5,1.0,0.6666666666666666,2,11,2,0,0.9090909090909091,20.65035906330137,25.486247332330173
ratio,1021,15,5,0.1,MLP-Trust,0.9333333333333333,0.6666666666666666,1.0,0.8,2,12,1,0,0.9227272727272727,25.61381761964776,36.55590671820137
ratio,1021,15,5,0.1,MTIM,0.9333333333333333,0.6666666666666666,1.0,0.8,2,12,1,0,0.9181818181818182,36.00309816927149,58.80257815479069
ratio,1022,15,5,0.1,MFA,0.8666666666666667,0.5,0.5,0.5,1,12,1,1,0.8363636363636363,8.599539928004978,1.0
ratio,1022,15,5,0.1,FUBA,0.8666666666666667,0.5,0.5,0.5,1,12,1,1,0.85,17.437393332184726,19.47002352025164
ratio,1022,15,5,0.1,GALTrust,0.9333333333333333,1.0,0.5,0.6666666666666666,1,13,0,1,0.8681818181818182,30.434406151205565,39.778543710166645
ratio,1022,15,5,0.1,GDM-DTM,0.9333333333333333,1.0,0.5,0.6666666666666666,1,13,0,1,0.8727272727272727,21.522182463367052,19.21456530125642
ratio,1022,15,5,0.1,LR-Trust,0.9333333333333333,1.0,0.5,0.6666666666666666,1,13,0,1,0.9136363636363637,22.11906458480826,22.56163092042473
ratio,1022,15,5,0.1,MLP-Trust,0.9333333333333333,1.0,0.5,0.6666666666666666,1,13,0,1,0.9181818181818182,24.905377063356163,33.85203161902835
ratio,1022,15,5,0.1,MTIM,0.9333333333333333,1.0,0.5,0.6666666666666666,1,13,0,1,0.8772727272727273,35.3397165042847,61.98066093913579
ratio,1023,15,5,0.1,MFA,0.9333333333333333,0.6666666666666666,1.0,0.8,2,12,1,0,0.8454545454545455,9.208134919373009,9.659765274730692
ratio,1023,15,5,0.1,FUBA,1.0,1.0,1.0,1.0,2,13,0,0,0.9,17.812503931269703,26.627284154525686
ratio,1023,15,5,0.1,GALTrust,1.0,1.0,1.0,1.0,2,13,0,0,0.8772727272727273,29.5504795494602,40.874548319767904
ratio,1023,15,5,0.1,GDM-DTM,0.8,0.4,1.0,0.5714285714285715,2,10,3,0,0.9045454545454545,17.786536074043763,23.046250821896102
ratio,1023,15,5,0.1,LR-Trust,0.8666666666666667,0.5,1.0,0.6666666666666666,2,11,2,0,0.9,19.830234434492635,17.722566750647612
ratio,1023,15,5,0.1,MLP-Trust,1.0,1.0,1.0,1.0,2,13,0,0,0.9227272727272727,22.70054555464655,34.25877764220185
ratio,1023,15,5,0.1,MTIM,1.0,1.0,1.0,1.0,2,13,0,0,0.9227272727272727,34.64449347920117,51.50718238451068
ratio,1024,15,5,0.1,MFA,0.9333333333333333,0.6666666666666666,1.0,0.8,2,12,1,0,0.9136363636363637,6.701938813466032,14.04853732445411
ratio,1024,15,5,0.1,FUBA,0.7333333333333333,0.25,0.5,0.3333333333333333,1,10,3,1,0.8181818181818182,14.794710080863716,13.849913113064094
ratio,1024,15,5,0.1,GALTrust,0.9333333333333333,1.0,0.5,0.6666666666666666,1,13,0,1,0.8681818181818182,33.51180242989609,38.88520747584006
ratio,1024,15,5,0.1,GDM-DTM,0.8,0.4,1.0,0.5714285714285715,2,10,3,0,0.8909090909090909,23.17849009668505,20.685416481267758
ratio,1024,15,5,0.1,LR-Trust,0.9333333333333333,0.6666666666666666,1.0,0.8,2,12,1,0,0.9363636363636364,21.847896513179496,27.832313965679703
ratio,1024,15,5,0.1,MLP-Trust,1.0,1.0,1.0,1.0,2,13,0,0,0.9363636363636364,25.560414456830806,33.13871391537952
ratio,1024,15,5,0.1,MTIM,1.0,1.0,1.0,1.0,2,13,0,0,0.9363636363636364,34.828117456800186,56.320649366441216
ratio,1025,15,5,0.1,MFA,0.7333333333333333,0.0,0.0,0.0,0,11,2,2,0.7772727272727272,11.736612071611614,10.67587307499436
ratio,1025,15,5,0.1,FUBA,0.8666666666666667,0.5,1.0,0.6666666666666666,2,11,2,0,0.8863636363636364,19.62020085805415,16.415664849957118
ratio,1025,15,5,0.1,GALTrust,0.8666666666666667,0.0,0.0,0.0,0,13,0,2,0.8863636363636364,32.12193394423344,36.72860598092464
ratio,1025,15,5,0.1,GDM-DTM,0.8,0.3333333333333333,0.5,0.4,1,11,2,1,0.8590909090909091,20.702592537605646,29.482032416049694
ratio,1025,15,5,0.1,LR-Trust,0.8,0.3333333333333333,0.5,0.4,1,11,2,1,0.9,19.45308262532683,23.399408072416616
ratio,1025,15,5,0.1,MLP-Trust,1.0,1.0,1.0,1.0,2,13,0,0,0.9136363636363637,27.85281372945868,35.41522593848991
ratio,1025,15,5,0.1,MTIM,1.0,1.0,1.0,1.0,2,13,0,0,0.9363636363636364,32.55880030103473,57.98605622001496
ratio,1026,15,5,0.1,MFA,0.8666666666666667,0.5,1.0,0.6666666666666666,2,11,2,0,0.9,11.261247727269012,1.5105198147818868
ratio,1026,15,5,0.1,FUBA,0.8,0.4,1.0,0.5714285714285715,2,10,3,0,0.9181818181818182,19.30318383109883,18.419124412894558
ratio,1026,15,5,0.1,GALTrust,1.0,1.0,1.0,1.0,2,13,0,0,0.8772727272727273,31.7099992973359,41.183250760282725
ratio,1026,15,5,0.1,GDM-DTM,0.9333333333333333,0.6666666666666666,1.0,0.8,2,12,1,0,0.9318181818181818,19.27013838172441,16.433644069501646
ratio,1026,15,5,0.1,LR-Trust,0.8666666666666667,0.5,1.0,0.6666666666666666,2,11,2,0,0.9181818181818182,20.16633142272785,19.58845358750915
ratio,1026,15,5,0.1,MLP-Trust,0.9333333333333333,0.6666666666666666,1.0,0.8,2,12,1,0,0.8909090909090909,28.663785902812382,33.35680470986764
ratio,1026,15,5,0.1,MTIM,0.9333333333333333,0.6666666666666666,1.0,0.8,2,12,1,0,0.9272727272727272,34.84608167524025,58.31067883382576
ratio,1027,15,5,0.1,MFA,1.0,1.0,1.0,1.0,2,13,0,0,0.8863636363636364,13.715284008291361,6.828106678196952
ratio,1027,15,5,0.1,FUBA,0.9333333333333333,0.6666666666666666,1.0,0.8,2,12,1,0,0.8863636363636364,17.28121426895097,19.09256296233915
ratio,1027,15,5,0.1,GALTrust,0.9333333333333333,1.0,0.5,0.6666666666666666,1,13,0,1,0.8545454545454545,31.7883248061673,47.23832482573797
ratio,1027,15,5,0.1,GDM-DTM,0.8666666666666667,0.5,1.0,0.6666666666666666,2,11,2,0,0.9,19.080991332070166,21.568375213014402
ratio,1027,15,5,0.1,LR-Trust,0.8666666666666667,0.5,1.0,0.6666666666666666,2,11,2,0,0.8863636363636364,23.957648243797824,28.73960803268004
ratio,1027,15,5,0.1,MLP-Trust,1.0,1.0,1.0,1.0,2,13,0,0,0.8954545454545455,24.912300660124732,30.197374341621483
ratio,1027,15,5,0.1,MTIM,1.0,1.0,1.0,1.0,2,13,0,0,0.9272727272727272,32.96190350246606,53.643026824400856
ratio,1028,15,5,0.1,MFA,0.9333333333333333,0.6666666666666666,1.0,0.8,2,12,1,0,0.8954545454545455,14.071726037697868,16.23055426373156
ratio,1028,15,5,0.1,FUBA,1.0,1.0,1.0,1.0,2,13,0,0,0.8590909090909091,16.06885847059717,18.365619705655703
ratio,1028,15,5,0.1,GALTrust,0.9333333333333333,1.0,0.5,0.6666666666666666,1,13,0,1,0.8681818181818182,29.33909019022455,38.67269962231979
ratio,1028,15,5,0.1,GDM-DTM,0.9333333333333333,0.6666666666666666,1.0,0.8,2,12,1,0,0.8909090909090909,18.42890985810609,17.413212208957518
ratio,1028,15,5,0.1,LR-Trust,0.8666666666666667,0.5,1.0,0.6666666666666666,2,11,2,0,0.8954545454545455,21.455674024447728,22.543721068862315
ratio,1028,15,5,0.1,MLP-Trust,0.9333333333333333,0.6666666666666666,1.0,0.8,2,12,1,0,0.9045454545454545,27.07881679834042,37.4630765264163
ratio,1028,15,5,0.1,MTIM,0.8666666666666667,0.5,1.0,0.6666666666666666,2,11,2,0,0.9318181818181818,33.67227293974743,54.396236430716414
ratio,1029,15,5,0.1,MFA,1.0,1.0,1.0,1.0,2,13,0,0,0.8818181818181818,13.080029257565593,8.438446293730994
ratio,1029,15,5,0.1,FUBA,0.9333333333333333,0.6666666666666666,1.0,0.8,2,12,1,0,0.8772727272727273,17.413426888874103,21.8336644756933
ratio,1029,15,5,0.1,GALTrust,0.9333333333333333,1.0,0.5,0.6666666666666666,1,13,0,1,0.8363636363636363,31.158351196279895,43.217976793657414
ratio,1029,15,5,0.1,GDM-DTM,0.9333333333333333,0.6666666666666666,1.0,0.8,2,12,1,0,0.9045454545454545,20.401853807973094,18.412670742744066
ratio,1029,15,5,0.1,LR-Trust,0.9333333333333333,0.6666666666666666,1.0,0.8,2,12,1,0,0.9272727272727272,20.86741968811767,27.189086802581887
ratio,1029,15,5,0.1,MLP-Trust,1.0,1.0,1.0,1.0,2,13,0,0,0.9272727272727272,25.194143188187518,34.99717434808378
ratio,1029,15,5,0.1,MTIM,1.0,1.0,1.0,1.0,2,13,0,0,0.9227272727272727,32.57038478498561,60.713236843351226
ratio,1030,15,5,0.1,MFA,1.0,1.0,1.0,1.0,2,13,0,0,0.8681818181818182,15.292970347912657,4.791867535335294
ratio,1030,15,5,0.1,FUBA,0.9333333333333333,0.6666666666666666,1.0,0.8,2,12,1,0,0.8636363636363636,16.955386938615177,16.68792260726568
ratio,1030,15,5,0.1,GALTrust,0.8666666666666667,0.0,0.0,0.0,0,13,0,2,0.8863636363636364,31.64801644052489,39.57218363354466
ratio,1030,15,5,0.1,GDM-DTM,0.9333333333333333,0.6666666666666666,1.0,0.8,2,12,1,0,0.8909090909090909,20.275445758147217,16.67511378289072
ratio,1030,15,5,0.1,LR-Trust,1.0,1.0,1.0,1.0,2,13,0,0,0.9227272727272727,20.173343796412144,18.98280971305831
ratio,1030,15,5,0.1,MLP-Trust,1.0,1.0,1.0,1.0,2,13,0,0,0.9045454545454545,23.979929129416554,36.254936483154395
ratio,1030,15,5,0.1,MTIM,1.0,1.0,1.0,1.0,2,13,0,0,0.9318181818181818,32.715726936159584,61.986849924642044
ratio,1031,15,5,0.1,MFA,0.7333333333333333,0.3333333333333333,1.0,0.5,2,9,4,0,0.8863636363636364,11.918670241734235,16.734514795329574
ratio,1031,15,5,0.1,FUBA,0.7333333333333333,0.3333333333333333,1.0,0.5,2,9,4,0,0.9045454545454545,18.250494752507464,14.499825602280858
ratio,1031,15,5,0.1,GALTrust,0.8666666666666667,0.0,0.0,0.0,0,13,0,2,0.8318181818181818,31.297514814158028,37.635829879122284
ratio,1031,15,5,0.1,GDM-DTM,0.8666666666666667,0.5,1.0,0.6666666666666666,2,11,2,0,0.9045454545454545,20.48468448618188,23.01975743808603
ratio,1031,15,5,0.1,LR-Trust,0.8666666666666667,0.5,1.0,0.6666666666666666,2,11,2,0,0.9227272727272727,21.891563303362606,22.321806709141825
ratio,1031,15,5,0.1,MLP-Trust,0.8666666666666667,0.5,1.0,0.6666666666666666,2,11,2,0,0.9227272727272727,25.25571653697031,36.05466753657948
ratio,1031,15,5,0.1,MTIM,0.8666666666666667,0.5,1.0,0.6666666666666666,2,11,2,0,0.9227272727272727,38.4280486811674,52.191062053989874
ratio,1032,15,5,0.1,MFA,0.8666666666666667,0.5,1.0,0.6666666666666666,2,11,2,0,0.8545454545454545,13.295918065932012,14.067393870946585
ratio,1032,15,5,0.1,FUBA,1.0,1.0,1.0,1.0,2,13,0,0,0.9136363636363637,21.03734958252152,22.222879386357658
ratio,1032,15,5,0.1,GALTrust,0.9333333333333333,1.0,0.5,0.6666666666666666,1,13,0,1,0.8454545454545455,30.182182666544723,37.52741093944035
ratio,1032,15,5,0.1,GDM-DTM,0.9333333333333333,1.0,0.5,0.6666666666666666,1,13,0,1,0.85,15.68987308323605,25.83739993392641
ratio,1032,15,5,0.1,LR-Trust,0.8,0.3333333333333333,0.5,0.4,1,11,2,1,0.9,20.08348280308578,20.968754994212603
ratio,1032,15,5,0.1,MLP-Trust,1.0,1.0,1.0,1.0,2,13,0,0,0.9227272727272727,25.91364006873211,37.091575147121645
ratio,1032,15,5,0.1,MTIM,1.0,1.0,1.0,1.0,2,13,0,0,0.9545454545454546,32.14117351417565,56.07429345582324
ratio,1033,15,5,0.1,MFA,0.6666666666666666,0.2,0.5,0.28571428571428575,1,9,4,1,0.8681818181818182,12.884676948706048,10.437293082405565
ratio,1033,15,5,0.1,FUBA,0.7333333333333333,0.3333333333333333,1.0,0.5,2,9,4,0,0.9045454545454545,13.612922223239059,17.702960348115305
ratio,1033,15,5,0.1,GALTrust,0.8666666666666667,0.0,0.0,0.0,0,13,0,2,0.7954545454545454,31.082613361985164,42.02400365302007
ratio,1033,15,5,0.1,GDM-DTM,0.8666666666666667,0.5,1.0,0.6666666666666666,2,11,2,0,0.8818181818181818,20.463191542623786,23.054243118054085
ratio,1033,15,5,0.1,LR-Trust,0.8,0.3333333333333333,0.5,0.4,1,11,2,1,0.8909090909090909,21.018501530948992,21.226424527658427
ratio,1033,15,5,0.1,MLP-Trust,0.8666666666666667,0.5,0.5,0.5,1,12,1,1,0.8954545454545455,26.823763578794765,38.00321387468656
ratio,1033,15,5,0.1,MTIM,0.8666666666666667,0.5,0.5,0.5,1,12,1,1,0.8727272727272727,31.73609395927847,57.99845509347321
ratio,1034,15,5,0.1,MFA,0.9333333333333333,0.6666666666666666,1.0,0.8,2,12,1,0,0.8863636363636364,10.82255154672464,6.68954341333317
ratio,1034,15,5,0.1,FUBA,0.9333333333333333,0.6666666666666666,1.0,0.8,2,12,1,0,0.8772727272727273,17.122812639657546,22.72389306830309
ratio,1034,15,5,0.1,GALTrust,0.9333333333333333,1.0,0.5,0.6666666666666666,1,13,0,1,0.8590909090909091,27.7730795186511,39.15702652945475
ratio,1034,15,5,0.1,GDM-DTM,0.8,0.4,1.0,0.5714285714285715,2,10,3,0,0.9090909090909091,15.469668213694863,21.0253335400277
ratio,1034,15,5,0.1,LR-Trust,0.9333333333333333,0.6666666666666666,1.0,0.8,2,12,1,0,0.8909090909090909,22.881158020233478,26.61731164169278
ratio,1034,15,5,0.1,MLP-Trust,0.8666666666666667,0.5,1.0,0.6666666666666666,2,11,2,0,0.9,25.57610409874492,31.84152874897592
ratio,1034,15,5,0.1,MTIM,0.8666666666666667,0.5,1.0,0.6666666666666666,2,11,2,0,0.9454545454545454,32.906843011146584,50.613948136328126
ratio,1035,15,5,0.1,MFA,0.7333333333333333,0.25,0.5,0.3333333333333333,1,10,3,1,0.8090909090909091,9.842530949037167,6.418133691924274
ratio,1035,15,5,0.1,FUBA,0.8,0.4,1.0,0.5714285714285715,2,10,3,0,0.9,16.875936390934044,22.774770779137498
ratio,1035,15,5,0.1,GALTrust,0.9333333333333333,1.0,0.5,0.6666666666666666,1,13,0,1,0.8136363636363636,30.61044133239919,40.003060638526605
ratio,1035,15,5,0.1,GDM-DTM,0.9333333333333333,0.6666666666666666,1.0,0.8,2,12,1,0,0.9,22.594285734490022,18.283482155252365
ratio,1035,15,5,0.1,LR-Trust,1.0,1.0,1.0,1.0,2,13,0,0,0.9045454545454545,22.037757440272546,22.952778817729012
ratio,1035,15,5,0.1,MLP-Trust,1.0,1.0,1.0,1.0,2,13,0,0,0.9181818181818182,29.268445410280947,37.987660543522196
ratio,1035,15,5,0.1,MTIM,1.0,1.0,1.0,1.0,2,13,0,0,0.9409090909090909,33.97844983610001,53.489052486569555
ratio,1036,15,5,0.1,MFA,0.9333333333333333,1.0,0.5,0.6666666666666666,1,13,0,1,0.8545454545454545,12.619726149006011,16.3185008941294
ratio,1036,15,5,0.1,FUBA,0.7333333333333333,0.25,0.5,0.3333333333333333,1,10,3,1,0.8545454545454545,17.736163785640212,21.156890535078578
ratio,1036,15,5,0.1,GALTrust,0.8666666666666667,0.0,0.0,0.0,0,13,0,2,0.8727272727272727,34.25515646855347,48.99639600088119
ratio,1036,15,5,0.1,GDM-DTM,0.9333333333333333,0.6666666666666666,1.0,0.8,2,12,1,0,0.8954545454545455,18.7259907342573,18.995504694165575
ratio,1036,15,5,0.1,LR-Trust,0.8,0.4,1.0,0.5714285714285715,2,10,3,0,0.8772727272727273,21.61703652115322,25.07730219616793
ratio,1036,15,5,0.1,MLP-Trust,0.9333333333333333,0.6666666666666666,1.0,0.8,2,12,1,0,0.9136363636363637,23.357374140883604,46.9743660401187
ratio,1036,15,5,0.1,MTIM,0.9333333333333333,0.6666666666666666,1.0,0.8,2,12,1,0,0.95,32.3871070353975,64.88380680731268
ratio,1037,15,5,0.1,MFA,0.9333333333333333,0.6666666666666666,1.0,0.8,2,12,1,0,0.9,12.378720082838878,10.896594948040063
ratio,1037,15,5,0.1,FUBA,0.8,0.3333333333333333,0.5,0.4,1,11,2,1,0.8772727272727273,13.964230303064667,16.074888625430418
ratio,1037,15,5,0.1,GALTrust,0.8666666666666667,0.0,0.0,0.0,0,13,0,2,0.8136363636363636,33.43920335853237,44.33556859902686
ratio,1037,15,5,0.1,GDM-DTM,0.8666666666666667,0.5,1.0,0.6666666666666666,2,11,2,0,0.9136363636363637,19.003959737260722,12.248459191280128
ratio,1037,15,5,0.1,LR-Trust,0.9333333333333333,0.6666666666666666,1.0,0.8,2,12,1,0,0.9045454545454545,18.259041076567016,18.392389645832584
ratio,1037,15,5,0.1,MLP-Trust,1.0,1.0,1.0,1.0,2,13,0,0,0.9090909090909091,28.020587274882907,35.145881996215735
ratio,1037,15,5,0.1,MTIM,1.0,1.0,1.0,1.0,2,13,0,0,0.9227272727272727,32.16954430587606,58.25491547409792
ratio,1038,15,5,0.1,MFA,0.8,0.3333333333333333,0.5,0.4,1,11,2,1,0.8545454545454545,9.898804837575545,13.076270860105703
ratio,1038,15,5,0.1,FUBA,0.8666666666666667,0.5,0.5,0.5,1,12,1,1,0.8545454545454545,16.815050087947586,14.208953687081582
ratio,1038,15,5,0.1,GALTrust,0.8666666666666667,0.0,0.0,0.0,0,13,0,2,0.8363636363636363,29.602145110377613,34.953957325910515
ratio,1038,15,5,0.1,GDM-DTM,1.0,1.0,1.0,1.0,2,13,0,0,0.8727272727272727,19.380864311681844,19.782787133186513
ratio,1038,15,5,0.1,LR-Trust,1.0,1.0,1.0,1.0,2,13,0,0,0.9045454545454545,20.26566301199317,25.247132376685556
ratio,1038,15,5,0.1,MLP-Trust,1.0,1.0,1.0,1.0,2,13,0,0,0.9181818181818182,20.820738160361685,36.59945545769618
ratio,1038,15,5,0.1,MTIM,1.0,1.0,1.0,1.0,2,13,0,0,0.9272727272727272,36.433891935343745,69.12072853311102
ratio,1039,15,5,0.1,MFA,0.8666666666666667,0.5,1.0,0.6666666666666666,2,11,2,0,0.9090909090909091,10.817149283645438,10.086326752844704
ratio,1039,15,5,0.1,FUBA,0.8666666666666667,0.5,1.0,0.6666666666666666,2,11,2,0,0.9045454545454545,15.045133123914272,8.575069880169957
ratio,1039,15,5,0.1,GALTrust,0.9333333333333333,1.0,0.5,0.6666666666666666,1,13,0,1,0.8636363636363636,31.962433539987835,41.91198570539241
ratio,1039,15,5,0.1,GDM-DTM,0.7333333333333333,0.25,0.5,0.3333333333333333,1,10,3,1,0.8590909090909091,19.54326407403008,17.503856819024083
ratio,1039,15,5,0.1,LR-Trust,0.9333333333333333,0.6666666666666666,1.0,0.8,2,12,1,0,0.8727272727272727,17.97328417797451,25.327103384369178
ratio,1039,15,5,0.1,MLP-Trust,1.0,1.0,1.0,1.0,2,13,0,0,0.8818181818181818,25.37802961705508,36.90220604517003
ratio,1039,15,5,0.1,MTIM,1.0,1.0,1.0,1.0,2,13,0,0,0.9227272727272727,33.46184853693849,53.265698142946135
ratio,1040,15,5,0.1,MFA,0.8,0.4,1.0,0.5714285714285715,2,10,3,0,0.8954545454545455,13.318810590504436,12.463102985984555
ratio,1040,15,5,0.1,FUBA,0.7333333333333333,0.0,0.0,0.0,0,11,2,2,0.8,17.419227747488435,17.816405183652567
ratio,1040,15,5,0.1,GALTrust,0.8666666666666667,0.0,0.0,0.0,0,13,0,2,0.7818181818181819,29.193862449733384,29.440523675287338
ratio,1040,15,5,0.1,GDM-DTM,0.9333333333333333,0.6666666666666666,1.0,0.8,2,12,1,0,0.8636363636363636,19.752541988020077,25.496920482545423
ratio,1040,15,5,0.1,LR-Trust,0.8666666666666667,0.5,0.5,0.5,1,12,1,1,0.8818181818181818,23.10794719224815,22.036455779786085
ratio,1040,15,5,0.1,MLP-Trust,0.9333333333333333,0.6666666666666666,1.0,0.8,2,12,1,0,0.9,23.86300509473792,33.947523955989446
ratio,1040,15,5,0.1,MTIM,0.9333333333333333,0.6666666666666666,1.0,0.8,2,12,1,0,0.9181818181818182,32.82670239862179,61.485974710953656
ratio,1041,15,5,0.1,MFA,0.7333333333333333,0.25,0.5,0.3333333333333333,1,10,3,1,0.8954545454545455,11.586127668418042,9.586912093040356
ratio,1041,15,5,0.1,FUBA,0.8666666666666667,0.5,1.0,0.6666666666666666,2,11,2,0,0.9,17.05609341718392,13.763334375502563
ratio,1041,15,5,0.1,GALTrust,0.9333333333333333,1.0,0.5,0.6666666666666666,1,13,0,1,0.8727272727272727,31.073692215392505,37.478834655265295
ratio,1041,15,5,0.1,GDM-DTM,0.8666666666666667,0.5,1.0,0.6666666666666666,2,11,2,0,0.8863636363636364,20.78950394456832,23.978728876644546
ratio,1041,15,5,0.1,LR-Trust,1.0,1.0,1.0,1.0,2,13,0,0,0.9090909090909091,18.66664223047984,25.042498168935737
ratio,1041,15,5,0.1,MLP-Trust,1.0,1.0,1.0,1.0,2,13,0,0,0.9045454545454545,22.40372357920032,38.64999574321322
ratio,1041,15,5,0.1,MTIM,1.0,1.0,1.0,1.0,2,13,0,0,0.95,33.77370435302314,55.120550341759895
ratio,1042,15,5,0.1,MFA,0.7333333333333333,0.3333333333333333,1.0,0.5,2,9,4,0,0.8909090909090909,12.772300625704263,10.518524185388403
ratio,1042,15,5,0.1,FUBA,0.8,0.4,1.0,0.5714285714285715,2,10,3,0,0.9227272727272727,16.604005159867395,19.60586183356481
ratio,1042,15,5,0.1,GALTrust,0.9333333333333333,1.0,0.5,0.6666666666666666,1,13,0,1,0.8454545454545455,32.504709538501466,42.70375119526139
ratio,1042,15,5,0.1,GDM-DTM,0.8666666666666667,0.5,1.0,0.6666666666666666,2,11,2,0,0.9181818181818182,17.450642216637092,21.866624418670682
ratio,1042,15,5,0.1,LR-Trust,0.8666666666666667,0.5,1.0,0.6666666666666666,2,11,2,0,0.9181818181818182,20.705069542019523,19.57655937931092
ratio,1042,15,5,0.1,MLP-Trust,1.0,1.0,1.0,1.0,2,13,0,0,0.9181818181818182,25.993140091780127,37.9515880030987
ratio,1042,15,5,0.1,MTIM,0.9333333333333333,0.6666666666666666,1.0,0.8,2,12,1,0,0.9272727272727272,33.700994735918364,58.96112588945433
ratio,1043,15,5,0.1,MFA,0.8666666666666667,0.5,0.5,0.5,1,12,1,1,0.8363636363636363,12.993987539946321,16.21097649346283
ratio,1043,15,5,0.1,FUBA,0.9333333333333333,1.0,0.5,0.6666666666666666,1,13,0,1,0.8681818181818182,15.860454435881438,16.334622145785847
ratio,1043,15,5,0.1,GALTrust,0.8666666666666667,0.0,0.0,0.0,0,13,0,2,0.8454545454545455,29.93248664409274,46.91758482138761
ratio,1043,15,5,0.1,GDM-DTM,0.8666666666666667,0.5,0.5,0.5,1,12,1,1,0.8363636363636363,20.444210051990453,21.686246065226513
ratio,1043,15,5,0.1,LR-Trust,0.8666666666666667,0.5,0.5,0.5,1,12,1,1,0.8681818181818182,21.364265594970437,28.141836686354388
ratio,1043,15,5,0.1,MLP-Trust,1.0,1.0,1.0,1.0,2,13,0,0,0.9181818181818182,22.01511363267936,33.105623314533695
ratio,1043,15,5,0.1,MTIM,1.0,1.0,1.0,1.0,2,13,0,0,0.9318181818181818,31.611243746150173,50.1506944322719
ratio,1044,15,5,0.1,MFA,0.7333333333333333,0.25,0.5,0.3333333333333333,1,10,3,1,0.8818181818181818,9.531671232438093,8.679717748576214
ratio,1044,15,5,0.1,FUBA,0.8666666666666667,0.5,0.5,0.5,1,12,1,1,0.8227272727272728,17.576798542976032,14.3354266011594
ratio,1044,15,5,0.1,GALTrust,0.9333333333333333,1.0,0.5,0.6666666666666666,1,13,0,1,0.8318181818181818,32.34080971407276,41.54888722368573
ratio,1044,15,5,0.1,GDM-DTM,0.8666666666666667,0.5,1.0,0.6666666666666666,2,11,2,0,0.9136363636363637,20.562408654345788,25.737135631301335
ratio,1044,15,5,0.1,LR-Trust,0.8666666666666667,0.5,0.5,0.5,1,12,1,1,0.9,23.068049687756808,23.86468761113225
ratio,1044,15,5,0.1,MLP-Trust,0.9333333333333333,0.6666666666666666,1.0,0.8,2,12,1,0,0.85,22.06688805487442,39.91529361661
ratio,1044,15,5,0.1,MTIM,0.9333333333333333,0.6666666666666666,1.0,0.8,2,12,1,0,0.9,35.173605234169834,57.47495779997661
ratio,1045,15,5,0.1,MFA,0.9333333333333333,0.6666666666666666,1.0,0.8,2,12,1,0,0.8772727272727273,9.814474751916572,3.9542926121284383
ratio,1045,15,5,0.1,FUBA,0.8,0.4,1.0,0.5714285714285715,2,10,3,0,0.8681818181818182,15.860621106564794,24.618803956075727
ratio,1045,15,5,0.1,GALTrust,0.9333333333333333,1.0,0.5,0.6666666666666666,1,13,0,1,0.8909090909090909,34.032148814239655,38.94840551771725
ratio,1045,15,5,0.1,GDM-DTM,0.8666666666666667,0.5,1.0,0.6666666666666666,2,11,2,0,0.8909090909090909,20.77010307315166,20.335876542876928
ratio,1045,15,5,0.1,LR-Trust,0.9333333333333333,0.6666666666666666,1.0,0.8,2,12,1,0,0.8954545454545455,22.679415779836596,25.10543969356638
ratio,1045,15,5,0.1,MLP-Trust,1.0,1.0,1.0,1.0,2,13,0,0,0.9454545454545454,26.7255249807413,37.35759216788901
ratio,1045,15,5,0.1,MTIM,1.0,1.0,1.0,1.0,2,13,0,0,0.9727272727272728,36.201460280289034,58.047228019015634
ratio,1046,15,5,0.1,MFA,0.8,0.4,1.0,0.5714285714285715,2,10,3,0,0.8909090909090909,10.24890932590791,20.75381752912663
ratio,1046,15,5,0.1,FUBA,0.8,0.3333333333333333,0.5,0.4,1,11,2,1,0.8590909090909091,18.160077569163803,13.741806720286089
ratio,1046,15,5,0.1,GALTrust,0.8666666666666667,0.0,0.0,0.0,0,13,0,2,0.8590909090909091,31.364131131360285,39.30100356625045
ratio,1046,15,5,0.1,GDM-DTM,0.9333333333333333,0.6666666666666666,1.0,0.8,2,12,1,0,0.8909090909090909,18.07050486241332,19.84799228398203
ratio,1046,15,5,0.1,LR-Trust,0.8,0.3333333333333333,0.5,0.4,1,11,2,1,0.9,23.246202524533718,21.06928023806773
ratio,1046,15,5,0.1,MLP-Trust,0.9333333333333333,0.6666666666666666,1.0,0.8,2,12,1,0,0.9136363636363637,26.708078195441857,38.590127993161424
ratio,1046,15,5,0.1,MTIM,0.9333333333333333,0.6666666666666666,1.0,0.8,2,12,1,0,0.8909090909090909,36.79130891480335,55.39071632787308
ratio,1047,15,5,0.1,MFA,0.9333333333333333,0.6666666666666666,1.0,0.8,2,12,1,0,0.8863636363636364,10.493422000164816,12.082678131741687
ratio,1047,15,5,0.1,FUBA,0.9333333333333333,1.0,0.5,0.6666666666666666,1,13,0,1,0.8590909090909091,17.338590285844866,17.725026019744114
ratio,1047,15,5,0.1,GALTrust,0.9333333333333333,1.0,0.5,0.6666666666666666,1,13,0,1,0.8227272727272728,32.66392455124445,42.936105818792285
ratio,1047,15,5,0.1,GDM-DTM,0.9333333333333333,0.6666666666666666,1.0,0.8,2,12,1,0,0.8772727272727273,21.38645379247053,22.570114881764553
ratio,1047,15,5,0.1,LR-Trust,0.9333333333333333,1.0,0.5,0.6666666666666666,1,13,0,1,0.8863636363636364,21.795388255521416,27.441361987148262
ratio,1047,15,5,0.1,MLP-Trust,1.0,1.0,1.0,1.0,2,13,0,0,0.8818181818181818,22.500826706219655,42.190353371124104
ratio,1047,15,5,0.1,MTIM,1.0,1.0,1.0,1.0,2,13,0,0,0.9181818181818182,31.73425325879854,52.40181177354723
ratio,1048,15,5,0.1,MFA,0.8,0.3333333333333333,0.5,0.4,1,11,2,1,0.8181818181818182,9.275259414971817,6.177629031285131
ratio,1048,15,5,0.1,FUBA,0.7333333333333333,0.3333333333333333,1.0,0.5,2,9,4,0,0.9363636363636364,14.792809778824239,18.773534485996766
ratio,1048,15,5,0.1,GALTrust,0.9333333333333333,1.0,0.5,0.6666666666666666,1,13,0,1,0.8454545454545455,31.667556674496506,42.50854607747449
ratio,1048,15,5,0.1,GDM-DTM,0.8666666666666667,0.5,1.0,0.6666666666666666,2,11,2,0,0.9045454545454545,17.983544680421833,24.26185078771119
ratio,1048,15,5,0.1,LR-Trust,0.8666666666666667,0.5,1.0,0.6666666666666666,2,11,2,0,0.9045454545454545,21.316179339549013,31.945969216454586
ratio,1048,15,5,0.1,MLP-Trust,0.8666666666666667,0.5,1.0,0.6666666666666666,2,11,2,0,0.9,25.500010830963223,36.61367718301942
ratio,1048,15,5,0.1,MTIM,0.8666666666666667,0.5,1.0,0.6666666666666666,2,11,2,0,0.9227272727272727,32.37283276204429,63.1239080552582
ratio,1049,15,5,0.1,MFA,0.8,0.3333333333333333,0.5,0.4,1,11,2,1,0.8454545454545455,12.188052040204507,10.55455005685543
ratio,1049,15,5,0.1,FUBA,0.8666666666666667,0.5,0.5,0.5,1,12,1,1,0.8636363636363636,16.751346709726306,16.031022674198205
ratio,1049,15,5,0.1,GALTrust,0.9333333333333333,1.0,0.5,0.6666666666666666,1,13,0,1,0.8409090909090909,30.887400510212196,36.48398805716052
ratio,1049,15,5,0.1,GDM-DTM,0.8666666666666667,0.5,1.0,0.6666666666666666,2,11,2,0,0.8818181818181818,19.73593635325064,26.09063657945711
ratio,1049,15,5,0.1,LR-Trust,0.9333333333333333,0.6666666666666666,1.0,0.8,2,12,1,0,0.9409090909090909,19.61182557045013,35.04557060699612
ratio,1049,15,5,0.1,MLP-Trust,1.0,1.0,1.0,1.0,2,13,0,0,0.9090909090909091,24.963986207096326,38.71342264337308
ratio,1049,15,5,0.1,MTIM,1.0,1.0,1.0,1.0,2,13,0,0,0.9227272727272727,32.68104974660018,58.28973869522459
figure_ratio,1000,15,5,0.2,MFA,0.8,0.5,0.6666666666666666,0.5714285714285715,2,10,2,1,0.8272727272727273,8.851641650304934,19.684003035393246
figure_ratio,1000,15,5,0.2,FUBA,0.8666666666666667,0.6666666666666666,0.6666666666666666,0.6666666666666666,2,11,1,1,0.8636363636363636,16.948506438164266,18.9642867029369
figure_ratio,1000,15,5,0.2,GALTrust,0.8,0.0,0.0,0.0,0,12,0,3,0.8409090909090909,27.94664068678791,46.322772982871726
figure_ratio,1000,15,5,0.2,GDM-DTM,0.8666666666666667,0.6666666666666666,0.6666666666666666,0.6666666666666666,2,11,1,1,0.8681818181818182,19.754795859177193,24.072907619742704
figure_ratio,1000,15,5,0.2,LR-Trust,1.0,1.0,1.0,1.0,3,12,0,0,0.9045454545454545,21.330602447051096,27.590290428662314
figure_ratio,1000,15,5,0.2,MLP-Trust,1.0,1.0,1.0,1.0,3,12,0,0,0.8954545454545455,25.9475890120982,38.24642754144285
figure_ratio,1000,15,5,0.2,MTIM,1.0,1.0,1.0,1.0,3,12,0,0,0.9136363636363637,37.58606634986547,60.579199701434156
figure_ratio,1001,15,5,0.2,MFA,0.9333333333333333,0.75,1.0,0.8571428571428571,3,11,1,0,0.9,11.585739319846324,9.233210815902632
figure_ratio,1001,15,5,0.2,FUBA,0.9333333333333333,0.75,1.0,0.8571428571428571,3,11,1,0,0.9,16.525035690581465,14.563581286766844
figure_ratio,1001,15,5,0.2,GALTrust,0.8666666666666667,1.0,0.3333333333333333,0.5,1,12,0,2,0.8363636363636363,31.40035539756998,35.16495337893679
figure_ratio,1001,15,5,0.2,GDM-DTM,0.7333333333333333,0.3333333333333333,0.3333333333333333,0.3333333333333333,1,10,2,2,0.7727272727272727,17.966260832269235,16.70430684593421
figure_ratio,1001,15,5,0.2,LR-Trust,1.0,1.0,1.0,1.0,3,12,0,0,0.9045454545454545,23.186021259572325,21.45610652482243
figure_ratio,1001,15,5,0.2,MLP-Trust,1.0,1.0,1.0,1.0,3,12,0,0,0.9090909090909091,27.316306813611448,37.9885138085915
figure_ratio,1001,15,5,0.2,MTIM,0.9333333333333333,0.75,1.0,0.8571428571428571,3,11,1,0,0.9227272727272727,30.626725089439727,58.67577962583009
figure_ratio,1002,15,5,0.2,MFA,0.8666666666666667,1.0,0.3333333333333333,0.5,1,12,0,2,0.8090909090909091,11.853604084000175,3.8582519520100274
figure_ratio,1002,15,5,0.2,FUBA,0.8666666666666667,0.6,1.0,0.7499999999999999,3,10,2,0,0.95,15.920500595905825,23.452486072285513
figure_ratio,1002,15,5,0.2,GALTrust,0.8,0.0,0.0,0.0,0,12,0,3,0.7909090909090909,27.235042886433853,40.93783428968736
figure_ratio,1002,15,5,0.2,GDM-DTM,0.8,0.5,0.6666666666666666,0.5714285714285715,2,10,2,1,0.8636363636363636,23.05018303418806,22.423958225121048
figure_ratio,1002,15,5,0.2,LR-Trust,0.8666666666666667,0.6,1.0,0.7499999999999999,3,10,2,0,0.9181818181818182,23.118305579626945,29.197771828591616
figure_ratio,1002,15,5,0.2,MLP-Trust,1.0,1.0,1.0,1.0,3,12,0,0,0.8818181818181818,26.636697840286878,39.59072096939671
figure_ratio,1002,15,5,0.2,MTIM,1.0,1.0,1.0,1.0,3,12,0,0,0.95,35.50997199711533,64.72280211341274
figure_ratio,1003,15,5,0.2,MFA,0.9333333333333333,1.0,0.6666666666666666,0.8,2,12,0,1,0.8590909090909091,11.253957966095408,10.30493089559924
figure_ratio,1003,15,5,0.2,FUBA,0.9333333333333333,1.0,0.6666666666666666,0.8,2,12,0,1,0.8818181818181818,15.617253215601474,17.180218391121127
figure_ratio,1003,15,5,0.2,GALTrust,0.8666666666666667,1.0,0.3333333333333333,0.5,1,12,0,2,0.7909090909090909,32.338600142427495,42.58222702895827
figure_ratio,1003,15,5,0.2,GDM-DTM,0.9333333333333333,1.0,0.6666666666666666,0.8,2,12,0,1,0.8318181818181818,18.860825789656847,19.19030016989285
figure_ratio,1003,15,5,0.2,LR-Trust,0.9333333333333333,1.0,0.6666666666666666,0.8,2,12,0,1,0.8454545454545455,19.775038995792777,28.633092907154104
figure_ratio,1003,15,5,0.2,MLP-Trust,0.9333333333333333,1.0,0.6666666666666666,0.8,2,12,0,1,0.8863636363636364,24.00888732378317,38.15316700910308
figure_ratio,1003,15,5,0.2,MTIM,0.9333333333333333,1.0,0.6666666666666666,0.8,2,12,0,1,0.8772727272727273,32.456305196360205,60.34636202868339
figure_ratio,1004,15,5,0.2,MFA,0.9333333333333333,0.75,1.0,0.8571428571428571,3,11,1,0,0.9136363636363637,13.449893961599276,13.628844626456296
figure_ratio,1004,15,5,0.2,FUBA,0.9333333333333333,0.75,1.0,0.8571428571428571,3,11,1,0,0.9227272727272727,13.438441178672061,20.55814036696502
figure_ratio,1004,15,5,0.2,GALTrust,0.8666666666666667,1.0,0.3333333333333333,0.5,1,12,0,2,0.7909090909090909,30.107303356968558,44.12705267202752
figure_ratio,1004,15,5,0.2,GDM-DTM,0.9333333333333333,0.75,1.0,0.8571428571428571,3,11,1,0,0.8409090909090909,17.799568051648503,25.916872106180907
figure_ratio,1004,15,5,0.2,LR-Trust,1.0,1.0,1.0,1.0,3,12,0,0,0.9454545454545454,21.142424918928512,20.758132690597634
figure_ratio,1004,15,5,0.2,MLP-Trust,1.0,1.0,1.0,1.0,3,12,0,0,0.9409090909090909,23.307795798068543,38.03341039323101
figure_ratio,1004,15,5,0.2,MTIM,1.0,1.0,1.0,1.0,3,12,0,0,0.9227272727272727,33.13730225276681,56.37615069107371
figure_ratio,1005,15,5,0.2,MFA,0.8666666666666667,0.6666666666666666,0.6666666666666666,0.6666666666666666,2,11,1,1,0.8272727272727273,9.452511698626079,6.462280276055192
figure_ratio,1005,15,5,0.2,FUBA,0.9333333333333333,0.75,1.0,0.8571428571428571,3,11,1,0,0.8636363636363636,14.104970992115145,12.321125456212389
figure_ratio,1005,15,5,0.2,GALTrust,0.8,0.0,0.0,0.0,0,12,0,3,0.8318181818181818,32.57811326114124,41.313384966519735
figure_ratio,1005,15,5,0.2,GDM-DTM,0.9333333333333333,1.0,0.6666666666666666,0.8,2,12,0,1,0.8818181818181818,20.44096663803223,20.14029157901796
figure_ratio,1005,15,5,0.2,LR-Trust,1.0,1.0,1.0,1.0,3,12,0,0,0.8909090909090909,18.11907795554641,22.271431154390687
figure_ratio,1005,15,5,0.2,MLP-Trust,0.9333333333333333,1.0,0.6666666666666666,0.8,2,12,0,1,0.8636363636363636,25.29202959735359,33.15036207230356
figure_ratio,1005,15,5,0.2,MTIM,1.0,1.0,1.0,1.0,3,12,0,0,0.9272727272727272,34.236706719467634,56.2231369777411
figure_ratio,1006,15,5,0.2,MFA,0.9333333333333333,1.0,0.6666666666666666,0.8,2,12,0,1,0.85,8.981259278441495,4.922776827515596
figure_ratio,1006,15,5,0.2,FUBA,0.8666666666666667,1.0,0.3333333333333333,0.5,1,12,0,2,0.7909090909090909,17.870422196578538,13.632018472670525
figure_ratio,1006,15,5,0.2,GALTrust,0.8666666666666667,1.0,0.3333333333333333,0.5,1,12,0,2,0.7863636363636364,33.73942260178775,42.88217014414031
figure_ratio,1006,15,5,0.2,GDM-DTM,0.9333333333333333,1.0,0.6666666666666666,0.8,2,12,0,1,0.85,16.503921879530306,27.062780845454025
figure_ratio,1006,15,5,0.2,LR-Trust,1.0,1.0,1.0,1.0,3,12,0,0,0.8590909090909091,24.670786948983263,26.58194090375264
figure_ratio,1006,15,5,0.2,MLP-Trust,1.0,1.0,1.0,1.0,3,12,0,0,0.9136363636363637,24.693038095986793,31.545779684068464
figure_ratio,1006,15,5,0.2,MTIM,1.0,1.0,1.0,1.0,3,12,0,0,0.9363636363636364,31.963025401950535,62.124969600521396
figure_ratio,1007,15,5,0.2,MFA,0.8,0.5,1.0,0.6666666666666666,3,9,3,0,0.9136363636363637,10.450606331322266,9.179553871266526
figure_ratio,1007,15,5,0.2,FUBA,0.8666666666666667,0.6666666666666666,0.6666666666666666,0.6666666666666666,2,11,1,1,0.8545454545454545,15.502400677221903,14.566083896202727
figure_ratio,1007,15,5,0.2,GALTrust,0.9333333333333333,1.0,0.6666666666666666,0.8,2,12,0,1,0.8318181818181818,30.210235752998624,32.43139726727676
figure_ratio,1007,15,5,0.2,GDM-DTM,0.9333333333333333,1.0,0.6666666666666666,0.8,2,12,0,1,0.85,19.395770681573687,31.93487395057408
figure_ratio,1007,15,5,0.2,LR-Trust,0.8666666666666667,0.6,1.0,0.7499999999999999,3,10,2,0,0.9045454545454545,22.450414112142763,23.99089368900234
figure_ratio,1007,15,5,0.2,MLP-Trust,1.0,1.0,1.0,1.0,3,12,0,0,0.8818181818181818,25.10319040930479,40.05162999467708
figure_ratio,1007,15,5,0.2,MTIM,1.0,1.0,1.0,1.0,3,12,0,0,0.9363636363636364,37.07990372896636,57.77026192392041
figure_ratio,1008,15,5,0.2,MFA,0.8,0.5,0.3333333333333333,0.4,1,11,1,2,0.8,13.533705347784077,12.341364293207139
figure_ratio,1008,15,5,0.2,FUBA,0.8666666666666667,0.6666666666666666,0.6666666666666666,0.6666666666666666,2,11,1,1,0.85,12.663251081582125,6.654588718681314
figure_ratio,1008,15,5,0.2,GALTrust,0.8,0.0,0.0,0.0,0,12,0,3,0.740909090909091,32.65041687873053,38.67458206345009
figure_ratio,1008,15,5,0.2,GDM-DTM,0.7333333333333333,0.3333333333333333,0.3333333333333333,0.3333333333333333,1,10,2,2,0.8136363636363636,18.941147408289638,18.39997676199101
figure_ratio,1008,15,5,0.2,LR-Trust,0.8,0.5,0.3333333333333333,0.4,1,11,1,2,0.8454545454545455,24.11335687297183,26.708291261671533
figure_ratio,1008,15,5,0.2,MLP-Trust,0.9333333333333333,1.0,0.6666666666666666,0.8,2,12,0,1,0.8590909090909091,25.01547690391327,39.174811642589354
figure_ratio,1008,15,5,0.2,MTIM,0.9333333333333333,1.0,0.6666666666666666,0.8,2,12,0,1,0.8681818181818182,32.8021917585565,57.57830549733596
figure_ratio,1009,15,5,0.2,MFA,0.9333333333333333,1.0,0.6666666666666666,0.8,2,12,0,1,0.8136363636363636,11.85076505045124,15.69867786697795
figure_ratio,1009,15,5,0.2,FUBA,0.8666666666666667,0.6666666666666666,0.6666666666666666,0.6666666666666666,2,11,1,1,0.8863636363636364,16.571073986457293,21.95257670360562
figure_ratio,1009,15,5,0.2,GALTrust,0.8,0.0,0.0,0.0,0,12,0,3,0.8818181818181818,31.752904596992092,48.02605201975853
figure_ratio,1009,15,5,0.2,GDM-DTM,0.8,0.5,0.6666666666666666,0.5714285714285715,2,10,2,1,0.8272727272727273,20.461531473232455,18.250691087805272
figure_ratio,1009,15,5,0.2,LR-Trust,0.8666666666666667,0.6666666666666666,0.6666666666666666,0.6666666666666666,2,11,1,1,0.8590909090909091,21.538505538649336,31.633006489560806
figure_ratio,1009,15,5,0.2,MLP-Trust,0.8666666666666667,0.6666666666666666,0.6666666666666666,0.6666666666666666,2,11,1,1,0.8272727272727273,22.166118651604123,28.906806445802292
figure_ratio,1009,15,5,0.2,MTIM,0.8666666666666667,0.6666666666666666,0.6666666666666666,0.6666666666666666,2,11,1,1,0.8454545454545455,34.69933370122343,60.47447375241575
figure_ratio,1010,15,5,0.2,MFA,0.8666666666666667,0.6666666666666666,0.6666666666666666,0.6666666666666666,2,11,1,1,0.8272727272727273,12.41360629842454,14.431630303834366
figure_ratio,1010,15,5,0.2,FUBA,0.6666666666666666,0.25,0.3333333333333333,0.28571428571428575,1,9,3,2,0.7681818181818182,16.855238625003658,18.125376197828473
figure_ratio,1010,15,5,0.2,GALTrust,0.8666666666666667,1.0,0.3333333333333333,0.5,1,12,0,2,0.8181818181818182,35.59229165395588,40.83082540552283
figure_ratio,1010,15,5,0.2,GDM-DTM,0.8,0.5,0.3333333333333333,0.4,1,11,1,2,0.8318181818181818,21.508811195268514,18.7119561395091
figure_ratio,1010,15,5,0.2,LR-Trust,0.8,0.5,0.6666666666666666,0.5714285714285715,2,10,2,1,0.8909090909090909,22.477033278473968,24.907587974893488
figure_ratio,1010,15,5,0.2,MLP-Trust,1.0,1.0,1.0,1.0,3,12,0,0,0.8727272727272727,28.608151629119234,30.133973750448945
figure_ratio,1010,15,5,0.2,MTIM,1.0,1.0,1.0,1.0,3,12,0,0,0.9136363636363637,36.9453700402446,61.1002417258654
figure_ratio,1011,15,5,0.2,MFA,0.8666666666666667,0.6666666666666666,0.6666666666666666,0.6666666666666666,2,11,1,1,0.8545454545454545,10.196122033421458,1.8753233459861463
figure_ratio,1011,15,5,0.2,FUBA,0.8,0.5,0.6666666666666666,0.5714285714285715,2,10,2,1,0.8409090909090909,17.50483606805648,17.598969438837017
figure_ratio,1011,15,5,0.2,GALTrust,0.8,0.0,0.0,0.0,0,12,0,3,0.7818181818181819,30.12209435097815,42.88981898931936
figure_ratio,1011,15,5,0.2,GDM-DTM,0.8,0.5,0.6666666666666666,0.5714285714285715,2,10,2,1,0.85,19.826751343597067,17.386900961055034
figure_ratio,1011,15,5,0.2,LR-Trust,0.8666666666666667,0.6,1.0,0.7499999999999999,3,10,2,0,0.8954545454545455,23.13697720821185,21.983094389234306
figure_ratio,1011,15,5,0.2,MLP-Trust,1.0,1.0,1.0,1.0,3,12,0,0,0.9045454545454545,24.792634037670197,38.19174864580198
figure_ratio,1011,15,5,0.2,MTIM,1.0,1.0,1.0,1.0,3,12,0,0,0.9363636363636364,34.935172228012696,55.95352416564387
figure_ratio,1012,15,5,0.2,MFA,1.0,1.0,1.0,1.0,3,12,0,0,0.9045454545454545,9.375191674621334,7.89930915970305
figure_ratio,1012,15,5,0.2,FUBA,0.8,0.5,0.6666666666666666,0.5714285714285715,2,10,2,1,0.8545454545454545,16.027807794617235,19.56449997893478
figure_ratio,1012,15,5,0.2,GALTrust,0.8666666666666667,1.0,0.3333333333333333,0.5,1,12,0,2,0.85,33.21388783097024,45.97217862914867
figure_ratio,1012,15,5,0.2,GDM-DTM,0.8666666666666667,0.6,1.0,0.7499999999999999,3,10,2,0,0.8636363636363636,19.50346284870245,23.692198849156483
figure_ratio,1012,15,5,0.2,LR-Trust,0.9333333333333333,0.75,1.0,0.8571428571428571,3,11,1,0,0.8772727272727273,21.081396404582826,24.046650805141244
figure_ratio,1012,15,5,0.2,MLP-Trust,1.0,1.0,1.0,1.0,3,12,0,0,0.9227272727272727,26.827085652561625,33.34307533894814
figure_ratio,1012,15,5,0.2,MTIM,0.9333333333333333,0.75,1.0,0.8571428571428571,3,11,1,0,0.95,34.04707982137022,60.84537539123918
figure_ratio,1013,15,5,0.2,MFA,0.9333333333333333,1.0,0.6666666666666666,0.8,2,12,0,1,0.85,13.78814762437187,9.97401976769356
figure_ratio,1013,15,5,0.2,FUBA,1.0,1.0,1.0,1.0,3,12,0,0,0.8818181818181818,18.339385041878234,14.53872455134571
figure_ratio,1013,15,5,0.2,GALTrust,0.8666666666666667,1.0,0.3333333333333333,0.5,1,12,0,2,0.8454545454545455,31.933440941128886,37.14089420855876
figure_ratio,1013,15,5,0.2,GDM-DTM,0.9333333333333333,1.0,0.6666666666666666,0.8,2,12,0,1,0.85,18.69332463904539,24.624078037460848
figure_ratio,1013,15,5,0.2,LR-Trust,0.8666666666666667,0.6,1.0,0.7499999999999999,3,10,2,0,0.9090909090909091,21.176808479438034,23.126313600856363
figure_ratio,1013,15,5,0.2,MLP-Trust,1.0,1.0,1.0,1.0,3,12,0,0,0.9136363636363637,24.678947422800043,40.692135420740534
figure_ratio,1013,15,5,0.2,MTIM,1.0,1.0,1.0,1.0,3,12,0,0,0.9409090909090909,35.286124007206766,59.57330600945626
figure_ratio,1014,15,5,0.2,MFA,0.8,0.5,0.3333333333333333,0.4,1,11,1,2,0.8318181818181818,12.537647350761809,9.148777142708175
figure_ratio,1014,15,5,0.2,FUBA,0.8666666666666667,0.6666666666666666,0.6666666666666666,0.6666666666666666,2,11,1,1,0.8727272727272727,16.507765774577788,10.66400883001147
figure_ratio,1014,15,5,0.2,GALTrust,0.8,0.0,0.0,0.0,0,12,0,3,0.7863636363636364,33.966873942788304,48.024289454083025
figure_ratio,1014,15,5,0.2,GDM-DTM,0.9333333333333333,1.0,0.6666666666666666,0.8,2,12,0,1,0.8772727272727273,17.205208520136967,23.08103378188686
figure_ratio,1014,15,5,0.2,LR-Trust,0.9333333333333333,1.0,0.6666666666666666,0.8,2,12,0,1,0.8363636363636363,22.275169016259785,27.969580599543455
figure_ratio,1014,15,5,0.2,MLP-Trust,0.9333333333333333,1.0,0.6666666666666666,0.8,2,12,0,1,0.8318181818181818,27.29167173937246,40.26319924941397
figure_ratio,1014,15,5,0.2,MTIM,0.9333333333333333,1.0,0.6666666666666666,0.8,2,12,0,1,0.9454545454545454,34.369199466757316,64.8685152155984
figure_ratio,1015,15,5,0.2,MFA,0.7333333333333333,0.3333333333333333,0.3333333333333333,0.3333333333333333,1,10,2,2,0.8272727272727273,13.538180876009434,9.749070566205834
figure_ratio,1015,15,5,0.2,FUBA,0.7333333333333333,0.42857142857142855,1.0,0.6,3,8,4,0,0.8727272727272727,17.700991175136064,15.242629034463198
figure_ratio,1015,15,5,0.2,GALTrust,0.7333333333333333,0.0,0.0,0.0,0,11,1,3,0.7772727272727272,34.09599164887044,41.01457383825977
figure_ratio,1015,15,5,0.2,GDM-DTM,0.8666666666666667,0.6,1.0,0.7499999999999999,3,10,2,0,0.9090909090909091,16.422669270219426,20.531267197979865
figure_ratio,1015,15,5,0.2,LR-Trust,0.8666666666666667,0.6,1.0,0.7499999999999999,3,10,2,0,0.9227272727272727,16.55425525511406,23.52892059446015
figure_ratio,1015,15,5,0.2,MLP-Trust,0.9333333333333333,0.75,1.0,0.8571428571428571,3,11,1,0,0.9272727272727272,25.080641073924866,30.443040999849142
figure_ratio,1015,15,5,0.2,MTIM,0.9333333333333333,0.75,1.0,0.8571428571428571,3,11,1,0,0.9409090909090909,33.05568597314505,56.30463009035132
figure_ratio,1016,15,5,0.2,MFA,0.8666666666666667,0.6666666666666666,0.6666666666666666,0.6666666666666666,2,11,1,1,0.8772727272727273,9.199978682200372,13.496388599544835
figure_ratio,1016,15,5,0.2,FUBA,0.9333333333333333,0.75,1.0,0.8571428571428571,3,11,1,0,0.8772727272727273,14.24964208020728,19.007037781457818
figure_ratio,1016,15,5,0.2,GALTrust,0.8666666666666667,1.0,0.3333333333333333,0.5,1,12,0,2,0.8681818181818182,30.635727453328954,35.96516639767085
figure_ratio,1016,15,5,0.2,GDM-DTM,0.8666666666666667,0.6,1.0,0.7499999999999999,3,10,2,0,0.8863636363636364,17.95514176978827,26.85150411625863
figure_ratio,1016,15,5,0.2,LR-Trust,0.9333333333333333,0.75,1.0,0.8571428571428571,3,11,1,0,0.9090909090909091,23.210950034061078,19.366350146281597
figure_ratio,1016,15,5,0.2,MLP-Trust,1.0,1.0,1.0,1.0,3,12,0,0,0.9045454545454545,21.293171994814934,30.621655214622844
figure_ratio,1016,15,5,0.2,MTIM,1.0,1.0,1.0,1.0,3,12,0,0,0.9272727272727272,33.226628346764805,53.963455045204086
figure_ratio,1017,15,5,0.2,MFA,0.8,0.5,0.6666666666666666,0.5714285714285715,2,10,2,1,0.8181818181818182,11.585842935747106,5.148895563440727
figure_ratio,1017,15,5,0.2,FUBA,0.8666666666666667,0.6666666666666666,0.6666666666666666,0.6666666666666666,2,11,1,1,0.8181818181818182,15.316524058495242,17.589403845235918
figure_ratio,1017,15,5,0.2,GALTrust,0.8666666666666667,1.0,0.3333333333333333,0.5,1,12,0,2,0.8545454545454545,30.082629123857338,35.230090807262314
figure_ratio,1017,15,5,0.2,GDM-DTM,0.7333333333333333,0.3333333333333333,0.3333333333333333,0.3333333333333333,1,10,2,2,0.8136363636363636,19.029672571870886,18.58810928451066
figure_ratio,1017,15,5,0.2,LR-Trust,0.9333333333333333,0.75,1.0,0.8571428571428571,3,11,1,0,0.8818181818181818,20.917496682686323,26.39565875376041
figure_ratio,1017,15,5,0.2,MLP-Trust,0.9333333333333333,0.75,1.0,0.8571428571428571,3,11,1,0,0.8909090909090909,27.983459827878704,28.632569110986232
figure_ratio,1017,15,5,0.2,MTIM,0.9333333333333333,0.75,1.0,0.8571428571428571,3,11,1,0,0.9363636363636364,32.02019866742041,67.79838197974058
figure_ratio,1018,15,5,0.2,MFA,0.9333333333333333,1.0,0.6666666666666666,0.8,2,12,0,1,0.8227272727272728,10.51431490449109,13.689497239521481
figure_ratio,1018,15,5,0.2,FUBA,0.7333333333333333,0.42857142857142855,1.0,0.6,3,8,4,0,0.8590909090909091,19.385672074008394,16.97313657257282
figure_ratio,1018,15,5,0.2,GALTrust,0.8,0.0,0.0,0.0,0,12,0,3,0.8363636363636363,30.82707872267705,39.235248761130876
figure_ratio,1018,15,5,0.2,GDM-DTM,0.8666666666666667,0.6666666666666666,0.6666666666666666,0.6666666666666666,2,11,1,1,0.85,21.16895877438625,17.53493244842938
figure_ratio,1018,15,5,0.2,LR-Trust,0.8,0.5,1.0,0.6666666666666666,3,9,3,0,0.9409090909090909,17.763563785382075,28.840096709206755
figure_ratio,1018,15,5,0.2,MLP-Trust,1.0,1.0,1.0,1.0,3,12,0,0,0.9363636363636364,27.00325243663539,35.51713166235986
figure_ratio,1018,15,5,0.2,MTIM,1.0,1.0,1.0,1.0,3,12,0,0,0.9136363636363637,35.56612672084859,60.13846847626986
figure_ratio,1019,15,5,0.2,MFA,0.7333333333333333,0.3333333333333333,0.3333333333333333,0.3333333333333333,1,10,2,2,0.8318181818181818,10.612919630642761,12.996882405788824
figure_ratio,1019,15,5,0.2,FUBA,0.9333333333333333,0.75,1.0,0.8571428571428571,3,11,1,0,0.8954545454545455,19.3307333375144,15.79247365858683
figure_ratio,1019,15,5,0.2,GALTrust,0.7333333333333333,0.0,0.0,0.0,0,11,1,3,0.7727272727272727,29.699883918282502,39.70471496723645
figure_ratio,1019,15,5,0.2,GDM-DTM,0.8,0.5,0.6666666666666666,0.5714285714285715,2,10,2,1,0.8454545454545455,18.93587142449751,22.556421225033937
figure_ratio,1019,15,5,0.2,LR-Trust,0.6666666666666666,0.25,0.3333333333333333,0.28571428571428575,1,9,3,2,0.9,22.85397886752787,19.803240147854535
figure_ratio,1019,15,5,0.2,MLP-Trust,1.0,1.0,1.0,1.0,3,12,0,0,0.9272727272727272,25.527079294975753,37.835520074158325
figure_ratio,1019,15,5,0.2,MTIM,1.0,1.0,1.0,1.0,3,12,0,0,0.9181818181818182,34.494541502033485,63.385964620968025
figure_ratio,1020,15,5,0.2,MFA,0.7333333333333333,0.4,0.6666666666666666,0.5,2,9,3,1,0.8181818181818182,11.921689764411331,7.659528549865033
figure_ratio,1020,15,5,0.2,FUBA,0.6666666666666666,0.3333333333333333,0.6666666666666666,0.4444444444444444,2,8,4,1,0.8227272727272728,18.615782176207947,14.47188745673121
figure_ratio,1020,15,5,0.2,GALTrust,0.8,0.0,0.0,0.0,0,12,0,3,0.8409090909090909,32.448345712058924,40.319198974268765
figure_ratio,1020,15,5,0.2,GDM-DTM,0.8,0.5,0.6666666666666666,0.5714285714285715,2,10,2,1,0.8136363636363636,17.60952715234482,20.38215897045707
figure_ratio,1020,15,5,0.2,LR-Trust,0.9333333333333333,0.75,1.0,0.8571428571428571,3,11,1,0,0.8863636363636364,22.82528957042622,25.892244118018265
figure_ratio,1020,15,5,0.2,MLP-Trust,0.9333333333333333,0.75,1.0,0.8571428571428571,3,11,1,0,0.8727272727272727,23.519061409824936,34.609031015899234
figure_ratio,1020,15,5,0.2,MTIM,0.9333333333333333,0.75,1.0,0.8571428571428571,3,11,1,0,0.9181818181818182,34.82275906613788,52.511135792813
figure_ratio,1021,15,5,0.2,MFA,0.6666666666666666,0.25,0.3333333333333333,0.28571428571428575,1,9,3,2,0.8318181818181818,7.989694813351067,9.46889514607456
figure_ratio,1021,15,5,0.2,FUBA,0.9333333333333333,0.75,1.0,0.8571428571428571,3,11,1,0,0.8772727272727273,14.835713202169563,8.990805254150475
figure_ratio,1021,15,5,0.2,GALTrust,0.8,0.0,0.0,0.0,0,12,0,3,0.7909090909090909,29.66370647720039,41.586235530895294
figure_ratio,1021,15,5,0.2,GDM-DTM,0.9333333333333333,0.75,1.0,0.8571428571428571,3,11,1,0,0.8681818181818182,20.246945740453587,23.527894662653566
figure_ratio,1021,15,5,0.2,LR-Trust,0.9333333333333333,0.75,1.0,0.8571428571428571,3,11,1,0,0.9136363636363637,20.65035906330137,25.486247332330173
figure_ratio,1021,15,5,0.2,MLP-Trust,0.9333333333333333,0.75,1.0,0.8571428571428571,3,11,1,0,0.9272727272727272,25.61381761964776,36.55590671820137
figure_ratio,1021,15,5,0.2,MTIM,0.8666666666666667,0.6,1.0,0.7499999999999999,3,10,2,0,0.9227272727272727,36.00309816927149,58.80257815479069
figure_ratio,1022,15,5,0.2,MFA,0.8,0.5,0.6666666666666666,0.5714285714285715,2,10,2,1,0.7909090909090909,8.599539928004978,1.0
figure_ratio,1022,15,5,0.2,FUBA,0.9333333333333333,1.0,0.6666666666666666,0.8,2,12,0,1,0.8409090909090909,17.437393332184726,19.47002352025164
figure_ratio,1022,15,5,0.2,GALTrust,0.9333333333333333,1.0,0.6666666666666666,0.8,2,12,0,1,0.85,30.434406151205565,39.778543710166645
figure_ratio,1022,15,5,0.2,GDM-DTM,0.9333333333333333,1.0,0.6666666666666666,0.8,2,12,0,1,0.8590909090909091,21.522182463367052,19.21456530125642
figure_ratio,1022,15,5,0.2,LR-Trust,0.9333333333333333,1.0,0.6666666666666666,0.8,2,12,0,1,0.8681818181818182,22.11906458480826,22.56163092042473
figure_ratio,1022,15,5,0.2,MLP-Trust,0.9333333333333333,1.0,0.6666666666666666,0.8,2,12,0,1,0.8863636363636364,24.905377063356163,33.85203161902835
figure_ratio,1022,15,5,0.2,MTIM,0.9333333333333333,1.0,0.6666666666666666,0.8,2,12,0,1,0.8636363636363636,35.3397165042847,61.98066093913579
figure_ratio,1023,15,5,0.2,MFA,0.7333333333333333,0.4,0.6666666666666666,0.5,2,9,3,1,0.8136363636363636,9.208134919373009,9.659765274730692
figure_ratio,1023,15,5,0.2,FUBA,0.8666666666666667,0.6666666666666666,0.6666666666666666,0.6666666666666666,2,11,1,1,0.8454545454545455,17.812503931269703,26.627284154525686
figure_ratio,1023,15,5,0.2,GALTrust,0.9333333333333333,1.0,0.6666666666666666,0.8,2,12,0,1,0.8545454545454545,29.5504795494602,40.874548319767904
figure_ratio,1023,15,5,0.2,GDM-DTM,0.8666666666666667,0.6666666666666666,0.6666666666666666,0.6666666666666666,2,11,1,1,0.8454545454545455,17.786536074043763,23.046250821896102
figure_ratio,1023,15,5,0.2,LR-Trust,0.8666666666666667,0.6666666666666666,0.6666666666666666,0.6666666666666666,2,11,1,1,0.8545454545454545,19.830234434492635,17.722566750647612
figure_ratio,1023,15,5,0.2,MLP-Trust,0.8666666666666667,0.6666666666666666,0.6666666666666666,0.6666666666666666,2,11,1,1,0.8727272727272727,22.70054555464655,34.25877764220185
figure_ratio,1023,15,5,0.2,MTIM,0.8666666666666667,0.6666666666666666,0.6666666666666666,0.6666666666666666,2,11,1,1,0.8363636363636363,34.64449347920117,51.50718238451068
figure_ratio,1024,15,5,0.2,MFA,0.8,0.0,0.0,0.0,0,12,0,3,0.8227272727272728,6.701938813466032,14.04853732445411
figure_ratio,1024,15,5,0.2,FUBA,0.6666666666666666,0.0,0.0,0.0,0,10,2,3,0.7863636363636364,14.794710080863716,13.849913113064094
figure_ratio,1024,15,5,0.2,GALTrust,0.8,0.0,0.0,0.0,0,12,0,3,0.8090909090909091,33.51180242989609,38.88520747584006
figure_ratio,1024,15,5,0.2,GDM-DTM,0.8,0.5,0.3333333333333333,0.4,1,11,1,2,0.8272727272727273,23.17849009668505,20.685416481267758
figure_ratio,1024,15,5,0.2,LR-Trust,0.8,0.5,0.6666666666666666,0.5714285714285715,2,10,2,1,0.8727272727272727,21.847896513179496,27.832313965679703
figure_ratio,1024,15,5,0.2,MLP-Trust,0.8666666666666667,1.0,0.3333333333333333,0.5,1,12,0,2,0.8590909090909091,25.560414456830806,33.13871391537952
figure_ratio,1024,15,5,0.2,MTIM,0.9333333333333333,1.0,0.6666666666666666,0.8,2,12,0,1,0.8954545454545455,34.828117456800186,56.320649366441216
figure_ratio,1025,15,5,0.2,MFA,0.9333333333333333,1.0,0.6666666666666666,0.8,2,12,0,1,0.8318181818181818,11.736612071611614,10.67587307499436
figure_ratio,1025,15,5,0.2,FUBA,0.9333333333333333,0.75,1.0,0.8571428571428571,3,11,1,0,0.8909090909090909,19.62020085805415,16.415664849957118
figure_ratio,1025,15,5,0.2,GALTrust,0.8,0.0,0.0,0.0,0,12,0,3,0.8227272727272728,32.12193394423344,36.72860598092464
figure_ratio,1025,15,5,0.2,GDM-DTM,0.9333333333333333,0.75,1.0,0.8571428571428571,3,11,1,0,0.8681818181818182,20.702592537605646,29.482032416049694
figure_ratio,1025,15,5,0.2,LR-Trust,1.0,1.0,1.0,1.0,3,12,0,0,0.9136363636363637,19.45308262532683,23.399408072416616
figure_ratio,1025,15,5,0.2,MLP-Trust,1.0,1.0,1.0,1.0,3,12,0,0,0.9136363636363637,27.85281372945868,35.41522593848991
figure_ratio,1025,15,5,0.2,MTIM,1.0,1.0,1.0,1.0,3,12,0,0,0.9318181818181818,32.55880030103473,57.98605622001496
figure_ratio,1026,15,5,0.2,MFA,0.6666666666666666,0.25,0.3333333333333333,0.28571428571428575,1,9,3,2,0.8318181818181818,11.261247727269012,1.5105198147818868
figure_ratio,1026,15,5,0.2,FUBA,0.8,0.5,0.3333333333333333,0.4,1,11,1,2,0.8454545454545455,19.30318383109883,18.419124412894558
figure_ratio,1026,15,5,0.2,GALTrust,0.8666666666666667,1.0,0.3333333333333333,0.5,1,12,0,2,0.7818181818181819,31.7099992973359,41.183250760282725
figure_ratio,1026,15,5,0.2,GDM-DTM,0.8666666666666667,1.0,0.3333333333333333,0.5,1,12,0,2,0.8545454545454545,19.27013838172441,16.433644069501646
figure_ratio,1026,15,5,0.2,LR-Trust,0.8666666666666667,1.0,0.3333333333333333,0.5,1,12,0,2,0.8681818181818182,20.16633142272785,19.58845358750915
figure_ratio,1026,15,5,0.2,MLP-Trust,0.9333333333333333,1.0,0.6666666666666666,0.8,2,12,0,1,0.8363636363636363,28.663785902812382,33.35680470986764
figure_ratio,1026,15,5,0.2,MTIM,0.9333333333333333,1.0,0.6666666666666666,0.8,2,12,0,1,0.8863636363636364,34.84608167524025,58.31067883382576
figure_ratio,1027,15,5,0.2,MFA,0.8666666666666667,0.6666666666666666,0.6666666666666666,0.6666666666666666,2,11,1,1,0.8454545454545455,13.715284008291361,6.828106678196952
figure_ratio,1027,15,5,0.2,FUBA,0.8666666666666667,1.0,0.3333333333333333,0.5,1,12,0,2,0.8227272727272728,17.28121426895097,19.09256296233915
figure_ratio,1027,15,5,0.2,GALTrust,0.8666666666666667,1.0,0.3333333333333333,0.5,1,12,0,2,0.8,31.7883248061673,47.23832482573797
figure_ratio,1027,15,5,0.2,GDM-DTM,1.0,1.0,1.0,1.0,3,12,0,0,0.8818181818181818,19.080991332070166,21.568375213014402
figure_ratio,1027,15,5,0.2,LR-Trust,1.0,1.0,1.0,1.0,3,12,0,0,0.8818181818181818,23.957648243797824,28.73960803268004
figure_ratio,1027,15,5,0.2,MLP-Trust,1.0,1.0,1.0,1.0,3,12,0,0,0.8909090909090909,24.912300660124732,30.197374341621483
figure_ratio,1027,15,5,0.2,MTIM,1.0,1.0,1.0,1.0,3,12,0,0,0.9318181818181818,32.96190350246606,53.643026824400856
figure_ratio,1028,15,5,0.2,MFA,1.0,1.0,1.0,1.0,3,12,0,0,0.9,14.071726037697868,16.23055426373156
figure_ratio,1028,15,5,0.2,FUBA,0.9333333333333333,1.0,0.6666666666666666,0.8,2,12,0,1,0.8363636363636363,16.06885847059717,18.365619705655703
figure_ratio,1028,15,5,0.2,GALTrust,0.8666666666666667,1.0,0.3333333333333333,0.5,1,12,0,2,0.8181818181818182,29.33909019022455,38.67269962231979
figure_ratio,1028,15,5,0.2,GDM-DTM,0.7333333333333333,0.4,0.6666666666666666,0.5,2,9,3,1,0.8227272727272728,18.42890985810609,17.413212208957518
figure_ratio,1028,15,5,0.2,LR-Trust,0.9333333333333333,0.75,1.0,0.8571428571428571,3,11,1,0,0.9045454545454545,21.455674024447728,22.543721068862315
figure_ratio,1028,15,5,0.2,MLP-Trust,1.0,1.0,1.0,1.0,3,12,0,0,0.9,27.07881679834042,37.4630765264163
figure_ratio,1028,15,5,0.2,MTIM,1.0,1.0,1.0,1.0,3,12,0,0,0.9318181818181818,33.67227293974743,54.396236430716414
figure_ratio,1029,15,5,0.2,MFA,0.9333333333333333,1.0,0.6666666666666666,0.8,2,12,0,1,0.8363636363636363,13.080029257565593,8.438446293730994
figure_ratio,1029,15,5,0.2,FUBA,0.8666666666666667,0.6666666666666666,0.6666666666666666,0.6666666666666666,2,11,1,1,0.85,17.413426888874103,21.8336644756933
figure_ratio,1029,15,5,0.2,GALTrust,0.9333333333333333,1.0,0.6666666666666666,0.8,2,12,0,1,0.8227272727272728,31.158351196279895,43.217976793657414
figure_ratio,1029,15,5,0.2,GDM-DTM,0.9333333333333333,1.0,0.6666666666666666,0.8,2,12,0,1,0.8545454545454545,20.401853807973094,18.412670742744066
figure_ratio,1029,15,5,0.2,LR-Trust,1.0,1.0,1.0,1.0,3,12,0,0,0.9272727272727272,20.86741968811767,27.189086802581887
figure_ratio,1029,15,5,0.2,MLP-Trust,0.9333333333333333,1.0,0.6666666666666666,0.8,2,12,0,1,0.8772727272727273,25.194143188187518,34.99717434808378
figure_ratio,1029,15,5,0.2,MTIM,0.9333333333333333,1.0,0.6666666666666666,0.8,2,12,0,1,0.8681818181818182,32.57038478498561,60.713236843351226
figure_ratio,1030,15,5,0.2,MFA,0.7333333333333333,0.0,0.0,0.0,0,11,1,3,0.7772727272727272,15.292970347912657,4.791867535335294
figure_ratio,1030,15,5,0.2,FUBA,0.9333333333333333,0.75,1.0,0.8571428571428571,3,11,1,0,0.8636363636363636,16.955386938615177,16.68792260726568
figure_ratio,1030,15,5,0.2,GALTrust,0.8,0.0,0.0,0.0,0,12,0,3,0.8090909090909091,31.64801644052489,39.57218363354466
figure_ratio,1030,15,5,0.2,GDM-DTM,1.0,1.0,1.0,1.0,3,12,0,0,0.8772727272727273,20.275445758147217,16.67511378289072
figure_ratio,1030,15,5,0.2,LR-Trust,0.9333333333333333,0.75,1.0,0.8571428571428571,3,11,1,0,0.9227272727272727,20.173343796412144,18.98280971305831
figure_ratio,1030,15,5,0.2,MLP-Trust,1.0,1.0,1.0,1.0,3,12,0,0,0.9045454545454545,23.979929129416554,36.254936483154395
figure_ratio,1030,15,5,0.2,MTIM,1.0,1.0,1.0,1.0,3,12,0,0,0.9318181818181818,32.715726936159584,61.986849924642044
figure_ratio,1031,15,5,0.2,MFA,0.6666666666666666,0.25,0.3333333333333333,0.28571428571428575,1,9,3,2,0.8045454545454546,11.918670241734235,16.734514795329574
figure_ratio,1031,15,5,0.2,FUBA,0.8,0.5,0.3333333333333333,0.4,1,11,1,2,0.8409090909090909,18.250494752507464,14.499825602280858
figure_ratio,1031,15,5,0.2,GALTrust,0.8,0.5,0.3333333333333333,0.4,1,11,1,2,0.8272727272727273,31.297514814158028,37.635829879122284
figure_ratio,1031,15,5,0.2,GDM-DTM,0.8666666666666667,0.6666666666666666,0.6666666666666666,0.6666666666666666,2,11,1,1,0.85,20.48468448618188,23.01975743808603
figure_ratio,1031,15,5,0.2,LR-Trust,0.8666666666666667,0.6,1.0,0.7499999999999999,3,10,2,0,0.9227272727272727,21.891563303362606,22.321806709141825
figure_ratio,1031,15,5,0.2,MLP-Trust,0.8666666666666667,0.6,1.0,0.7499999999999999,3,10,2,0,0.9181818181818182,25.25571653697031,36.05466753657948
figure_ratio,1031,15,5,0.2,MTIM,0.9333333333333333,0.75,1.0,0.8571428571428571,3,11,1,0,0.9318181818181818,38.4280486811674,52.191062053989874
figure_ratio,1032,15,5,0.2,MFA,0.8,0.5,0.6666666666666666,0.5714285714285715,2,10,2,1,0.8318181818181818,13.295918065932012,14.067393870946585
figure_ratio,1032,15,5,0.2,FUBA,0.9333333333333333,0.75,1.0,0.8571428571428571,3,11,1,0,0.8818181818181818,21.03734958252152,22.222879386357658
figure_ratio,1032,15,5,0.2,GALTrust,0.8666666666666667,1.0,0.3333333333333333,0.5,1,12,0,2,0.8,30.182182666544723,37.52741093944035
figure_ratio,1032,15,5,0.2,GDM-DTM,0.8666666666666667,0.6666666666666666,0.6666666666666666,0.6666666666666666,2,11,1,1,0.8454545454545455,15.68987308323605,25.83739993392641
figure_ratio,1032,15,5,0.2,LR-Trust,0.9333333333333333,1.0,0.6666666666666666,0.8,2,12,0,1,0.8772727272727273,20.08348280308578,20.968754994212603
figure_ratio,1032,15,5,0.2,MLP-Trust,1.0,1.0,1.0,1.0,3,12,0,0,0.9181818181818182,25.91364006873211,37.091575147121645
figure_ratio,1032,15,5,0.2,MTIM,1.0,1.0,1.0,1.0,3,12,0,0,0.95,32.14117351417565,56.07429345582324
figure_ratio,1033,15,5,0.2,MFA,0.8,0.5,0.6666666666666666,0.5714285714285715,2,10,2,1,0.8636363636363636,12.884676948706048,10.437293082405565
figure_ratio,1033,15,5,0.2,FUBA,0.8,0.5,0.6666666666666666,0.5714285714285715,2,10,2,1,0.8454545454545455,13.612922223239059,17.702960348115305
figure_ratio,1033,15,5,0.2,GALTrust,0.8666666666666667,1.0,0.3333333333333333,0.5,1,12,0,2,0.8181818181818182,31.082613361985164,42.02400365302007
figure_ratio,1033,15,5,0.2,GDM-DTM,0.8666666666666667,0.6666666666666666,0.6666666666666666,0.6666666666666666,2,11,1,1,0.8136363636363636,20.463191542623786,23.054243118054085
figure_ratio,1033,15,5,0.2,LR-Trust,0.8666666666666667,0.6666666666666666,0.6666666666666666,0.6666666666666666,2,11,1,1,0.8954545454545455,21.018501530948992,21.226424527658427
figure_ratio,1033,15,5,0.2,MLP-Trust,0.9333333333333333,1.0,0.6666666666666666,0.8,2,12,0,1,0.8863636363636364,26.823763578794765,38.00321387468656
figure_ratio,1033,15,5,0.2,MTIM,0.9333333333333333,1.0,0.6666666666666666,0.8,2,12,0,1,0.8681818181818182,31.73609395927847,57.99845509347321
figure_ratio,1034,15,5,0.2,MFA,0.7333333333333333,0.42857142857142855,1.0,0.6,3,8,4,0,0.8590909090909091,10.82255154672464,6.68954341333317
figure_ratio,1034,15,5,0.2,FUBA,0.8,0.5,1.0,0.6666666666666666,3,9,3,0,0.8818181818181818,17.122812639657546,22.72389306830309
figure_ratio,1034,15,5,0.2,GALTrust,0.8,0.0,0.0,0.0,0,12,0,3,0.8,27.7730795186511,39.15702652945475
figure_ratio,1034,15,5,0.2,GDM-DTM,0.8666666666666667,0.6,1.0,0.7499999999999999,3,10,2,0,0.8954545454545455,15.469668213694863,21.0253335400277
figure_ratio,1034,15,5,0.2,LR-Trust,1.0,1.0,1.0,1.0,3,12,0,0,0.8772727272727273,22.881158020233478,26.61731164169278
figure_ratio,1034,15,5,0.2,MLP-Trust,0.9333333333333333,0.75,1.0,0.8571428571428571,3,11,1,0,0.9,25.57610409874492,31.84152874897592
figure_ratio,1034,15,5,0.2,MTIM,1.0,1.0,1.0,1.0,3,12,0,0,0.9409090909090909,32.906843011146584,50.613948136328126
figure_ratio,1035,15,5,0.2,MFA,0.7333333333333333,0.42857142857142855,1.0,0.6,3,8,4,0,0.8545454545454545,9.842530949037167,6.418133691924274
figure_ratio,1035,15,5,0.2,FUBA,0.8666666666666667,0.6666666666666666,0.6666666666666666,0.6666666666666666,2,11,1,1,0.8409090909090909,16.875936390934044,22.774770779137498
figure_ratio,1035,15,5,0.2,GALTrust,0.8666666666666667,1.0,0.3333333333333333,0.5,1,12,0,2,0.8,30.61044133239919,40.003060638526605
figure_ratio,1035,15,5,0.2,GDM-DTM,0.7333333333333333,0.42857142857142855,1.0,0.6,3,8,4,0,0.8727272727272727,22.594285734490022,18.283482155252365
figure_ratio,1035,15,5,0.2,LR-Trust,1.0,1.0,1.0,1.0,3,12,0,0,0.8909090909090909,22.037757440272546,22.952778817729012
figure_ratio,1035,15,5,0.2,MLP-Trust,1.0,1.0,1.0,1.0,3,12,0,0,0.9136363636363637,29.268445410280947,37.987660543522196
figure_ratio,1035,15,5,0.2,MTIM,0.8666666666666667,0.6,1.0,0.7499999999999999,3,10,2,0,0.9318181818181818,33.97844983610001,53.489052486569555
figure_ratio,1036,15,5,0.2,MFA,0.9333333333333333,0.75,1.0,0.8571428571428571,3,11,1,0,0.8954545454545455,12.619726149006011,16.3185008941294
figure_ratio,1036,15,5,0.2,FUBA,0.9333333333333333,1.0,0.6666666666666666,0.8,2,12,0,1,0.8545454545454545,17.736163785640212,21.156890535078578
figure_ratio,1036,15,5,0.2,GALTrust,0.8666666666666667,1.0,0.3333333333333333,0.5,1,12,0,2,0.8272727272727273,34.25515646855347,48.99639600088119
figure_ratio,1036,15,5,0.2,GDM-DTM,1.0,1.0,1.0,1.0,3,12,0,0,0.8909090909090909,18.7259907342573,18.995504694165575
figure_ratio,1036,15,5,0.2,LR-Trust,0.9333333333333333,1.0,0.6666666666666666,0.8,2,12,0,1,0.8590909090909091,21.61703652115322,25.07730219616793
figure_ratio,1036,15,5,0.2,MLP-Trust,1.0,1.0,1.0,1.0,3,12,0,0,0.9181818181818182,23.357374140883604,46.9743660401187
figure_ratio,1036,15,5,0.2,MTIM,1.0,1.0,1.0,1.0,3,12,0,0,0.9454545454545454,32.3871070353975,64.88380680731268
figure_ratio,1037,15,5,0.2,MFA,0.8666666666666667,0.6666666666666666,0.6666666666666666,0.6666666666666666,2,11,1,1,0.8363636363636363,12.378720082838878,10.896594948040063
figure_ratio,1037,15,5,0.2,FUBA,0.8666666666666667,0.6666666666666666,0.6666666666666666,0.6666666666666666,2,11,1,1,0.8636363636363636,13.964230303064667,16.074888625430418
figure_ratio,1037,15,5,0.2,GALTrust,0.8666666666666667,1.0,0.3333333333333333,0.5,1,12,0,2,0.8409090909090909,33.43920335853237,44.33556859902686
figure_ratio,1037,15,5,0.2,GDM-DTM,0.7333333333333333,0.4,0.6666666666666666,0.5,2,9,3,1,0.8454545454545455,19.003959737260722,12.248459191280128
figure_ratio,1037,15,5,0.2,LR-Trust,0.8666666666666667,0.6666666666666666,0.6666666666666666,0.6666666666666666,2,11,1,1,0.8727272727272727,18.259041076567016,18.392389645832584
figure_ratio,1037,15,5,0.2,MLP-Trust,0.8666666666666667,0.6666666666666666,0.6666666666666666,0.6666666666666666,2,11,1,1,0.8272727272727273,28.020587274882907,35.145881996215735
figure_ratio,1037,15,5,0.2,MTIM,0.8666666666666667,0.6666666666666666,0.6666666666666666,0.6666666666666666,2,11,1,1,0.8636363636363636,32.16954430587606,58.25491547409792
figure_ratio,1038,15,5,0.2,MFA,0.8,0.5,0.3333333333333333,0.4,1,11,1,2,0.8318181818181818,9.898804837575545,13.076270860105703
figure_ratio,1038,15,5,0.2,FUBA,0.8,0.5,0.3333333333333333,0.4,1,11,1,2,0.8772727272727273,16.815050087947586,14.208953687081582
figure_ratio,1038,15,5,0.2,GALTrust,0.8666666666666667,1.0,0.3333333333333333,0.5,1,12,0,2,0.7772727272727272,29.602145110377613,34.953957325910515
figure_ratio,1038,15,5,0.2,GDM-DTM,0.7333333333333333,0.3333333333333333,0.3333333333333333,0.3333333333333333,1,10,2,2,0.8,19.380864311681844,19.782787133186513
figure_ratio,1038,15,5,0.2,LR-Trust,0.7333333333333333,0.4,0.6666666666666666,0.5,2,9,3,1,0.85,20.26566301199317,25.247132376685556
figure_ratio,1038,15,5,0.2,MLP-Trust,0.9333333333333333,1.0,0.6666666666666666,0.8,2,12,0,1,0.8681818181818182,20.820738160361685,36.59945545769618
figure_ratio,1038,15,5,0.2,MTIM,0.9333333333333333,1.0,0.6666666666666666,0.8,2,12,0,1,0.8727272727272727,36.433891935343745,69.12072853311102
figure_ratio,1039,15,5,0.2,MFA,0.8,0.5,1.0,0.6666666666666666,3,9,3,0,0.8909090909090909,10.817149283645438,10.086326752844704
figure_ratio,1039,15,5,0.2,FUBA,0.7333333333333333,0.3333333333333333,0.3333333333333333,0.3333333333333333,1,10,2,2,0.8,15.045133123914272,8.575069880169957
figure_ratio,1039,15,5,0.2,GALTrust,0.8666666666666667,1.0,0.3333333333333333,0.5,1,12,0,2,0.8227272727272728,31.962433539987835,41.91198570539241
figure_ratio,1039,15,5,0.2,GDM-DTM,0.9333333333333333,0.75,1.0,0.8571428571428571,3,11,1,0,0.8909090909090909,19.54326407403008,17.503856819024083
figure_ratio,1039,15,5,0.2,LR-Trust,0.9333333333333333,0.75,1.0,0.8571428571428571,3,11,1,0,0.8772727272727273,17.97328417797451,25.327103384369178
figure_ratio,1039,15,5,0.2,MLP-Trust,1.0,1.0,1.0,1.0,3,12,0,0,0.8727272727272727,25.37802961705508,36.90220604517003
figure_ratio,1039,15,5,0.2,MTIM,1.0,1.0,1.0,1.0,3,12,0,0,0.9181818181818182,33.46184853693849,53.265698142946135
figure_ratio,1040,15,5,0.2,MFA,0.7333333333333333,0.4,0.6666666666666666,0.5,2,9,3,1,0.8409090909090909,13.318810590504436,12.463102985984555
figure_ratio,1040,15,5,0.2,FUBA,0.8666666666666667,0.6666666666666666,0.6666666666666666,0.6666666666666666,2,11,1,1,0.8818181818181818,17.419227747488435,17.816405183652567
figure_ratio,1040,15,5,0.2,GALTrust,0.9333333333333333,1.0,0.6666666666666666,0.8,2,12,0,1,0.8090909090909091,29.193862449733384,29.440523675287338
figure_ratio,1040,15,5,0.2,GDM-DTM,0.9333333333333333,1.0,0.6666666666666666,0.8,2,12,0,1,0.8136363636363636,19.752541988020077,25.496920482545423
figure_ratio,1040,15,5,0.2,LR-Trust,0.9333333333333333,1.0,0.6666666666666666,0.8,2,12,0,1,0.8545454545454545,23.10794719224815,22.036455779786085
figure_ratio,1040,15,5,0.2,MLP-Trust,1.0,1.0,1.0,1.0,3,12,0,0,0.9,23.86300509473792,33.947523955989446
figure_ratio,1040,15,5,0.2,MTIM,1.0,1.0,1.0,1.0,3,12,0,0,0.9181818181818182,32.82670239862179,61.485974710953656
figure_ratio,1041,15,5,0.2,MFA,1.0,1.0,1.0,1.0,3,12,0,0,0.9136363636363637,11.586127668418042,9.586912093040356
figure_ratio,1041,15,5,0.2,FUBA,0.9333333333333333,0.75,1.0,0.8571428571428571,3,11,1,0,0.8909090909090909,17.05609341718392,13.763334375502563
figure_ratio,1041,15,5,0.2,GALTrust,0.8,0.0,0.0,0.0,0,12,0,3,0.8090909090909091,31.073692215392505,37.478834655265295
figure_ratio,1041,15,5,0.2,GDM-DTM,0.9333333333333333,0.75,1.0,0.8571428571428571,3,11,1,0,0.8772727272727273,20.78950394456832,23.978728876644546
figure_ratio,1041,15,5,0.2,LR-Trust,0.8666666666666667,0.6,1.0,0.7499999999999999,3,10,2,0,0.9045454545454545,18.66664223047984,25.042498168935737
figure_ratio,1041,15,5,0.2,MLP-Trust,1.0,1.0,1.0,1.0,3,12,0,0,0.8954545454545455,22.40372357920032,38.64999574321322
figure_ratio,1041,15,5,0.2,MTIM,1.0,1.0,1.0,1.0,3,12,0,0,0.9545454545454546,33.77370435302314,55.120550341759895
figure_ratio,1042,15,5,0.2,MFA,0.7333333333333333,0.4,0.6666666666666666,0.5,2,9,3,1,0.8636363636363636,12.772300625704263,10.518524185388403
figure_ratio,1042,15,5,0.2,FUBA,0.8666666666666667,0.6666666666666666,0.6666666666666666,0.6666666666666666,2,11,1,1,0.8636363636363636,16.604005159867395,19.60586183356481
figure_ratio,1042,15,5,0.2,GALTrust,0.9333333333333333,1.0,0.6666666666666666,0.8,2,12,0,1,0.8727272727272727,32.504709538501466,42.70375119526139
figure_ratio,1042,15,5,0.2,GDM-DTM,0.8666666666666667,0.6666666666666666,0.6666666666666666,0.6666666666666666,2,11,1,1,0.8454545454545455,17.450642216637092,21.866624418670682
figure_ratio,1042,15,5,0.2,LR-Trust,0.9333333333333333,0.75,1.0,0.8571428571428571,3,11,1,0,0.9181818181818182,20.705069542019523,19.57655937931092
figure_ratio,1042,15,5,0.2,MLP-Trust,1.0,1.0,1.0,1.0,3,12,0,0,0.9227272727272727,25.993140091780127,37.9515880030987
figure_ratio,1042,15,5,0.2,MTIM,1.0,1.0,1.0,1.0,3,12,0,0,0.9272727272727272,33.700994735918364,58.96112588945433
figure_ratio,1043,15,5,0.2,MFA,0.6666666666666666,0.3333333333333333,0.6666666666666666,0.4444444444444444,2,8,4,1,0.8181818181818182,12.993987539946321,16.21097649346283
figure_ratio,1043,15,5,0.2,FUBA,0.6666666666666666,0.3333333333333333,0.6666666666666666,0.4444444444444444,2,8,4,1,0.8363636363636363,15.860454435881438,16.334622145785847
figure_ratio,1043,15,5,0.2,GALTrust,0.8666666666666667,1.0,0.3333333333333333,0.5,1,12,0,2,0.8409090909090909,29.93248664409274,46.91758482138761
figure_ratio,1043,15,5,0.2,GDM-DTM,0.8666666666666667,0.6666666666666666,0.6666666666666666,0.6666666666666666,2,11,1,1,0.8181818181818182,20.444210051990453,21.686246065226513
figure_ratio,1043,15,5,0.2,LR-Trust,0.8,0.5,1.0,0.6666666666666666,3,9,3,0,0.8954545454545455,21.364265594970437,28.141836686354388
figure_ratio,1043,15,5,0.2,MLP-Trust,0.9333333333333333,0.75,1.0,0.8571428571428571,3,11,1,0,0.9136363636363637,22.01511363267936,33.105623314533695
figure_ratio,1043,15,5,0.2,MTIM,0.9333333333333333,0.75,1.0,0.8571428571428571,3,11,1,0,0.9318181818181818,31.611243746150173,50.1506944322719
figure_ratio,1044,15,5,0.2,MFA,0.6666666666666666,0.25,0.3333333333333333,0.28571428571428575,1,9,3,2,0.7954545454545454,9.531671232438093,8.679717748576214
figure_ratio,1044,15,5,0.2,FUBA,0.7333333333333333,0.4,0.6666666666666666,0.5,2,9,3,1,0.7909090909090909,17.576798542976032,14.3354266011594
figure_ratio,1044,15,5,0.2,GALTrust,0.9333333333333333,1.0,0.6666666666666666,0.8,2,12,0,1,0.8181818181818182,32.34080971407276,41.54888722368573
figure_ratio,1044,15,5,0.2,GDM-DTM,0.8,0.5,0.6666666666666666,0.5714285714285715,2,10,2,1,0.8409090909090909,20.562408654345788,25.737135631301335
figure_ratio,1044,15,5,0.2,LR-Trust,0.8,0.5,0.6666666666666666,0.5714285714285715,2,10,2,1,0.85,23.068049687756808,23.86468761113225
figure_ratio,1044,15,5,0.2,MLP-Trust,1.0,1.0,1.0,1.0,3,12,0,0,0.85,22.06688805487442,39.91529361661
figure_ratio,1044,15,5,0.2,MTIM,0.9333333333333333,0.75,1.0,0.8571428571428571,3,11,1,0,0.9090909090909091,35.173605234169834,57.47495779997661
figure_ratio,1045,15,5,0.2,MFA,0.8,0.5,0.6666666666666666,0.5714285714285715,2,10,2,1,0.8090909090909091,9.814474751916572,3.9542926121284383
figure_ratio,1045,15,5,0.2,FUBA,0.9333333333333333,0.75,1.0,0.8571428571428571,3,11,1,0,0.8772727272727273,15.860621106564794,24.618803956075727
figure_ratio,1045,15,5,0.2,GALTrust,0.8,0.0,0.0,0.0,0,12,0,3,0.8363636363636363,34.032148814239655,38.94840551771725
figure_ratio,1045,15,5,0.2,GDM-DTM,0.8,0.5,0.6666666666666666,0.5714285714285715,2,10,2,1,0.8863636363636364,20.77010307315166,20.335876542876928
figure_ratio,1045,15,5,0.2,LR-Trust,1.0,1.0,1.0,1.0,3,12,0,0,0.9045454545454545,22.679415779836596,25.10543969356638
figure_ratio,1045,15,5,0.2,MLP-Trust,1.0,1.0,1.0,1.0,3,12,0,0,0.9409090909090909,26.7255249807413,37.35759216788901
figure_ratio,1045,15,5,0.2,MTIM,1.0,1.0,1.0,1.0,3,12,0,0,0.9727272727272728,36.201460280289034,58.047228019015634
figure_ratio,1046,15,5,0.2,MFA,0.8666666666666667,1.0,0.3333333333333333,0.5,1,12,0,2,0.8090909090909091,10.24890932590791,20.75381752912663
figure_ratio,1046,15,5,0.2,FUBA,0.8666666666666667,1.0,0.3333333333333333,0.5,1,12,0,2,0.8318181818181818,18.160077569163803,13.741806720286089
figure_ratio,1046,15,5,0.2,GALTrust,0.8666666666666667,1.0,0.3333333333333333,0.5,1,12,0,2,0.8136363636363636,31.364131131360285,39.30100356625045
figure_ratio,1046,15,5,0.2,GDM-DTM,0.8666666666666667,1.0,0.3333333333333333,0.5,1,12,0,2,0.8136363636363636,18.07050486241332,19.84799228398203
figure_ratio,1046,15,5,0.2,LR-Trust,0.8666666666666667,1.0,0.3333333333333333,0.5,1,12,0,2,0.9272727272727272,23.246202524533718,21.06928023806773
figure_ratio,1046,15,5,0.2,MLP-Trust,0.9333333333333333,1.0,0.6666666666666666,0.8,2,12,0,1,0.8909090909090909,26.708078195441857,38.590127993161424
figure_ratio,1046,15,5,0.2,MTIM,0.9333333333333333,1.0,0.6666666666666666,0.8,2,12,0,1,0.8409090909090909,36.79130891480335,55.39071632787308
figure_ratio,1047,15,5,0.2,MFA,0.8,0.5,0.3333333333333333,0.4,1,11,1,2,0.8136363636363636,10.493422000164816,12.082678131741687
figure_ratio,1047,15,5,0.2,FUBA,0.8666666666666667,0.6666666666666666,0.6666666666666666,0.6666666666666666,2,11,1,1,0.8681818181818182,17.338590285844866,17.725026019744114
figure_ratio,1047,15,5,0.2,GALTrust,0.8666666666666667,1.0,0.3333333333333333,0.5,1,12,0,2,0.8363636363636363,32.66392455124445,42.936105818792285
figure_ratio,1047,15,5,0.2,GDM-DTM,0.8666666666666667,0.6666666666666666,0.6666666666666666,0.6666666666666666,2,11,1,1,0.8454545454545455,21.38645379247053,22.570114881764553
figure_ratio,1047,15,5,0.2,LR-Trust,0.9333333333333333,0.75,1.0,0.8571428571428571,3,11,1,0,0.9045454545454545,21.795388255521416,27.441361987148262
figure_ratio,1047,15,5,0.2,MLP-Trust,1.0,1.0,1.0,1.0,3,12,0,0,0.8727272727272727,22.500826706219655,42.190353371124104
figure_ratio,1047,15,5,0.2,MTIM,1.0,1.0,1.0,1.0,3,12,0,0,0.9136363636363637,31.73425325879854,52.40181177354723
figure_ratio,1048,15,5,0.2,MFA,1.0,1.0,1.0,1.0,3,12,0,0,0.8636363636363636,9.275259414971817,6.177629031285131
figure_ratio,1048,15,5,0.2,FUBA,0.8666666666666667,0.6,1.0,0.7499999999999999,3,10,2,0,0.9227272727272727,14.792809778824239,18.773534485996766
figure_ratio,1048,15,5,0.2,GALTrust,0.8,0.0,0.0,0.0,0,12,0,3,0.7772727272727272,31.667556674496506,42.50854607747449
figure_ratio,1048,15,5,0.2,GDM-DTM,0.8666666666666667,0.6666666666666666,0.6666666666666666,0.6666666666666666,2,11,1,1,0.85,17.983544680421833,24.26185078771119
figure_ratio,1048,15,5,0.2,LR-Trust,0.9333333333333333,0.75,1.0,0.8571428571428571,3,11,1,0,0.8954545454545455,21.316179339549013,31.945969216454586
figure_ratio,1048,15,5,0.2,MLP-Trust,1.0,1.0,1.0,1.0,3,12,0,0,0.9,25.500010830963223,36.61367718301942
figure_ratio,1048,15,5,0.2,MTIM,0.9333333333333333,0.75,1.0,0.8571428571428571,3,11,1,0,0.9318181818181818,32.37283276204429,63.1239080552582
figure_ratio,1049,15,5,0.2,MFA,0.7333333333333333,0.3333333333333333,0.3333333333333333,0.3333333333333333,1,10,2,2,0.7818181818181819,12.188052040204507,10.55455005685543
figure_ratio,1049,15,5,0.2,FUBA,0.9333333333333333,1.0,0.6666666666666666,0.8,2,12,0,1,0.8318181818181818,16.751346709726306,16.031022674198205
figure_ratio,1049,15,5,0.2,GALTrust,0.8,0.0,0.0,0.0,0,12,0,3,0.7681818181818182,30.887400510212196,36.48398805716052
figure_ratio,1049,15,5,0.2,GDM-DTM,0.7333333333333333,0.3333333333333333,0.3333333333333333,0.3333333333333333,1,10,2,2,0.8,19.73593635325064,26.09063657945711
figure_ratio,1049,15,5,0.2,LR-Trust,0.8666666666666667,0.6,1.0,0.7499999999999999,3,10,2,0,0.9318181818181818,19.61182557045013,35.04557060699612
figure_ratio,1049,15,5,0.2,MLP-Trust,0.9333333333333333,1.0,0.6666666666666666,0.8,2,12,0,1,0.9181818181818182,24.963986207096326,38.71342264337308
figure_ratio,1049,15,5,0.2,MTIM,1.0,1.0,1.0,1.0,3,12,0,0,0.9227272727272727,32.68104974660018,58.28973869522459
agent_grid,1000,15,5,0.3,MFA,0.7333333333333333,0.6,0.6,0.6,3,8,2,2,0.7772727272727272,8.851641650304934,19.684003035393246
agent_grid,1000,15,5,0.3,FUBA,0.8666666666666667,0.7142857142857143,1.0,0.8333333333333333,5,8,2,0,0.8409090909090909,16.948506438164266,18.9642867029369
agent_grid,1000,15,5,0.3,GALTrust,0.7333333333333333,1.0,0.2,0.33333333333333337,1,10,0,4,0.6772727272727272,27.94664068678791,46.322772982871726
agent_grid,1000,15,5,0.3,GDM-DTM,0.8666666666666667,0.7142857142857143,1.0,0.8333333333333333,5,8,2,0,0.8681818181818182,19.754795859177193,24.072907619742704
agent_grid,1000,15,5,0.3,LR-Trust,0.9333333333333333,0.8333333333333334,1.0,0.9090909090909091,5,9,1,0,0.8909090909090909,21.330602447051096,27.590290428662314
agent_grid,1000,15,5,0.3,MLP-Trust,0.9333333333333333,0.8333333333333334,1.0,0.9090909090909091,5,9,1,0,0.8863636363636364,25.9475890120982,38.24642754144285
agent_grid,1000,15,5,0.3,MTIM,0.9333333333333333,0.8333333333333334,1.0,0.9090909090909091,5,9,1,0,0.9136363636363637,37.58606634986547,60.579199701434156
agent_grid,1001,15,5,0.3,MFA,0.6666666666666666,0.5,0.4,0.4444444444444445,2,8,2,3,0.7772727272727272,11.585739319846324,9.233210815902632
agent_grid,1001,15,5,0.3,FUBA,0.8666666666666667,1.0,0.6,0.7499999999999999,3,10,0,2,0.8318181818181818,16.525035690581465,14.563581286766844
agent_grid,1001,15,5,0.3,GALTrust,0.7333333333333333,1.0,0.2,0.33333333333333337,1,10,0,4,0.740909090909091,31.40035539756998,35.16495337893679
agent_grid,1001,15,5,0.3,GDM-DTM,0.8,0.6666666666666666,0.8,0.7272727272727272,4,8,2,1,0.759090909090909,17.966260832269235,16.70430684593421
agent_grid,1001,15,5,0.3,LR-Trust,1.0,1.0,1.0,1.0,5,10,0,0,0.9045454545454545,23.186021259572325,21.45610652482243
agent_grid,1001,15,5,0.3,MLP-Trust,0.8666666666666667,0.7142857142857143,1.0,0.8333333333333333,5,8,2,0,0.9,27.316306813611448,37.9885138085915
agent_grid,1001,15,5,0.3,MTIM,0.9333333333333333,0.8333333333333334,1.0,0.9090909090909091,5,9,1,0,0.9227272727272727,30.626725089439727,58.67577962583009
agent_grid,1002,15,5,0.3,MFA,0.8666666666666667,1.0,0.6,0.7499999999999999,3,10,0,2,0.7727272727272727,11.853604084000175,3.8582519520100274
agent_grid,1002,15,5,0.3,FUBA,0.6,0.42857142857142855,0.6,0.5,3,6,4,2,0.8545454545454545,15.920500595905825,23.452486072285513
agent_grid,1002,15,5,0.3,GALTrust,0.6666666666666666,0.0,0.0,0.0,0,10,0,5,0.6909090909090909,27.235042886433853,40.93783428968736
agent_grid,1002,15,5,0.3,GDM-DTM,0.8666666666666667,1.0,0.6,0.7499999999999999,3,10,0,2,0.7954545454545454,23.05018303418806,22.423958225121048
agent_grid,1002,15,5,0.3,LR-Trust,0.8,0.75,0.6,0.6666666666666665,3,9,1,2,0.8409090909090909,23.118305579626945,29.197771828591616
agent_grid,1002,15,5,0.3,MLP-Trust,0.9333333333333333,0.8333333333333334,1.0,0.9090909090909091,5,9,1,0,0.8818181818181818,26.636697840286878,39.59072096939671
agent_grid,1002,15,5,0.3,MTIM,0.9333333333333333,0.8333333333333334,1.0,0.9090909090909091,5,9,1,0,0.9409090909090909,35.50997199711533,64.72280211341274
agent_grid,1003,15,5,0.3,MFA,0.8,0.6666666666666666,0.8,0.7272727272727272,4,8,2,1,0.8090909090909091,11.253957966095408,10.30493089559924
agent_grid,1003,15,5,0.3,FUBA,0.7333333333333333,0.5714285714285714,0.8,0.6666666666666666,4,7,3,1,0.8272727272727273,15.617253215601474,17.180218391121127
agent_grid,1003,15,5,0.3,GALTrust,0.7333333333333333,1.0,0.2,0.33333333333333337,1,10,0,4,0.7272727272727273,32.338600142427495,42.58222702895827
agent_grid,1003,15,5,0.3,GDM-DTM,0.9333333333333333,0.8333333333333334,1.0,0.9090909090909091,5,9,1,0,0.8318181818181818,18.860825789656847,19.19030016989285
agent_grid,1003,15,5,0.3,LR-Trust,0.9333333333333333,0.8333333333333334,1.0,0.9090909090909091,5,9,1,0,0.9136363636363637,19.775038995792777,28.633092907154104
agent_grid,1003,15,5,0.3,MLP-Trust,0.9333333333333333,1.0,0.8,0.888888888888889,4,10,0,1,0.85,24.00888732378317,38.15316700910308
agent_grid,1003,15,5,0.3,MTIM,0.9333333333333333,1.0,0.8,0.888888888888889,4,10,0,1,0.8590909090909091,32.456305196360205,60.34636202868339
agent_grid,1004,15,5,0.3,MFA,0.8,0.625,1.0,0.7692307692307693,5,7,3,0,0.9,13.449893961599276,13.628844626456296
agent_grid,1004,15,5,0.3,FUBA,0.7333333333333333,0.6,0.6,0.6,3,8,2,2,0.8090909090909091,13.438441178672061,20.55814036696502
agent_grid,1004,15,5,0.3,GALTrust,0.7333333333333333,1.0,0.2,0.33333333333333337,1,10,0,4,0.6909090909090909,30.107303356968558,44.12705267202752
agent_grid,1004,15,5,0.3,GDM-DTM,0.8,0.75,0.6,0.6666666666666665,3,9,1,2,0.7454545454545455,17.799568051648503,25.916872106180907
agent_grid,1004,15,5,0.3,LR-Trust,0.8666666666666667,0.8,0.8,0.8000000000000002,4,9,1,1,0.9181818181818182,21.142424918928512,20.758132690597634
agent_grid,1004,15,5,0.3,MLP-Trust,0.9333333333333333,1.0,0.8,0.888888888888889,4,10,0,1,0.8818181818181818,23.307795798068543,38.03341039323101
agent_grid,1004,15,5,0.3,MTIM,0.8666666666666667,0.8,0.8,0.8000000000000002,4,9,1,1,0.8409090909090909,33.13730225276681,56.37615069107371
agent_grid,1005,15,5,0.3,MFA,0.6666666666666666,0.5,0.2,0.28571428571428575,1,9,1,4,0.740909090909091,9.452511698626079,6.462280276055192
agent_grid,1005,15,5,0.3,FUBA,0.7333333333333333,0.6666666666666666,0.4,0.5,2,9,1,3,0.759090909090909,14.104970992115145,12.321125456212389
agent_grid,1005,15,5,0.3,GALTrust,0.6666666666666666,0.0,0.0,0.0,0,10,0,5,0.7227272727272728,32.57811326114124,41.313384966519735
agent_grid,1005,15,5,0.3,GDM-DTM,0.8,0.75,0.6,0.6666666666666665,3,9,1,2,0.8090909090909091,20.44096663803223,20.14029157901796
agent_grid,1005,15,5,0.3,LR-Trust,0.7333333333333333,0.6666666666666666,0.4,0.5,2,9,1,3,0.8,18.11907795554641,22.271431154390687
agent_grid,1005,15,5,0.3,MLP-Trust,0.8666666666666667,1.0,0.6,0.7499999999999999,3,10,0,2,0.8090909090909091,25.29202959735359,33.15036207230356
agent_grid,1005,15,5,0.3,MTIM,0.8666666666666667,1.0,0.6,0.7499999999999999,3,10,0,2,0.8136363636363636,34.236706719467634,56.2231369777411
agent_grid,1006,15,5,0.3,MFA,0.9333333333333333,0.8333333333333334,1.0,0.9090909090909091,5,9,1,0,0.8818181818181818,8.981259278441495,4.922776827515596
agent_grid,1006,15,5,0.3,FUBA,0.7333333333333333,0.5555555555555556,1.0,0.7142857142857143,5,6,4,0,0.8272727272727273,17.870422196578538,13.632018472670525
agent_grid,1006,15,5,0.3,GALTrust,0.8666666666666667,1.0,0.6,0.7499999999999999,3,10,0,2,0.8,33.73942260178775,42.88217014414031
agent_grid,1006,15,5,0.3,GDM-DTM,0.8666666666666667,0.8,0.8,0.8000000000000002,4,9,1,1,0.7909090909090909,16.503921879530306,27.062780845454025
agent_grid,1006,15,5,0.3,LR-Trust,0.8666666666666667,0.7142857142857143,1.0,0.8333333333333333,5,8,2,0,0.8636363636363636,24.670786948983263,26.58194090375264
agent_grid,1006,15,5,0.3,MLP-Trust,0.8666666666666667,0.7142857142857143,1.0,0.8333333333333333,5,8,2,0,0.8954545454545455,24.693038095986793,31.545779684068464
agent_grid,1006,15,5,0.3,MTIM,0.8666666666666667,0.7142857142857143,1.0,0.8333333333333333,5,8,2,0,0.9272727272727272,31.963025401950535,62.124969600521396
agent_grid,1007,15,5,0.3,MFA,0.9333333333333333,0.8333333333333334,1.0,0.9090909090909091,5,9,1,0,0.8909090909090909,10.450606331322266,9.179553871266526
agent_grid,1007,15,5,0.3,FUBA,0.8,1.0,0.4,0.5714285714285715,2,10,0,3,0.75,15.502400677221903,14.566083896202727
agent_grid,1007,15,5,0.3,GALTrust,0.7333333333333333,1.0,0.2,0.33333333333333337,1,10,0,4,0.7227272727272728,30.210235752998624,32.43139726727676
agent_grid,1007,15,5,0.3,GDM-DTM,0.8666666666666667,1.0,0.6,0.7499999999999999,3,10,0,2,0.7954545454545454,19.395770681573687,31.93487395057408
agent_grid,1007,15,5,0.3,LR-Trust,0.8,0.75,0.6,0.6666666666666665,3,9,1,2,0.8272727272727273,22.450414112142763,23.99089368900234
agent_grid,1007,15,5,0.3,MLP-Trust,0.9333333333333333,1.0,0.8,0.888888888888889,4,10,0,1,0.8181818181818182,25.10319040930479,40.05162999467708
agent_grid,1007,15,5,0.3,MTIM,0.9333333333333333,1.0,0.8,0.888888888888889,4,10,0,1,0.8772727272727273,37.07990372896636,57.77026192392041
agent_grid,1008,15,5,0.3,MFA,0.8,1.0,0.4,0.5714285714285715,2,10,0,3,0.7772727272727272,13.533705347784077,12.341364293207139
agent_grid,1008,15,5,0.3,FUBA,0.7333333333333333,0.6,0.6,0.6,3,8,2,2,0.7227272727272728,12.663251081582125,6.654588718681314
agent_grid,1008,15,5,0.3,GALTrust,0.6666666666666666,0.0,0.0,0.0,0,10,0,5,0.7136363636363636,32.65041687873053,38.67458206345009
agent_grid,1008,15,5,0.3,GDM-DTM,0.8666666666666667,0.8,0.8,0.8000000000000002,4,9,1,1,0.7818181818181819,18.941147408289638,18.39997676199101
agent_grid,1008,15,5,0.3,LR-Trust,0.8,0.75,0.6,0.6666666666666665,3,9,1,2,0.8363636363636363,24.11335687297183,26.708291261671533
agent_grid,1008,15,5,0.3,MLP-Trust,0.8666666666666667,0.8,0.8,0.8000000000000002,4,9,1,1,0.85,25.01547690391327,39.174811642589354
agent_grid,1008,15,5,0.3,MTIM,0.8666666666666667,0.8,0.8,0.8000000000000002,4,9,1,1,0.8681818181818182,32.8021917585565,57.57830549733596
agent_grid,1009,15,5,0.3,MFA,0.9333333333333333,1.0,0.8,0.888888888888889,4,10,0,1,0.8090909090909091,11.85076505045124,15.69867786697795
agent_grid,1009,15,5,0.3,FUBA,0.9333333333333333,1.0,0.8,0.888888888888889,4,10,0,1,0.8545454545454545,16.571073986457293,21.95257670360562
agent_grid,1009,15,5,0.3,GALTrust,0.6666666666666666,0.0,0.0,0.0,0,10,0,5,0.7636363636363637,31.752904596992092,48.02605201975853
agent_grid,1009,15,5,0.3,GDM-DTM,0.9333333333333333,0.8333333333333334,1.0,0.9090909090909091,5,9,1,0,0.8545454545454545,20.461531473232455,18.250691087805272
agent_grid,1009,15,5,0.3,LR-Trust,0.9333333333333333,1.0,0.8,0.888888888888889,4,10,0,1,0.8727272727272727,21.538505538649336,31.633006489560806
agent_grid,1009,15,5,0.3,MLP-Trust,0.8666666666666667,0.8,0.8,0.8000000000000002,4,9,1,1,0.85,22.166118651604123,28.906806445802292
agent_grid,1009,15,5,0.3,MTIM,0.9333333333333333,0.8333333333333334,1.0,0.9090909090909091,5,9,1,0,0.9090909090909091,34.69933370122343,60.47447375241575
agent_grid,1010,15,5,0.3,MFA,0.7333333333333333,0.6666666666666666,0.4,0.5,2,9,1,3,0.7454545454545455,12.41360629842454,14.431630303834366
agent_grid,1010,15,5,0.3,FUBA,0.9333333333333333,0.8333333333333334,1.0,0.9090909090909091,5,9,1,0,0.8318181818181818,16.855238625003658,18.125376197828473
agent_grid,1010,15,5,0.3,GALTrust,0.7333333333333333,1.0,0.2,0.33333333333333337,1,10,0,4,0.7818181818181819,35.59229165395588,40.83082540552283
agent_grid,1010,15,5,0.3,GDM-DTM,0.8666666666666667,1.0,0.6,0.7499999999999999,3,10,0,2,0.7681818181818182,21.508811195268514,18.7119561395091
agent_grid,1010,15,5,0.3,LR-Trust,0.8666666666666667,0.8,0.8,0.8000000000000002,4,9,1,1,0.8818181818181818,22.477033278473968,24.907587974893488
agent_grid,1010,15,5,0.3,MLP-Trust,1.0,1.0,1.0,1.0,5,10,0,0,0.8636363636363636,28.608151629119234,30.133973750448945
agent_grid,1010,15,5,0.3,MTIM,1.0,1.0,1.0,1.0,5,10,0,0,0.9090909090909091,36.9453700402446,61.1002417258654
agent_grid,1011,15,5,0.3,MFA,0.9333333333333333,1.0,0.8,0.888888888888889,4,10,0,1,0.8045454545454546,10.196122033421458,1.8753233459861463
agent_grid,1011,15,5,0.3,FUBA,0.7333333333333333,0.6666666666666666,0.4,0.5,2,9,1,3,0.7727272727272727,17.50483606805648,17.598969438837017
agent_grid,1011,15,5,0.3,GALTrust,0.8,1.0,0.4,0.5714285714285715,2,10,0,3,0.7545454545454545,30.12209435097815,42.88981898931936
agent_grid,1011,15,5,0.3,GDM-DTM,0.7333333333333333,0.6,0.6,0.6,3,8,2,2,0.7818181818181819,19.826751343597067,17.386900961055034
agent_grid,1011,15,5,0.3,LR-Trust,0.8,0.6666666666666666,0.8,0.7272727272727272,4,8,2,1,0.8045454545454546,23.13697720821185,21.983094389234306
agent_grid,1011,15,5,0.3,MLP-Trust,1.0,1.0,1.0,1.0,5,10,0,0,0.9,24.792634037670197,38.19174864580198
agent_grid,1011,15,5,0.3,MTIM,1.0,1.0,1.0,1.0,5,10,0,0,0.9363636363636364,34.935172228012696,55.95352416564387
agent_grid,1012,15,5,0.3,MFA,0.8,0.6666666666666666,0.8,0.7272727272727272,4,8,2,1,0.8545454545454545,9.375191674621334,7.89930915970305
agent_grid,1012,15,5,0.3,FUBA,0.8666666666666667,0.7142857142857143,1.0,0.8333333333333333,5,8,2,0,0.8454545454545455,16.027807794617235,19.56449997893478
agent_grid,1012,15,5,0.3,GALTrust,0.7333333333333333,1.0,0.2,0.33333333333333337,1,10,0,4,0.8045454545454546,33.21388783097024,45.97217862914867
agent_grid,1012,15,5,0.3,GDM-DTM,0.9333333333333333,0.8333333333333334,1.0,0.9090909090909091,5,9,1,0,0.8318181818181818,19.50346284870245,23.692198849156483
agent_grid,1012,15,5,0.3,LR-Trust,0.9333333333333333,1.0,0.8,0.888888888888889,4,10,0,1,0.8545454545454545,21.081396404582826,24.046650805141244
agent_grid,1012,15,5,0.3,MLP-Trust,0.9333333333333333,1.0,0.8,0.888888888888889,4,10,0,1,0.9,26.827085652561625,33.34307533894814
agent_grid,1012,15,5,0.3,MTIM,0.9333333333333333,1.0,0.8,0.888888888888889,4,10,0,1,0.8772727272727273,34.04707982137022,60.84537539123918
agent_grid,1013,15,5,0.3,MFA,0.7333333333333333,0.6,0.6,0.6,3,8,2,2,0.8045454545454546,13.78814762437187,9.97401976769356
agent_grid,1013,15,5,0.3,FUBA,0.8666666666666667,0.8,0.8,0.8000000000000002,4,9,1,1,0.7909090909090909,18.339385041878234,14.53872455134571
agent_grid,1013,15,5,0.3,GALTrust,0.6666666666666666,0.0,0.0,0.0,0,10,0,5,0.75,31.933440941128886,37.14089420855876
agent_grid,1013,15,5,0.3,GDM-DTM,0.9333333333333333,0.8333333333333334,1.0,0.9090909090909091,5,9,1,0,0.8454545454545455,18.69332463904539,24.624078037460848
agent_grid,1013,15,5,0.3,LR-Trust,0.9333333333333333,0.8333333333333334,1.0,0.9090909090909091,5,9,1,0,0.9045454545454545,21.176808479438034,23.126313600856363
agent_grid,1013,15,5,0.3,MLP-Trust,0.9333333333333333,0.8333333333333334,1.0,0.9090909090909091,5,9,1,0,0.9090909090909091,24.678947422800043,40.692135420740534
agent_grid,1013,15,5,0.3,MTIM,0.9333333333333333,0.8333333333333334,1.0,0.9090909090909091,5,9,1,0,0.9454545454545454,35.286124007206766,59.57330600945626
agent_grid,1014,15,5,0.3,MFA,0.8666666666666667,1.0,0.6,0.7499999999999999,3,10,0,2,0.8272727272727273,12.537647350761809,9.148777142708175
agent_grid,1014,15,5,0.3,FUBA,0.8666666666666667,0.8,0.8,0.8000000000000002,4,9,1,1,0.8409090909090909,16.507765774577788,10.66400883001147
agent_grid,1014,15,5,0.3,GALTrust,0.7333333333333333,1.0,0.2,0.33333333333333337,1,10,0,4,0.7772727272727272,33.966873942788304,48.024289454083025
agent_grid,1014,15,5,0.3,GDM-DTM,0.8666666666666667,1.0,0.6,0.7499999999999999,3,10,0,2,0.8318181818181818,17.205208520136967,23.08103378188686
agent_grid,1014,15,5,0.3,LR-Trust,0.9333333333333333,1.0,0.8,0.888888888888889,4,10,0,1,0.8772727272727273,22.275169016259785,27.969580599543455
agent_grid,1014,15,5,0.3,MLP-Trust,0.9333333333333333,0.8333333333333334,1.0,0.9090909090909091,5,9,1,0,0.8727272727272727,27.29167173937246,40.26319924941397
agent_grid,1014,15,5,0.3,MTIM,0.8666666666666667,0.8,0.8,0.8000000000000002,4,9,1,1,0.8727272727272727,34.369199466757316,64.8685152155984
agent_grid,1015,15,5,0.3,MFA,0.9333333333333333,1.0,0.8,0.888888888888889,4,10,0,1,0.8409090909090909,13.538180876009434,9.749070566205834
agent_grid,1015,15,5,0.3,FUBA,0.9333333333333333,0.8333333333333334,1.0,0.9090909090909091,5,9,1,0,0.8772727272727273,17.700991175136064,15.242629034463198
agent_grid,1015,15,5,0.3,GALTrust,0.8,1.0,0.4,0.5714285714285715,2,10,0,3,0.8,34.09599164887044,41.01457383825977
agent_grid,1015,15,5,0.3,GDM-DTM,1.0,1.0,1.0,1.0,5,10,0,0,0.9,16.422669270219426,20.531267197979865
agent_grid,1015,15,5,0.3,LR-Trust,1.0,1.0,1.0,1.0,5,10,0,0,0.9181818181818182,16.55425525511406,23.52892059446015
agent_grid,1015,15,5,0.3,MLP-Trust,1.0,1.0,1.0,1.0,5,10,0,0,0.9318181818181818,25.080641073924866,30.443040999849142
agent_grid,1015,15,5,0.3,MTIM,1.0,1.0,1.0,1.0,5,10,0,0,0.9454545454545454,33.05568597314505,56.30463009035132
agent_grid,1016,15,5,0.3,MFA,0.8666666666666667,1.0,0.6,0.7499999999999999,3,10,0,2,0.7681818181818182,9.199978682200372,13.496388599544835
agent_grid,1016,15,5,0.3,FUBA,0.7333333333333333,0.6666666666666666,0.4,0.5,2,9,1,3,0.7681818181818182,14.24964208020728,19.007037781457818
agent_grid,1016,15,5,0.3,GALTrust,0.7333333333333333,1.0,0.2,0.33333333333333337,1,10,0,4,0.7545454545454545,30.635727453328954,35.96516639767085
agent_grid,1016,15,5,0.3,GDM-DTM,0.8,0.75,0.6,0.6666666666666665,3,9,1,2,0.7818181818181819,17.95514176978827,26.85150411625863
agent_grid,1016,15,5,0.3,LR-Trust,0.7333333333333333,0.6666666666666666,0.4,0.5,2,9,1,3,0.8363636363636363,23.210950034061078,19.366350146281597
agent_grid,1016,15,5,0.3,MLP-Trust,0.9333333333333333,1.0,0.8,0.888888888888889,4,10,0,1,0.8045454545454546,21.293171994814934,30.621655214622844
agent_grid,1016,15,5,0.3,MTIM,0.9333333333333333,1.0,0.8,0.888888888888889,4,10,0,1,0.85,33.226628346764805,53.963455045204086
agent_grid,1017,15,5,0.3,MFA,0.9333333333333333,1.0,0.8,0.888888888888889,4,10,0,1,0.8136363636363636,11.585842935747106,5.148895563440727
agent_grid,1017,15,5,0.3,FUBA,0.7333333333333333,0.5714285714285714,0.8,0.6666666666666666,4,7,3,1,0.7636363636363637,15.316524058495242,17.589403845235918
agent_grid,1017,15,5,0.3,GALTrust,0.8,1.0,0.4,0.5714285714285715,2,10,0,3,0.7636363636363637,30.082629123857338,35.230090807262314
agent_grid,1017,15,5,0.3,GDM-DTM,0.8666666666666667,0.8,0.8,0.8000000000000002,4,9,1,1,0.8136363636363636,19.029672571870886,18.58810928451066
agent_grid,1017,15,5,0.3,LR-Trust,1.0,1.0,1.0,1.0,5,10,0,0,0.8818181818181818,20.917496682686323,26.39565875376041
agent_grid,1017,15,5,0.3,MLP-Trust,1.0,1.0,1.0,1.0,5,10,0,0,0.8909090909090909,27.983459827878704,28.632569110986232
agent_grid,1017,15,5,0.3,MTIM,0.9333333333333333,0.8333333333333334,1.0,0.9090909090909091,5,9,1,0,0.9318181818181818,32.02019866742041,67.79838197974058
agent_grid,1018,15,5,0.3,MFA,0.8,0.75,0.6,0.6666666666666665,3,9,1,2,0.7681818181818182,10.51431490449109,13.689497239521481
agent_grid,1018,15,5,0.3,FUBA,0.8666666666666667,0.7142857142857143,1.0,0.8333333333333333,5,8,2,0,0.8227272727272728,19.385672074008394,16.97313657257282
agent_grid,1018,15,5,0.3,GALTrust,0.8,1.0,0.4,0.5714285714285715,2,10,0,3,0.8136363636363636,30.82707872267705,39.235248761130876
agent_grid,1018,15,5,0.3,GDM-DTM,1.0,1.0,1.0,1.0,5,10,0,0,0.8681818181818182,21.16895877438625,17.53493244842938
agent_grid,1018,15,5,0.3,LR-Trust,0.8666666666666667,0.8,0.8,0.8000000000000002,4,9,1,1,0.9227272727272727,17.763563785382075,28.840096709206755
agent_grid,1018,15,5,0.3,MLP-Trust,0.8,0.6666666666666666,0.8,0.7272727272727272,4,8,2,1,0.85,27.00325243663539,35.51713166235986
agent_grid,1018,15,5,0.3,MTIM,0.8666666666666667,0.7142857142857143,1.0,0.8333333333333333,5,8,2,0,0.9,35.56612672084859,60.13846847626986
agent_grid,1019,15,5,0.3,MFA,0.8,0.75,0.6,0.6666666666666665,3,9,1,2,0.7545454545454545,10.612919630642761,12.996882405788824
agent_grid,1019,15,5,0.3,FUBA,0.8666666666666667,0.8,0.8,0.8000000000000002,4,9,1,1,0.8227272727272728,19.3307333375144,15.79247365858683
agent_grid,1019,15,5,0.3,GALTrust,0.8,1.0,0.4,0.5714285714285715,2,10,0,3,0.7545454545454545,29.699883918282502,39.70471496723645
agent_grid,1019,15,5,0.3,GDM-DTM,0.7333333333333333,0.6,0.6,0.6,3,8,2,2,0.7772727272727272,18.93587142449751,22.556421225033937
agent_grid,1019,15,5,0.3,LR-Trust,0.6666666666666666,0.5,0.4,0.4444444444444445,2,8,2,3,0.7818181818181819,22.85397886752787,19.803240147854535
agent_grid,1019,15,5,0.3,MLP-Trust,0.8666666666666667,0.8,0.8,0.8000000000000002,4,9,1,1,0.8181818181818182,25.527079294975753,37.835520074158325
agent_grid,1019,15,5,0.3,MTIM,0.8666666666666667,0.8,0.8,0.8000000000000002,4,9,1,1,0.8227272727272728,34.494541502033485,63.385964620968025
agent_grid,1020,15,5,0.3,MFA,0.6666666666666666,0.5,0.4,0.4444444444444445,2,8,2,3,0.6909090909090909,11.921689764411331,7.659528549865033
agent_grid,1020,15,5,0.3,FUBA,0.8,0.75,0.6,0.6666666666666665,3,9,1,2,0.7909090909090909,18.615782176207947,14.47188745673121
agent_grid,1020,15,5,0.3,GALTrust,0.7333333333333333,1.0,0.2,0.33333333333333337,1,10,0,4,0.75,32.448345712058924,40.319198974268765
agent_grid,1020,15,5,0.3,GDM-DTM,0.8666666666666667,0.8,0.8,0.8000000000000002,4,9,1,1,0.8181818181818182,17.60952715234482,20.38215897045707
agent_grid,1020,15,5,0.3,LR-Trust,0.9333333333333333,1.0,0.8,0.888888888888889,4,10,0,1,0.8727272727272727,22.82528957042622,25.892244118018265
agent_grid,1020,15,5,0.3,MLP-Trust,0.9333333333333333,0.8333333333333334,1.0,0.9090909090909091,5,9,1,0,0.8636363636363636,23.519061409824936,34.609031015899234
agent_grid,1020,15,5,0.3,MTIM,0.8666666666666667,0.8,0.8,0.8000000000000002,4,9,1,1,0.9090909090909091,34.82275906613788,52.511135792813
agent_grid,1021,15,5,0.3,MFA,0.8,0.75,0.6,0.6666666666666665,3,9,1,2,0.8181818181818182,7.989694813351067,9.46889514607456
agent_grid,1021,15,5,0.3,FUBA,0.7333333333333333,0.6,0.6,0.6,3,8,2,2,0.8227272727272728,14.835713202169563,8.990805254150475
agent_grid,1021,15,5,0.3,GALTrust,0.6666666666666666,0.0,0.0,0.0,0,10,0,5,0.7045454545454546,29.66370647720039,41.586235530895294
agent_grid,1021,15,5,0.3,GDM-DTM,0.7333333333333333,0.6,0.6,0.6,3,8,2,2,0.7545454545454545,20.246945740453587,23.527894662653566
agent_grid,1021,15,5,0.3,LR-Trust,0.6666666666666666,0.5,0.4,0.4444444444444445,2,8,2,3,0.8090909090909091,20.65035906330137,25.486247332330173
agent_grid,1021,15,5,0.3,MLP-Trust,0.9333333333333333,1.0,0.8,0.888888888888889,4,10,0,1,0.8454545454545455,25.61381761964776,36.55590671820137
agent_grid,1021,15,5,0.3,MTIM,0.9333333333333333,1.0,0.8,0.888888888888889,4,10,0,1,0.8181818181818182,36.00309816927149,58.80257815479069
agent_grid,1022,15,5,0.3,MFA,0.8666666666666667,0.8,0.8,0.8000000000000002,4,9,1,1,0.7954545454545454,8.599539928004978,1.0
agent_grid,1022,15,5,0.3,FUBA,0.8666666666666667,0.7142857142857143,1.0,0.8333333333333333,5,8,2,0,0.8454545454545455,17.437393332184726,19.47002352025164
agent_grid,1022,15,5,0.3,GALTrust,0.7333333333333333,1.0,0.2,0.33333333333333337,1,10,0,4,0.7954545454545454,30.434406151205565,39.778543710166645
agent_grid,1022,15,5,0.3,GDM-DTM,0.9333333333333333,1.0,0.8,0.888888888888889,4,10,0,1,0.8136363636363636,21.522182463367052,19.21456530125642
agent_grid,1022,15,5,0.3,LR-Trust,1.0,1.0,1.0,1.0,5,10,0,0,0.9181818181818182,22.11906458480826,22.56163092042473
agent_grid,1022,15,5,0.3,MLP-Trust,1.0,1.0,1.0,1.0,5,10,0,0,0.9409090909090909,24.905377063356163,33.85203161902835
agent_grid,1022,15,5,0.3,MTIM,1.0,1.0,1.0,1.0,5,10,0,0,0.9227272727272727,35.3397165042847,61.98066093913579
agent_grid,1023,15,5,0.3,MFA,0.6666666666666666,0.5,0.4,0.4444444444444445,2,8,2,3,0.7181818181818181,9.208134919373009,9.659765274730692
agent_grid,1023,15,5,0.3,FUBA,0.8,0.75,0.6,0.6666666666666665,3,9,1,2,0.7727272727272727,17.812503931269703,26.627284154525686
agent_grid,1023,15,5,0.3,GALTrust,0.6666666666666666,0.5,0.2,0.28571428571428575,1,9,1,4,0.7227272727272728,29.5504795494602,40.874548319767904
agent_grid,1023,15,5,0.3,GDM-DTM,0.7333333333333333,0.6,0.6,0.6,3,8,2,2,0.7681818181818182,17.786536074043763,23.046250821896102
agent_grid,1023,15,5,0.3,LR-Trust,0.7333333333333333,0.6666666666666666,0.4,0.5,2,9,1,3,0.8363636363636363,19.830234434492635,17.722566750647612
agent_grid,1023,15,5,0.3,MLP-Trust,0.9333333333333333,1.0,0.8,0.888888888888889,4,10,0,1,0.9227272727272727,22.70054555464655,34.25877764220185
agent_grid,1023,15,5,0.3,MTIM,0.9333333333333333,1.0,0.8,0.888888888888889,4,10,0,1,0.8727272727272727,34.64449347920117,51.50718238451068
agent_grid,1024,15,5,0.3,MFA,0.8,0.6666666666666666,0.8,0.7272727272727272,4,8,2,1,0.8681818181818182,6.701938813466032,14.04853732445411
agent_grid,1024,15,5,0.3,FUBA,0.8666666666666667,0.8,0.8,0.8000000000000002,4,9,1,1,0.8227272727272728,14.794710080863716,13.849913113064094
agent_grid,1024,15,5,0.3,GALTrust,0.8,1.0,0.4,0.5714285714285715,2,10,0,3,0.8045454545454546,33.51180242989609,38.88520747584006
agent_grid,1024,15,5,0.3,GDM-DTM,0.8,0.6666666666666666,0.8,0.7272727272727272,4,8,2,1,0.85,23.17849009668505,20.685416481267758
agent_grid,1024,15,5,0.3,LR-Trust,0.9333333333333333,1.0,0.8,0.888888888888889,4,10,0,1,0.9181818181818182,21.847896513179496,27.832313965679703
agent_grid,1024,15,5,0.3,MLP-Trust,1.0,1.0,1.0,1.0,5,10,0,0,0.9409090909090909,25.560414456830806,33.13871391537952
agent_grid,1024,15,5,0.3,MTIM,1.0,1.0,1.0,1.0,5,10,0,0,0.9363636363636364,34.828117456800186,56.320649366441216
agent_grid,1025,15,5,0.3,MFA,0.8666666666666667,0.8,0.8,0.8000000000000002,4,9,1,1,0.8,11.736612071611614,10.67587307499436
agent_grid,1025,15,5,0.3,FUBA,1.0,1.0,1.0,1.0,5,10,0,0,0.8772727272727273,19.62020085805415,16.415664849957118
agent_grid,1025,15,5,0.3,GALTrust,0.8666666666666667,1.0,0.6,0.7499999999999999,3,10,0,2,0.8772727272727273,32.12193394423344,36.72860598092464
agent_grid,1025,15,5,0.3,GDM-DTM,0.9333333333333333,1.0,0.8,0.888888888888889,4,10,0,1,0.8,20.702592537605646,29.482032416049694
agent_grid,1025,15,5,0.3,LR-Trust,0.9333333333333333,0.8333333333333334,1.0,0.9090909090909091,5,9,1,0,0.9090909090909091,19.45308262532683,23.399408072416616
agent_grid,1025,15,5,0.3,MLP-Trust,0.9333333333333333,0.8333333333333334,1.0,0.9090909090909091,5,9,1,0,0.9090909090909091,27.85281372945868,35.41522593848991
agent_grid,1025,15,5,0.3,MTIM,0.9333333333333333,0.8333333333333334,1.0,0.9090909090909091,5,9,1,0,0.9272727272727272,32.55880030103473,57.98605622001496
agent_grid,1026,15,5,0.3,MFA,0.9333333333333333,0.8333333333333334,1.0,0.9090909090909091,5,9,1,0,0.8545454545454545,11.261247727269012,1.5105198147818868
agent_grid,1026,15,5,0.3,FUBA,0.8666666666666667,0.8,0.8,0.8000000000000002,4,9,1,1,0.8454545454545455,19.30318383109883,18.419124412894558
agent_grid,1026,15,5,0.3,GALTrust,0.8666666666666667,1.0,0.6,0.7499999999999999,3,10,0,2,0.7681818181818182,31.7099992973359,41.183250760282725
agent_grid,1026,15,5,0.3,GDM-DTM,0.9333333333333333,0.8333333333333334,1.0,0.9090909090909091,5,9,1,0,0.9181818181818182,19.27013838172441,16.433644069501646
agent_grid,1026,15,5,0.3,LR-Trust,1.0,1.0,1.0,1.0,5,10,0,0,0.9090909090909091,20.16633142272785,19.58845358750915
agent_grid,1026,15,5,0.3,MLP-Trust,1.0,1.0,1.0,1.0,5,10,0,0,0.8772727272727273,28.663785902812382,33.35680470986764
agent_grid,1026,15,5,0.3,MTIM,1.0,1.0,1.0,1.0,5,10,0,0,0.9227272727272727,34.84608167524025,58.31067883382576
agent_grid,1027,15,5,0.3,MFA,0.8,0.75,0.6,0.6666666666666665,3,9,1,2,0.7818181818181819,13.715284008291361,6.828106678196952
agent_grid,1027,15,5,0.3,FUBA,0.7333333333333333,0.6666666666666666,0.4,0.5,2,9,1,3,0.7772727272727272,17.28121426895097,19.09256296233915
agent_grid,1027,15,5,0.3,GALTrust,0.7333333333333333,1.0,0.2,0.33333333333333337,1,10,0,4,0.7363636363636363,31.7883248061673,47.23832482573797
agent_grid,1027,15,5,0.3,GDM-DTM,0.7333333333333333,0.6,0.6,0.6,3,8,2,2,0.8318181818181818,19.080991332070166,21.568375213014402
agent_grid,1027,15,5,0.3,LR-Trust,0.8,0.6666666666666666,0.8,0.7272727272727272,4,8,2,1,0.8681818181818182,23.957648243797824,28.73960803268004
agent_grid,1027,15,5,0.3,MLP-Trust,0.8,0.625,1.0,0.7692307692307693,5,7,3,0,0.8909090909090909,24.912300660124732,30.197374341621483
agent_grid,1027,15,5,0.3,MTIM,0.8,0.625,1.0,0.7692307692307693,5,7,3,0,0.9227272727272727,32.96190350246606,53.643026824400856
agent_grid,1028,15,5,0.3,MFA,0.7333333333333333,0.6666666666666666,0.4,0.5,2,9,1,3,0.7727272727272727,14.071726037697868,16.23055426373156
agent_grid,1028,15,5,0.3,FUBA,0.9333333333333333,1.0,0.8,0.888888888888889,4,10,0,1,0.8227272727272728,16.06885847059717,18.365619705655703
agent_grid,1028,15,5,0.3,GALTrust,0.8,1.0,0.4,0.5714285714285715,2,10,0,3,0.7454545454545455,29.33909019022455,38.67269962231979
agent_grid,1028,15,5,0.3,GDM-DTM,0.8666666666666667,0.8,0.8,0.8000000000000002,4,9,1,1,0.8090909090909091,18.42890985810609,17.413212208957518
agent_grid,1028,15,5,0.3,LR-Trust,0.9333333333333333,0.8333333333333334,1.0,0.9090909090909091,5,9,1,0,0.9045454545454545,21.455674024447728,22.543721068862315
agent_grid,1028,15,5,0.3,MLP-Trust,1.0,1.0,1.0,1.0,5,10,0,0,0.8954545454545455,27.07881679834042,37.4630765264163
agent_grid,1028,15,5,0.3,MTIM,1.0,1.0,1.0,1.0,5,10,0,0,0.9227272727272727,33.67227293974743,54.396236430716414
agent_grid,1029,15,5,0.3,MFA,0.9333333333333333,1.0,0.8,0.888888888888889,4,10,0,1,0.8136363636363636,13.080029257565593,8.438446293730994
agent_grid,1029,15,5,0.3,FUBA,0.9333333333333333,1.0,0.8,0.888888888888889,4,10,0,1,0.8,17.413426888874103,21.8336644756933
agent_grid,1029,15,5,0.3,GALTrust,0.8,1.0,0.4,0.5714285714285715,2,10,0,3,0.7363636363636363,31.158351196279895,43.217976793657414
agent_grid,1029,15,5,0.3,GDM-DTM,0.9333333333333333,1.0,0.8,0.888888888888889,4,10,0,1,0.8318181818181818,20.401853807973094,18.412670742744066
agent_grid,1029,15,5,0.3,LR-Trust,0.9333333333333333,1.0,0.8,0.888888888888889,4,10,0,1,0.8863636363636364,20.86741968811767,27.189086802581887
agent_grid,1029,15,5,0.3,MLP-Trust,0.9333333333333333,1.0,0.8,0.888888888888889,4,10,0,1,0.8909090909090909,25.194143188187518,34.99717434808378
agent_grid,1029,15,5,0.3,MTIM,1.0,1.0,1.0,1.0,5,10,0,0,0.9136363636363637,32.57038478498561,60.713236843351226
agent_grid,1030,15,5,0.3,MFA,0.8666666666666667,1.0,0.6,0.7499999999999999,3,10,0,2,0.7772727272727272,15.292970347912657,4.791867535335294
agent_grid,1030,15,5,0.3,FUBA,0.9333333333333333,0.8333333333333334,1.0,0.9090909090909091,5,9,1,0,0.8727272727272727,16.955386938615177,16.68792260726568
agent_grid,1030,15,5,0.3,GALTrust,0.7333333333333333,1.0,0.2,0.33333333333333337,1,10,0,4,0.7909090909090909,31.64801644052489,39.57218363354466
agent_grid,1030,15,5,0.3,GDM-DTM,0.8666666666666667,0.8,0.8,0.8000000000000002,4,9,1,1,0.8136363636363636,20.275445758147217,16.67511378289072
agent_grid,1030,15,5,0.3,LR-Trust,0.9333333333333333,1.0,0.8,0.888888888888889,4,10,0,1,0.8681818181818182,20.173343796412144,18.98280971305831
agent_grid,1030,15,5,0.3,MLP-Trust,1.0,1.0,1.0,1.0,5,10,0,0,0.8954545454545455,23.979929129416554,36.254936483154395
agent_grid,1030,15,5,0.3,MTIM,1.0,1.0,1.0,1.0,5,10,0,0,0.9318181818181818,32.715726936159584,61.986849924642044
agent_grid,1031,15,5,0.3,MFA,0.6666666666666666,0.5,0.8,0.6153846153846154,4,6,4,1,0.8227272727272728,11.918670241734235,16.734514795329574
agent_grid,1031,15,5,0.3,FUBA,0.7333333333333333,0.5714285714285714,0.8,0.6666666666666666,4,7,3,1,0.8136363636363636,18.250494752507464,14.499825602280858
agent_grid,1031,15,5,0.3,GALTrust,0.8,1.0,0.4,0.5714285714285715,2,10,0,3,0.7681818181818182,31.297514814158028,37.635829879122284
agent_grid,1031,15,5,0.3,GDM-DTM,0.6666666666666666,0.5,0.4,0.4444444444444445,2,8,2,3,0.7772727272727272,20.48468448618188,23.01975743808603
agent_grid,1031,15,5,0.3,LR-Trust,0.6666666666666666,0.5,0.8,0.6153846153846154,4,6,4,1,0.85,21.891563303362606,22.321806709141825
agent_grid,1031,15,5,0.3,MLP-Trust,0.8666666666666667,0.8,0.8,0.8000000000000002,4,9,1,1,0.8590909090909091,25.25571653697031,36.05466753657948
agent_grid,1031,15,5,0.3,MTIM,0.8,0.6666666666666666,0.8,0.7272727272727272,4,8,2,1,0.8863636363636364,38.4280486811674,52.191062053989874
agent_grid,1032,15,5,0.3,MFA,0.7333333333333333,0.6,0.6,0.6,3,8,2,2,0.7272727272727273,13.295918065932012,14.067393870946585
agent_grid,1032,15,5,0.3,FUBA,1.0,1.0,1.0,1.0,5,10,0,0,0.8772727272727273,21.03734958252152,22.222879386357658
agent_grid,1032,15,5,0.3,GALTrust,0.7333333333333333,1.0,0.2,0.33333333333333337,1,10,0,4,0.7636363636363637,30.182182666544723,37.52741093944035
agent_grid,1032,15,5,0.3,GDM-DTM,0.8666666666666667,1.0,0.6,0.7499999999999999,3,10,0,2,0.7863636363636364,15.68987308323605,25.83739993392641
agent_grid,1032,15,5,0.3,LR-Trust,0.9333333333333333,1.0,0.8,0.888888888888889,4,10,0,1,0.8772727272727273,20.08348280308578,20.968754994212603
agent_grid,1032,15,5,0.3,MLP-Trust,1.0,1.0,1.0,1.0,5,10,0,0,0.9045454545454545,25.91364006873211,37.091575147121645
agent_grid,1032,15,5,0.3,MTIM,1.0,1.0,1.0,1.0,5,10,0,0,0.9545454545454546,32.14117351417565,56.07429345582324
agent_grid,1033,15,5,0.3,MFA,0.6666666666666666,0.5,0.8,0.6153846153846154,4,6,4,1,0.8,12.884676948706048,10.437293082405565
agent_grid,1033,15,5,0.3,FUBA,0.8,0.625,1.0,0.7692307692307693,5,7,3,0,0.8681818181818182,13.612922223239059,17.702960348115305
agent_grid,1033,15,5,0.3,GALTrust,0.7333333333333333,1.0,0.2,0.33333333333333337,1,10,0,4,0.6863636363636364,31.082613361985164,42.02400365302007
agent_grid,1033,15,5,0.3,GDM-DTM,0.9333333333333333,1.0,0.8,0.888888888888889,4,10,0,1,0.8045454545454546,20.463191542623786,23.054243118054085
agent_grid,1033,15,5,0.3,LR-Trust,0.8,0.75,0.6,0.6666666666666665,3,9,1,2,0.9,21.018501530948992,21.226424527658427
agent_grid,1033,15,5,0.3,MLP-Trust,1.0,1.0,1.0,1.0,5,10,0,0,0.9363636363636364,26.823763578794765,38.00321387468656
agent_grid,1033,15,5,0.3,MTIM,1.0,1.0,1.0,1.0,5,10,0,0,0.9272727272727272,31.73609395927847,57.99845509347321
agent_grid,1034,15,5,0.3,MFA,1.0,1.0,1.0,1.0,5,10,0,0,0.8409090909090909,10.82255154672464,6.68954341333317
agent_grid,1034,15,5,0.3,FUBA,0.9333333333333333,1.0,0.8,0.888888888888889,4,10,0,1,0.8090909090909091,17.122812639657546,22.72389306830309
agent_grid,1034,15,5,0.3,GALTrust,0.7333333333333333,1.0,0.2,0.33333333333333337,1,10,0,4,0.7181818181818181,27.7730795186511,39.15702652945475
agent_grid,1034,15,5,0.3,GDM-DTM,1.0,1.0,1.0,1.0,5,10,0,0,0.8863636363636364,15.469668213694863,21.0253335400277
agent_grid,1034,15,5,0.3,LR-Trust,1.0,1.0,1.0,1.0,5,10,0,0,0.8909090909090909,22.881158020233478,26.61731164169278
agent_grid,1034,15,5,0.3,MLP-Trust,1.0,1.0,1.0,1.0,5,10,0,0,0.8954545454545455,25.57610409874492,31.84152874897592
agent_grid,1034,15,5,0.3,MTIM,1.0,1.0,1.0,1.0,5,10,0,0,0.9363636363636364,32.906843011146584,50.613948136328126
agent_grid,1035,15,5,0.3,MFA,0.6,0.4444444444444444,0.8,0.5714285714285714,4,5,5,1,0.7090909090909091,9.842530949037167,6.418133691924274
agent_grid,1035,15,5,0.3,FUBA,0.8,0.75,0.6,0.6666666666666665,3,9,1,2,0.8181818181818182,16.875936390934044,22.774770779137498
agent_grid,1035,15,5,0.3,GALTrust,0.7333333333333333,1.0,0.2,0.33333333333333337,1,10,0,4,0.6909090909090909,30.61044133239919,40.003060638526605
agent_grid,1035,15,5,0.3,GDM-DTM,0.7333333333333333,0.5714285714285714,0.8,0.6666666666666666,4,7,3,1,0.7772727272727272,22.594285734490022,18.283482155252365
agent_grid,1035,15,5,0.3,LR-Trust,0.9333333333333333,1.0,0.8,0.888888888888889,4,10,0,1,0.8727272727272727,22.037757440272546,22.952778817729012
agent_grid,1035,15,5,0.3,MLP-Trust,0.9333333333333333,0.8333333333333334,1.0,0.9090909090909091,5,9,1,0,0.9227272727272727,29.268445410280947,37.987660543522196
agent_grid,1035,15,5,0.3,MTIM,0.9333333333333333,0.8333333333333334,1.0,0.9090909090909091,5,9,1,0,0.9454545454545454,33.97844983610001,53.489052486569555
agent_grid,1036,15,5,0.3,MFA,0.8666666666666667,1.0,0.6,0.7499999999999999,3,10,0,2,0.8227272727272728,12.619726149006011,16.3185008941294
agent_grid,1036,15,5,0.3,FUBA,0.9333333333333333,1.0,0.8,0.888888888888889,4,10,0,1,0.8272727272727273,17.736163785640212,21.156890535078578
agent_grid,1036,15,5,0.3,GALTrust,0.8,1.0,0.4,0.5714285714285715,2,10,0,3,0.7727272727272727,34.25515646855347,48.99639600088119
agent_grid,1036,15,5,0.3,GDM-DTM,0.8,0.75,0.6,0.6666666666666665,3,9,1,2,0.8,18.7259907342573,18.995504694165575
agent_grid,1036,15,5,0.3,LR-Trust,0.9333333333333333,1.0,0.8,0.888888888888889,4,10,0,1,0.8590909090909091,21.61703652115322,25.07730219616793
agent_grid,1036,15,5,0.3,MLP-Trust,1.0,1.0,1.0,1.0,5,10,0,0,0.9090909090909091,23.357374140883604,46.9743660401187
agent_grid,1036,15,5,0.3,MTIM,1.0,1.0,1.0,1.0,5,10,0,0,0.95,32.3871070353975,64.88380680731268
agent_grid,1037,15,5,0.3,MFA,0.8,0.75,0.6,0.6666666666666665,3,9,1,2,0.7772727272727272,12.378720082838878,10.896594948040063
agent_grid,1037,15,5,0.3,FUBA,0.8,0.6666666666666666,0.8,0.7272727272727272,4,8,2,1,0.8363636363636363,13.964230303064667,16.074888625430418
agent_grid,1037,15,5,0.3,GALTrust,0.8,1.0,0.4,0.5714285714285715,2,10,0,3,0.7909090909090909,33.43920335853237,44.33556859902686
agent_grid,1037,15,5,0.3,GDM-DTM,0.8,0.6666666666666666,0.8,0.7272727272727272,4,8,2,1,0.8136363636363636,19.003959737260722,12.248459191280128
agent_grid,1037,15,5,0.3,LR-Trust,0.8666666666666667,1.0,0.6,0.7499999999999999,3,10,0,2,0.8272727272727273,18.259041076567016,18.392389645832584
agent_grid,1037,15,5,0.3,MLP-Trust,1.0,1.0,1.0,1.0,5,10,0,0,0.9,28.020587274882907,35.145881996215735
agent_grid,1037,15,5,0.3,MTIM,1.0,1.0,1.0,1.0,5,10,0,0,0.9272727272727272,32.16954430587606,58.25491547409792
agent_grid,1038,15,5,0.3,MFA,0.7333333333333333,0.6666666666666666,0.4,0.5,2,9,1,3,0.7636363636363637,9.898804837575545,13.076270860105703
agent_grid,1038,15,5,0.3,FUBA,1.0,1.0,1.0,1.0,5,10,0,0,0.9,16.815050087947586,14.208953687081582
agent_grid,1038,15,5,0.3,GALTrust,0.8,1.0,0.4,0.5714285714285715,2,10,0,3,0.7954545454545454,29.602145110377613,34.953957325910515
agent_grid,1038,15,5,0.3,GDM-DTM,0.8666666666666667,0.8,0.8,0.8000000000000002,4,9,1,1,0.8090909090909091,19.380864311681844,19.782787133186513
agent_grid,1038,15,5,0.3,LR-Trust,0.9333333333333333,1.0,0.8,0.888888888888889,4,10,0,1,0.8909090909090909,20.26566301199317,25.247132376685556
agent_grid,1038,15,5,0.3,MLP-Trust,1.0,1.0,1.0,1.0,5,10,0,0,0.9136363636363637,20.820738160361685,36.59945545769618
agent_grid,1038,15,5,0.3,MTIM,1.0,1.0,1.0,1.0,5,10,0,0,0.9272727272727272,36.433891935343745,69.12072853311102
agent_grid,1039,15,5,0.3,MFA,0.7333333333333333,0.5714285714285714,0.8,0.6666666666666666,4,7,3,1,0.8181818181818182,10.817149283645438,10.086326752844704
agent_grid,1039,15,5,0.3,FUBA,0.7333333333333333,0.6,0.6,0.6,3,8,2,2,0.7909090909090909,15.045133123914272,8.575069880169957
agent_grid,1039,15,5,0.3,GALTrust,0.8666666666666667,1.0,0.6,0.7499999999999999,3,10,0,2,0.8227272727272728,31.962433539987835,41.91198570539241
agent_grid,1039,15,5,0.3,GDM-DTM,0.8,0.75,0.6,0.6666666666666665,3,9,1,2,0.7954545454545454,19.54326407403008,17.503856819024083
agent_grid,1039,15,5,0.3,LR-Trust,0.8,0.6666666666666666,0.8,0.7272727272727272,4,8,2,1,0.8454545454545455,17.97328417797451,25.327103384369178
agent_grid,1039,15,5,0.3,MLP-Trust,1.0,1.0,1.0,1.0,5,10,0,0,0.8772727272727273,25.37802961705508,36.90220604517003
agent_grid,1039,15,5,0.3,MTIM,0.9333333333333333,1.0,0.8,0.888888888888889,4,10,0,1,0.8636363636363636,33.46184853693849,53.265698142946135
agent_grid,1040,15,5,0.3,MFA,0.6,0.42857142857142855,0.6,0.5,3,6,4,2,0.75,13.318810590504436,12.463102985984555
agent_grid,1040,15,5,0.3,FUBA,0.8666666666666667,0.8,0.8,0.8000000000000002,4,9,1,1,0.8636363636363636,17.419227747488435,17.816405183652567
agent_grid,1040,15,5,0.3,GALTrust,0.7333333333333333,1.0,0.2,0.33333333333333337,1,10,0,4,0.7136363636363636,29.193862449733384,29.440523675287338
agent_grid,1040,15,5,0.3,GDM-DTM,0.8666666666666667,0.7142857142857143,1.0,0.8333333333333333,5,8,2,0,0.8363636363636363,19.752541988020077,25.496920482545423
agent_grid,1040,15,5,0.3,LR-Trust,0.8666666666666667,0.8,0.8,0.8000000000000002,4,9,1,1,0.8772727272727273,23.10794719224815,22.036455779786085
agent_grid,1040,15,5,0.3,MLP-Trust,1.0,1.0,1.0,1.0,5,10,0,0,0.9,23.86300509473792,33.947523955989446
agent_grid,1040,15,5,0.3,MTIM,0.9333333333333333,0.8333333333333334,1.0,0.9090909090909091,5,9,1,0,0.9181818181818182,32.82670239862179,61.485974710953656
agent_grid,1041,15,5,0.3,MFA,0.6666666666666666,0.5,0.6,0.5454545454545454,3,7,3,2,0.8,11.586127668418042,9.586912093040356
agent_grid,1041,15,5,0.3,FUBA,0.9333333333333333,1.0,0.8,0.888888888888889,4,10,0,1,0.85,17.05609341718392,13.763334375502563
agent_grid,1041,15,5,0.3,GALTrust,0.8666666666666667,1.0,0.6,0.7499999999999999,3,10,0,2,0.7727272727272727,31.073692215392505,37.478834655265295
agent_grid,1041,15,5,0.3,GDM-DTM,0.8666666666666667,1.0,0.6,0.7499999999999999,3,10,0,2,0.7636363636363637,20.78950394456832,23.978728876644546
agent_grid,1041,15,5,0.3,LR-Trust,0.9333333333333333,1.0,0.8,0.888888888888889,4,10,0,1,0.8863636363636364,18.66664223047984,25.042498168935737
agent_grid,1041,15,5,0.3,MLP-Trust,0.9333333333333333,1.0,0.8,0.888888888888889,4,10,0,1,0.8590909090909091,22.40372357920032,38.64999574321322
agent_grid,1041,15,5,0.3,MTIM,0.9333333333333333,1.0,0.8,0.888888888888889,4,10,0,1,0.8772727272727273,33.77370435302314,55.120550341759895
agent_grid,1042,15,5,0.3,MFA,0.8666666666666667,0.8,0.8,0.8000000000000002,4,9,1,1,0.7909090909090909,12.772300625704263,10.518524185388403
agent_grid,1042,15,5,0.3,FUBA,0.8,0.6666666666666666,0.8,0.7272727272727272,4,8,2,1,0.85,16.604005159867395,19.60586183356481
agent_grid,1042,15,5,0.3,GALTrust,0.8666666666666667,1.0,0.6,0.7499999999999999,3,10,0,2,0.8136363636363636,32.504709538501466,42.70375119526139
agent_grid,1042,15,5,0.3,GDM-DTM,0.8,0.75,0.6,0.6666666666666665,3,9,1,2,0.8227272727272728,17.450642216637092,21.866624418670682
agent_grid,1042,15,5,0.3,LR-Trust,1.0,1.0,1.0,1.0,5,10,0,0,0.9090909090909091,20.705069542019523,19.57655937931092
agent_grid,1042,15,5,0.3,MLP-Trust,0.9333333333333333,0.8333333333333334,1.0,0.9090909090909091,5,9,1,0,0.9181818181818182,25.993140091780127,37.9515880030987
agent_grid,1042,15,5,0.3,MTIM,0.9333333333333333,0.8333333333333334,1.0,0.9090909090909091,5,9,1,0,0.9227272727272727,33.700994735918364,58.96112588945433
agent_grid,1043,15,5,0.3,MFA,1.0,1.0,1.0,1.0,5,10,0,0,0.85,12.993987539946321,16.21097649346283
agent_grid,1043,15,5,0.3,FUBA,0.9333333333333333,0.8333333333333334,1.0,0.9090909090909091,5,9,1,0,0.8727272727272727,15.860454435881438,16.334622145785847
agent_grid,1043,15,5,0.3,GALTrust,0.7333333333333333,1.0,0.2,0.33333333333333337,1,10,0,4,0.7818181818181819,29.93248664409274,46.91758482138761
agent_grid,1043,15,5,0.3,GDM-DTM,0.9333333333333333,0.8333333333333334,1.0,0.9090909090909091,5,9,1,0,0.8454545454545455,20.444210051990453,21.686246065226513
agent_grid,1043,15,5,0.3,LR-Trust,0.9333333333333333,0.8333333333333334,1.0,0.9090909090909091,5,9,1,0,0.8863636363636364,21.364265594970437,28.141836686354388
agent_grid,1043,15,5,0.3,MLP-Trust,1.0,1.0,1.0,1.0,5,10,0,0,0.9227272727272727,22.01511363267936,33.105623314533695
agent_grid,1043,15,5,0.3,MTIM,0.9333333333333333,0.8333333333333334,1.0,0.9090909090909091,5,9,1,0,0.9272727272727272,31.611243746150173,50.1506944322719
agent_grid,1044,15,5,0.3,MFA,0.7333333333333333,0.6,0.6,0.6,3,8,2,2,0.8181818181818182,9.531671232438093,8.679717748576214
agent_grid,1044,15,5,0.3,FUBA,0.8,1.0,0.4,0.5714285714285715,2,10,0,3,0.7272727272727273,17.576798542976032,14.3354266011594
agent_grid,1044,15,5,0.3,GALTrust,0.7333333333333333,1.0,0.2,0.33333333333333337,1,10,0,4,0.7090909090909091,32.34080971407276,41.54888722368573
agent_grid,1044,15,5,0.3,GDM-DTM,0.8,0.625,1.0,0.7692307692307693,5,7,3,0,0.8818181818181818,20.562408654345788,25.737135631301335
agent_grid,1044,15,5,0.3,LR-Trust,0.9333333333333333,1.0,0.8,0.888888888888889,4,10,0,1,0.8954545454545455,23.068049687756808,23.86468761113225
agent_grid,1044,15,5,0.3,MLP-Trust,0.9333333333333333,1.0,0.8,0.888888888888889,4,10,0,1,0.7772727272727272,22.06688805487442,39.91529361661
agent_grid,1044,15,5,0.3,MTIM,1.0,1.0,1.0,1.0,5,10,0,0,0.9045454545454545,35.173605234169834,57.47495779997661
agent_grid,1045,15,5,0.3,MFA,0.8,0.6666666666666666,0.8,0.7272727272727272,4,8,2,1,0.8272727272727273,9.814474751916572,3.9542926121284383
agent_grid,1045,15,5,0.3,FUBA,0.9333333333333333,0.8333333333333334,1.0,0.9090909090909091,5,9,1,0,0.8409090909090909,15.860621106564794,24.618803956075727
agent_grid,1045,15,5,0.3,GALTrust,0.7333333333333333,1.0,0.2,0.33333333333333337,1,10,0,4,0.7727272727272727,34.032148814239655,38.94840551771725
agent_grid,1045,15,5,0.3,GDM-DTM,0.7333333333333333,0.6,0.6,0.6,3,8,2,2,0.7681818181818182,20.77010307315166,20.335876542876928
agent_grid,1045,15,5,0.3,LR-Trust,0.8666666666666667,0.7142857142857143,1.0,0.8333333333333333,5,8,2,0,0.8954545454545455,22.679415779836596,25.10543969356638
agent_grid,1045,15,5,0.3,MLP-Trust,1.0,1.0,1.0,1.0,5,10,0,0,0.9454545454545454,26.7255249807413,37.35759216788901
agent_grid,1045,15,5,0.3,MTIM,1.0,1.0,1.0,1.0,5,10,0,0,0.9681818181818181,36.201460280289034,58.047228019015634
agent_grid,1046,15,5,0.3,MFA,0.6666666666666666,0.5,0.6,0.5454545454545454,3,7,3,2,0.7227272727272728,10.24890932590791,20.75381752912663
agent_grid,1046,15,5,0.3,FUBA,0.8,0.6666666666666666,0.8,0.7272727272727272,4,8,2,1,0.8090909090909091,18.160077569163803,13.741806720286089
agent_grid,1046,15,5,0.3,GALTrust,0.8,1.0,0.4,0.5714285714285715,2,10,0,3,0.7727272727272727,31.364131131360285,39.30100356625045
agent_grid,1046,15,5,0.3,GDM-DTM,0.7333333333333333,0.5714285714285714,0.8,0.6666666666666666,4,7,3,1,0.8045454545454546,18.07050486241332,19.84799228398203
agent_grid,1046,15,5,0.3,LR-Trust,0.8,0.6666666666666666,0.8,0.7272727272727272,4,8,2,1,0.9136363636363637,23.246202524533718,21.06928023806773
agent_grid,1046,15,5,0.3,MLP-Trust,1.0,1.0,1.0,1.0,5,10,0,0,0.9136363636363637,26.708078195441857,38.590127993161424
agent_grid,1046,15,5,0.3,MTIM,1.0,1.0,1.0,1.0,5,10,0,0,0.8954545454545455,36.79130891480335,55.39071632787308
agent_grid,1047,15,5,0.3,MFA,0.9333333333333333,0.8333333333333334,1.0,0.9090909090909091,5,9,1,0,0.8545454545454545,10.493422000164816,12.082678131741687
agent_grid,1047,15,5,0.3,FUBA,0.8,0.625,1.0,0.7692307692307693,5,7,3,0,0.8545454545454545,17.338590285844866,17.725026019744114
agent_grid,1047,15,5,0.3,GALTrust,0.8,1.0,0.4,0.5714285714285715,2,10,0,3,0.7363636363636363,32.66392455124445,42.936105818792285
agent_grid,1047,15,5,0.3,GDM-DTM,0.8,0.6666666666666666,0.8,0.7272727272727272,4,8,2,1,0.7818181818181819,21.38645379247053,22.570114881764553
agent_grid,1047,15,5,0.3,LR-Trust,0.7333333333333333,0.5714285714285714,0.8,0.6666666666666666,4,7,3,1,0.8409090909090909,21.795388255521416,27.441361987148262
agent_grid,1047,15,5,0.3,MLP-Trust,0.9333333333333333,1.0,0.8,0.888888888888889,4,10,0,1,0.8272727272727273,22.500826706219655,42.190353371124104
agent_grid,1047,15,5,0.3,MTIM,1.0,1.0,1.0,1.0,5,10,0,0,0.9090909090909091,31.73425325879854,52.40181177354723
agent_grid,1048,15,5,0.3,MFA,0.7333333333333333,0.6666666666666666,0.4,0.5,2,9,1,3,0.7090909090909091,9.275259414971817,6.177629031285131
agent_grid,1048,15,5,0.3,FUBA,0.8666666666666667,0.7142857142857143,1.0,0.8333333333333333,5,8,2,0,0.9,14.792809778824239,18.773534485996766
agent_grid,1048,15,5,0.3,GALTrust,0.7333333333333333,1.0,0.2,0.33333333333333337,1,10,0,4,0.7272727272727273,31.667556674496506,42.50854607747449
agent_grid,1048,15,5,0.3,GDM-DTM,0.8666666666666667,0.8,0.8,0.8000000000000002,4,9,1,1,0.8090909090909091,17.983544680421833,24.26185078771119
agent_grid,1048,15,5,0.3,LR-Trust,0.9333333333333333,1.0,0.8,0.888888888888889,4,10,0,1,0.9,21.316179339549013,31.945969216454586
agent_grid,1048,15,5,0.3,MLP-Trust,0.9333333333333333,1.0,0.8,0.888888888888889,4,10,0,1,0.8272727272727273,25.500010830963223,36.61367718301942
agent_grid,1048,15,5,0.3,MTIM,0.9333333333333333,1.0,0.8,0.888888888888889,4,10,0,1,0.8454545454545455,32.37283276204429,63.1239080552582
agent_grid,1049,15,5,0.3,MFA,0.8666666666666667,0.8,0.8,0.8000000000000002,4,9,1,1,0.8272727272727273,12.188052040204507,10.55455005685543
agent_grid,1049,15,5,0.3,FUBA,1.0,1.0,1.0,1.0,5,10,0,0,0.8727272727272727,16.751346709726306,16.031022674198205
agent_grid,1049,15,5,0.3,GALTrust,0.8666666666666667,1.0,0.6,0.7499999999999999,3,10,0,2,0.8090909090909091,30.887400510212196,36.48398805716052
agent_grid,1049,15,5,0.3,GDM-DTM,1.0,1.0,1.0,1.0,5,10,0,0,0.8545454545454545,19.73593635325064,26.09063657945711
agent_grid,1049,15,5,0.3,LR-Trust,1.0,1.0,1.0,1.0,5,10,0,0,0.9409090909090909,19.61182557045013,35.04557060699612
agent_grid,1049,15,5,0.3,MLP-Trust,1.0,1.0,1.0,1.0,5,10,0,0,0.9136363636363637,24.963986207096326,38.71342264337308
agent_grid,1049,15,5,0.3,MTIM,1.0,1.0,1.0,1.0,5,10,0,0,0.9181818181818182,32.68104974660018,58.28973869522459
figure_ratio,1000,15,5,0.3,MFA,0.7333333333333333,0.6,0.6,0.6,3,8,2,2,0.7772727272727272,8.851641650304934,19.684003035393246
figure_ratio,1000,15,5,0.3,FUBA,0.8666666666666667,0.7142857142857143,1.0,0.8333333333333333,5,8,2,0,0.8409090909090909,16.948506438164266,18.9642867029369
figure_ratio,1000,15,5,0.3,GALTrust,0.7333333333333333,1.0,0.2,0.33333333333333337,1,10,0,4,0.6772727272727272,27.94664068678791,46.322772982871726
figure_ratio,1000,15,5,0.3,GDM-DTM,0.8666666666666667,0.7142857142857143,1.0,0.8333333333333333,5,8,2,0,0.8681818181818182,19.754795859177193,24.072907619742704
figure_ratio,1000,15,5,0.3,LR-Trust,0.9333333333333333,0.8333333333333334,1.0,0.9090909090909091,5,9,1,0,0.8909090909090909,21.330602447051096,27.590290428662314
figure_ratio,1000,15,5,0.3,MLP-Trust,0.9333333333333333,0.8333333333333334,1.0,0.9090909090909091,5,9,1,0,0.8863636363636364,25.9475890120982,38.24642754144285
figure_ratio,1000,15,5,0.3,MTIM,0.9333333333333333,0.8333333333333334,1.0,0.9090909090909091,5,9,1,0,0.9136363636363637,37.58606634986547,60.579199701434156
figure_ratio,1001,15,5,0.3,MFA,0.6666666666666666,0.5,0.4,0.4444444444444445,2,8,2,3,0.7772727272727272,11.585739319846324,9.233210815902632
figure_ratio,1001,15,5,0.3,FUBA,0.8666666666666667,1.0,0.6,0.7499999999999999,3,10,0,2,0.8318181818181818,16.525035690581465,14.563581286766844
figure_ratio,1001,15,5,0.3,GALTrust,0.7333333333333333,1.0,0.2,0.33333333333333337,1,10,0,4,0.740909090909091,31.40035539756998,35.16495337893679
figure_ratio,1001,15,5,0.3,GDM-DTM,0.8,0.6666666666666666,0.8,0.7272727272727272,4,8,2,1,0.759090909090909,17.966260832269235,16.70430684593421
figure_ratio,1001,15,5,0.3,LR-Trust,1.0,1.0,1.0,1.0,5,10,0,0,0.9045454545454545,23.186021259572325,21.45610652482243
figure_ratio,1001,15,5,0.3,MLP-Trust,0.8666666666666667,0.7142857142857143,1.0,0.8333333333333333,5,8,2,0,0.9,27.316306813611448,37.9885138085915
figure_ratio,1001,15,5,0.3,MTIM,0.9333333333333333,0.8333333333333334,1.0,0.9090909090909091,5,9,1,0,0.9227272727272727,30.626725089439727,58.67577962583009
figure_ratio,1002,15,5,0.3,MFA,0.8666666666666667,1.0,0.6,0.7499999999999999,3,10,0,2,0.7727272727272727,11.853604084000175,3.8582519520100274
figure_ratio,1002,15,5,0.3,FUBA,0.6,0.42857142857142855,0.6,0.5,3,6,4,2,0.8545454545454545,15.920500595905825,23.452486072285513
figure_ratio,1002,15,5,0.3,GALTrust,0.6666666666666666,0.0,0.0,0.0,0,10,0,5,0.6909090909090909,27.235042886433853,40.93783428968736
figure_ratio,1002,15,5,0.3,GDM-DTM,0.8666666666666667,1.0,0.6,0.7499999999999999,3,10,0,2,0.7954545454545454,23.05018303418806,22.423958225121048
figure_ratio,1002,15,5,0.3,LR-Trust,0.8,0.75,0.6,0.6666666666666665,3,9,1,2,0.8409090909090909,23.118305579626945,29.197771828591616
figure_ratio,1002,15,5,0.3,MLP-Trust,0.9333333333333333,0.8333333333333334,1.0,0.9090909090909091,5,9,1,0,0.8818181818181818,26.636697840286878,39.59072096939671
figure_ratio,1002,15,5,0.3,MTIM,0.9333333333333333,0.8333333333333334,1.0,0.9090909090909091,5,9,1,0,0.9409090909090909,35.50997199711533,64.72280211341274
figure_ratio,1003,15,5,0.3,MFA,0.8,0.6666666666666666,0.8,0.7272727272727272,4,8,2,1,0.8090909090909091,11.253957966095408,10.30493089559924
figure_ratio,1003,15,5,0.3,FUBA,0.7333333333333333,0.5714285714285714,0.8,0.6666666666666666,4,7,3,1,0.8272727272727273,15.617253215601474,17.180218391121127
figure_ratio,1003,15,5,0.3,GALTrust,0.7333333333333333,1.0,0.2,0.33333333333333337,1,10,0,4,0.7272727272727273,32.338600142427495,42.58222702895827
figure_ratio,1003,15,5,0.3,GDM-DTM,0.9333333333333333,0.8333333333333334,1.0,0.9090909090909091,5,9,1,0,0.8318181818181818,18.860825789656847,19.19030016989285
figure_ratio,1003,15,5,0.3,LR-Trust,0.9333333333333333,0.8333333333333334,1.0,0.9090909090909091,5,9,1,0,0.9136363636363637,19.775038995792777,28.633092907154104
figure_ratio,1003,15,5,0.3,MLP-Trust,0.9333333333333333,1.0,0.8,0.888888888888889,4,10,0,1,0.85,24.00888732378317,38.15316700910308
figure_ratio,1003,15,5,0.3,MTIM,0.9333333333333333,1.0,0.8,0.888888888888889,4,10,0,1,0.8590909090909091,32.456305196360205,60.34636202868339
figure_ratio,1004,15,5,0.3,MFA,0.8,0.625,1.0,0.7692307692307693,5,7,3,0,0.9,13.449893961599276,13.628844626456296
figure_ratio,1004,15,5,0.3,FUBA,0.7333333333333333,0.6,0.6,0.6,3,8,2,2,0.8090909090909091,13.438441178672061,20.55814036696502
figure_ratio,1004,15,5,0.3,GALTrust,0.7333333333333333,1.0,0.2,0.33333333333333337,1,10,0,4,0.6909090909090909,30.107303356968558,44.12705267202752
figure_ratio,1004,15,5,0.3,GDM-DTM,0.8,0.75,0.6,0.6666666666666665,3,9,1,2,0.7454545454545455,17.799568051648503,25.916872106180907
figure_ratio,1004,15,5,0.3,LR-Trust,0.8666666666666667,0.8,0.8,0.8000000000000002,4,9,1,1,0.9181818181818182,21.142424918928512,20.758132690597634
figure_ratio,1004,15,5,0.3,MLP-Trust,0.9333333333333333,1.0,0.8,0.888888888888889,4,10,0,1,0.8818181818181818,23.307795798068543,38.03341039323101
figure_ratio,1004,15,5,0.3,MTIM,0.8666666666666667,0.8,0.8,0.8000000000000002,4,9,1,1,0.8409090909090909,33.13730225276681,56.37615069107371
figure_ratio,1005,15,5,0.3,MFA,0.6666666666666666,0.5,0.2,0.28571428571428575,1,9,1,4,0.740909090909091,9.452511698626079,6.462280276055192
figure_ratio,1005,15,5,0.3,FUBA,0.7333333333333333,0.6666666666666666,0.4,0.5,2,9,1,3,0.759090909090909,14.104970992115145,12.321125456212389
figure_ratio,1005,15,5,0.3,GALTrust,0.6666666666666666,0.0,0.0,0.0,0,10,0,5,0.7227272727272728,32.57811326114124,41.313384966519735
figure_ratio,1005,15,5,0.3,GDM-DTM,0.8,0.75,0.6,0.6666666666666665,3,9,1,2,0.8090909090909091,20.44096663803223,20.14029157901796
figure_ratio,1005,15,5,0.3,LR-Trust,0.7333333333333333,0.6666666666666666,0.4,0.5,2,9,1,3,0.8,18.11907795554641,22.271431154390687
figure_ratio,1005,15,5,0.3,MLP-Trust,0.8666666666666667,1.0,0.6,0.7499999999999999,3,10,0,2,0.8090909090909091,25.29202959735359,33.15036207230356
figure_ratio,1005,15,5,0.3,MTIM,0.8666666666666667,1.0,0.6,0.7499999999999999,3,10,0,2,0.8136363636363636,34.236706719467634,56.2231369777411
figure_ratio,1006,15,5,0.3,MFA,0.9333333333333333,0.8333333333333334,1.0,0.9090909090909091,5,9,1,0,0.8818181818181818,8.981259278441495,4.922776827515596
figure_ratio,1006,15,5,0.3,FUBA,0.7333333333333333,0.5555555555555556,1.0,0.7142857142857143,5,6,4,0,0.8272727272727273,17.870422196578538,13.632018472670525
figure_ratio,1006,15,5,0.3,GALTrust,0.8666666666666667,1.0,0.6,0.7499999999999999,3,10,0,2,0.8,33.73942260178775,42.88217014414031
figure_ratio,1006,15,5,0.3,GDM-DTM,0.8666666666666667,0.8,0.8,0.8000000000000002,4,9,1,1,0.7909090909090909,16.503921879530306,27.062780845454025
figure_ratio,1006,15,5,0.3,LR-Trust,0.8666666666666667,0.7142857142857143,1.0,0.8333333333333333,5,8,2,0,0.8636363636363636,24.670786948983263,26.58194090375264
figure_ratio,1006,15,5,0.3,MLP-Trust,0.8666666666666667,0.7142857142857143,1.0,0.8333333333333333,5,8,2,0,0.8954545454545455,24.693038095986793,31.545779684068464
figure_ratio,1006,15,5,0.3,MTIM,0.8666666666666667,0.7142857142857143,1.0,0.8333333333333333,5,8,2,0,0.9272727272727272,31.963025401950535,62.124969600521396
figure_ratio,1007,15,5,0.3,MFA,0.9333333333333333,0.8333333333333334,1.0,0.9090909090909091,5,9,1,0,0.8909090909090909,10.450606331322266,9.179553871266526
figure_ratio,1007,15,5,0.3,FUBA,0.8,1.0,0.4,0.5714285714285715,2,10,0,3,0.75,15.502400677221903,14.566083896202727
figure_ratio,1007,15,5,0.3,GALTrust,0.7333333333333333,1.0,0.2,0.33333333333333337,1,10,0,4,0.7227272727272728,30.210235752998624,32.43139726727676
figure_ratio,1007,15,5,0.3,GDM-DTM,0.8666666666666667,1.0,0.6,0.7499999999999999,3,10,0,2,0.7954545454545454,19.395770681573687,31.93487395057408
figure_ratio,1007,15,5,0.3,LR-Trust,0.8,0.75,0.6,0.6666666666666665,3,9,1,2,0.8272727272727273,22.450414112142763,23.99089368900234
figure_ratio,1007,15,5,0.3,MLP-Trust,0.9333333333333333,1.0,0.8,0.888888888888889,4,10,0,1,0.8181818181818182,25.10319040930479,40.05162999467708
figure_ratio,1007,15,5,0.3,MTIM,0.9333333333333333,1.0,0.8,0.888888888888889,4,10,0,1,0.8772727272727273,37.07990372896636,57.77026192392041
figure_ratio,1008,15,5,0.3,MFA,0.8,1.0,0.4,0.5714285714285715,2,10,0,3,0.7772727272727272,13.533705347784077,12.341364293207139
figure_ratio,1008,15,5,0.3,FUBA,0.7333333333333333,0.6,0.6,0.6,3,8,2,2,0.7227272727272728,12.663251081582125,6.654588718681314
figure_ratio,1008,15,5,0.3,GALTrust,0.6666666666666666,0.0,0.0,0.0,0,10,0,5,0.7136363636363636,32.65041687873053,38.67458206345009
figure_ratio,1008,15,5,0.3,GDM-DTM,0.8666666666666667,0.8,0.8,0.8000000000000002,4,9,1,1,0.7818181818181819,18.941147408289638,18.39997676199101
figure_ratio,1008,15,5,0.3,LR-Trust,0.8,0.75,0.6,0.6666666666666665,3,9,1,2,0.8363636363636363,24.11335687297183,26.708291261671533
figure_ratio,1008,15,5,0.3,MLP-Trust,0.8666666666666667,0.8,0.8,0.8000000000000002,4,9,1,1,0.85,25.01547690391327,39.174811642589354
figure_ratio,1008,15,5,0.3,MTIM,0.8666666666666667,0.8,0.8,0.8000000000000002,4,9,1,1,0.8681818181818182,32.8021917585565,57.57830549733596
figure_ratio,1009,15,5,0.3,MFA,0.9333333333333333,1.0,0.8,0.888888888888889,4,10,0,1,0.8090909090909091,11.85076505045124,15.69867786697795
figure_ratio,1009,15,5,0.3,FUBA,0.9333333333333333,1.0,0.8,0.888888888888889,4,10,0,1,0.8545454545454545,16.571073986457293,21.95257670360562
figure_ratio,1009,15,5,0.3,GALTrust,0.6666666666666666,0.0,0.0,0.0,0,10,0,5,0.7636363636363637,31.752904596992092,48.02605201975853
figure_ratio,1009,15,5,0.3,GDM-DTM,0.9333333333333333,0.8333333333333334,1.0,0.9090909090909091,5,9,1,0,0.8545454545454545,20.461531473232455,18.250691087805272
figure_ratio,1009,15,5,0.3,LR-Trust,0.9333333333333333,1.0,0.8,0.888888888888889,4,10,0,1,0.8727272727272727,21.538505538649336,31.633006489560806
figure_ratio,1009,15,5,0.3,MLP-Trust,0.8666666666666667,0.8,0.8,0.8000000000000002,4,9,1,1,0.85,22.166118651604123,28.906806445802292
figure_ratio,1009,15,5,0.3,MTIM,0.9333333333333333,0.8333333333333334,1.0,0.9090909090909091,5,9,1,0,0.9090909090909091,34.69933370122343,60.47447375241575
figure_ratio,1010,15,5,0.3,MFA,0.7333333333333333,0.6666666666666666,0.4,0.5,2,9,1,3,0.7454545454545455,12.41360629842454,14.431630303834366
figure_ratio,1010,15,5,0.3,FUBA,0.9333333333333333,0.8333333333333334,1.0,0.9090909090909091,5,9,1,0,0.8318181818181818,16.855238625003658,18.125376197828473
figure_ratio,1010,15,5,0.3,GALTrust,0.7333333333333333,1.0,0.2,0.33333333333333337,1,10,0,4,0.7818181818181819,35.59229165395588,40.83082540552283
figure_ratio,1010,15,5,0.3,GDM-DTM,0.8666666666666667,1.0,0.6,0.7499999999999999,3,10,0,2,0.7681818181818182,21.508811195268514,18.7119561395091
figure_ratio,1010,15,5,0.3,LR-Trust,0.8666666666666667,0.8,0.8,0.8000000000000002,4,9,1,1,0.8818181818181818,22.477033278473968,24.907587974893488
figure_ratio,1010,15,5,0.3,MLP-Trust,1.0,1.0,1.0,1.0,5,10,0,0,0.8636363636363636,28.608151629119234,30.133973750448945
figure_ratio,1010,15,5,0.3,MTIM,1.0,1.0,1.0,1.0,5,10,0,0,0.9090909090909091,36.9453700402446,61.1002417258654
figure_ratio,1011,15,5,0.3,MFA,0.9333333333333333,1.0,0.8,0.888888888888889,4,10,0,1,0.8045454545454546,10.196122033421458,1.8753233459861463
figure_ratio,1011,15,5,0.3,FUBA,0.7333333333333333,0.6666666666666666,0.4,0.5,2,9,1,3,0.7727272727272727,17.50483606805648,17.598969438837017
figure_ratio,1011,15,5,0.3,GALTrust,0.8,1.0,0.4,0.5714285714285715,2,10,0,3,0.7545454545454545,30.12209435097815,42.88981898931936
figure_ratio,1011,15,5,0.3,GDM-DTM,0.7333333333333333,0.6,0.6,0.6,3,8,2,2,0.7818181818181819,19.826751343597067,17.386900961055034
figure_ratio,1011,15,5,0.3,LR-Trust,0.8,0.6666666666666666,0.8,0.7272727272727272,4,8,2,1,0.8045454545454546,23.13697720821185,21.983094389234306
figure_ratio,1011,15,5,0.3,MLP-Trust,1.0,1.0,1.0,1.0,5,10,0,0,0.9,24.792634037670197,38.19174864580198
figure_ratio,1011,15,5,0.3,MTIM,1.0,1.0,1.0,1.0,5,10,0,0,0.9363636363636364,34.935172228012696,55.95352416564387
figure_ratio,1012,15,5,0.3,MFA,0.8,0.6666666666666666,0.8,0.7272727272727272,4,8,2,1,0.8545454545454545,9.375191674621334,7.89930915970305
figure_ratio,1012,15,5,0.3,FUBA,0.8666666666666667,0.7142857142857143,1.0,0.8333333333333333,5,8,2,0,0.8454545454545455,16.027807794617235,19.56449997893478
figure_ratio,1012,15,5,0.3,GALTrust,0.7333333333333333,1.0,0.2,0.33333333333333337,1,10,0,4,0.8045454545454546,33.21388783097024,45.97217862914867
figure_ratio,1012,15,5,0.3,GDM-DTM,0.9333333333333333,0.8333333333333334,1.0,0.9090909090909091,5,9,1,0,0.8318181818181818,19.50346284870245,23.692198849156483
figure_ratio,1012,15,5,0.3,LR-Trust,0.9333333333333333,1.0,0.8,0.888888888888889,4,10,0,1,0.8545454545454545,21.081396404582826,24.046650805141244
figure_ratio,1012,15,5,0.3,MLP-Trust,0.9333333333333333,1.0,0.8,0.888888888888889,4,10,0,1,0.9,26.827085652561625,33.34307533894814
figure_ratio,1012,15,5,0.3,MTIM,0.9333333333333333,1.0,0.8,0.888888888888889,4,10,0,1,0.8772727272727273,34.04707982137022,60.84537539123918
figure_ratio,1013,15,5,0.3,MFA,0.7333333333333333,0.6,0.6,0.6,3,8,2,2,0.8045454545454546,13.78814762437187,9.97401976769356
figure_ratio,1013,15,5,0.3,FUBA,0.8666666666666667,0.8,0.8,0.8000000000000002,4,9,1,1,0.7909090909090909,18.339385041878234,14.53872455134571
figure_ratio,1013,15,5,0.3,GALTrust,0.6666666666666666,0.0,0.0,0.0,0,10,0,5,0.75,31.933440941128886,37.14089420855876
figure_ratio,1013,15,5,0.3,GDM-DTM,0.9333333333333333,0.8333333333333334,1.0,0.9090909090909091,5,9,1,0,0.8454545454545455,18.69332463904539,24.624078037460848
figure_ratio,1013,15,5,0.3,LR-Trust,0.9333333333333333,0.8333333333333334,1.0,0.9090909090909091,5,9,1,0,0.9045454545454545,21.176808479438034,23.126313600856363
figure_ratio,1013,15,5,0.3,MLP-Trust,0.9333333333333333,0.8333333333333334,1.0,0.9090909090909091,5,9,1,0,0.9090909090909091,24.678947422800043,40.692135420740534
figure_ratio,1013,15,5,0.3,MTIM,0.9333333333333333,0.8333333333333334,1.0,0.9090909090909091,5,9,1,0,0.9454545454545454,35.286124007206766,59.57330600945626
figure_ratio,1014,15,5,0.3,MFA,0.8666666666666667,1.0,0.6,0.7499999999999999,3,10,0,2,0.8272727272727273,12.537647350761809,9.148777142708175
figure_ratio,1014,15,5,0.3,FUBA,0.8666666666666667,0.8,0.8,0.8000000000000002,4,9,1,1,0.8409090909090909,16.507765774577788,10.66400883001147
figure_ratio,1014,15,5,0.3,GALTrust,0.7333333333333333,1.0,0.2,0.33333333333333337,1,10,0,4,0.7772727272727272,33.966873942788304,48.024289454083025
figure_ratio,1014,15,5,0.3,GDM-DTM,0.8666666666666667,1.0,0.6,0.7499999999999999,3,10,0,2,0.8318181818181818,17.205208520136967,23.08103378188686
figure_ratio,1014,15,5,0.3,LR-Trust,0.9333333333333333,1.0,0.8,0.888888888888889,4,10,0,1,0.8772727272727273,22.275169016259785,27.969580599543455
figure_ratio,1014,15,5,0.3,MLP-Trust,0.9333333333333333,0.8333333333333334,1.0,0.9090909090909091,5,9,1,0,0.8727272727272727,27.29167173937246,40.26319924941397
figure_ratio,1014,15,5,0.3,MTIM,0.8666666666666667,0.8,0.8,0.8000000000000002,4,9,1,1,0.8727272727272727,34.369199466757316,64.8685152155984
figure_ratio,1015,15,5,0.3,MFA,0.9333333333333333,1.0,0.8,0.888888888888889,4,10,0,1,0.8409090909090909,13.538180876009434,9.749070566205834
figure_ratio,1015,15,5,0.3,FUBA,0.9333333333333333,0.8333333333333334,1.0,0.9090909090909091,5,9,1,0,0.8772727272727273,17.700991175136064,15.242629034463198
figure_ratio,1015,15,5,0.3,GALTrust,0.8,1.0,0.4,0.5714285714285715,2,10,0,3,0.8,34.09599164887044,41.01457383825977
figure_ratio,1015,15,5,0.3,GDM-DTM,1.0,1.0,1.0,1.0,5,10,0,0,0.9,16.422669270219426,20.531267197979865
figure_ratio,1015,15,5,0.3,LR-Trust,1.0,1.0,1.0,1.0,5,10,0,0,0.9181818181818182,16.55425525511406,23.52892059446015
figure_ratio,1015,15,5,0.3,MLP-Trust,1.0,1.0,1.0,1.0,5,10,0,0,0.9318181818181818,25.080641073924866,30.443040999849142
figure_ratio,1015,15,5,0.3,MTIM,1.0,1.0,1.0,1.0,5,10,0,0,0.9454545454545454,33.05568597314505,56.30463009035132
figure_ratio,1016,15,5,0.3,MFA,0.8666666666666667,1.0,0.6,0.7499999999999999,3,10,0,2,0.7681818181818182,9.199978682200372,13.496388599544835
figure_ratio,1016,15,5,0.3,FUBA,0.7333333333333333,0.6666666666666666,0.4,0.5,2,9,1,3,0.7681818181818182,14.24964208020728,19.007037781457818
figure_ratio,1016,15,5,0.3,GALTrust,0.7333333333333333,1.0,0.2,0.33333333333333337,1,10,0,4,0.7545454545454545,30.635727453328954,35.96516639767085
figure_ratio,1016,15,5,0.3,GDM-DTM,0.8,0.75,0.6,0.6666666666666665,3,9,1,2,0.7818181818181819,17.95514176978827,26.85150411625863
figure_ratio,1016,15,5,0.3,LR-Trust,0.7333333333333333,0.6666666666666666,0.4,0.5,2,9,1,3,0.8363636363636363,23.210950034061078,19.366350146281597
figure_ratio,1016,15,5,0.3,MLP-Trust,0.9333333333333333,1.0,0.8,0.888888888888889,4,10,0,1,0.8045454545454546,21.293171994814934,30.621655214622844
figure_ratio,1016,15,5,0.3,MTIM,0.9333333333333333,1.0,0.8,0.888888888888889,4,10,0,1,0.85,33.226628346764805,53.963455045204086
figure_ratio,1017,15,5,0.3,MFA,0.9333333333333333,1.0,0.8,0.888888888888889,4,10,0,1,0.8136363636363636,11.585842935747106,5.148895563440727
figure_ratio,1017,15,5,0.3,FUBA,0.7333333333333333,0.5714285714285714,0.8,0.6666666666666666,4,7,3,1,0.7636363636363637,15.316524058495242,17.589403845235918
figure_ratio,1017,15,5,0.3,GALTrust,0.8,1.0,0.4,0.5714285714285715,2,10,0,3,0.7636363636363637,30.082629123857338,35.230090807262314
figure_ratio,1017,15,5,0.3,GDM-DTM,0.8666666666666667,0.8,0.8,0.8000000000000002,4,9,1,1,0.8136363636363636,19.029672571870886,18.58810928451066
figure_ratio,1017,15,5,0.3,LR-Trust,1.0,1.0,1.0,1.0,5,10,0,0,0.8818181818181818,20.917496682686323,26.39565875376041
figure_ratio,1017,15,5,0.3,MLP-Trust,1.0,1.0,1.0,1.0,5,10,0,0,0.8909090909090909,27.983459827878704,28.632569110986232
figure_ratio,1017,15,5,0.3,MTIM,0.9333333333333333,0.8333333333333334,1.0,0.9090909090909091,5,9,1,0,0.9318181818181818,32.02019866742041,67.79838197974058
figure_ratio,1018,15,5,0.3,MFA,0.8,0.75,0.6,0.6666666666666665,3,9,1,2,0.7681818181818182,10.51431490449109,13.689497239521481
figure_ratio,1018,15,5,0.3,FUBA,0.8666666666666667,0.7142857142857143,1.0,0.8333333333333333,5,8,2,0,0.8227272727272728,19.385672074008394,16.97313657257282
figure_ratio,1018,15,5,0.3,GALTrust,0.8,1.0,0.4,0.5714285714285715,2,10,0,3,0.8136363636363636,30.82707872267705,39.235248761130876
figure_ratio,1018,15,5,0.3,GDM-DTM,1.0,1.0,1.0,1.0,5,10,0,0,0.8681818181818182,21.16895877438625,17.53493244842938
figure_ratio,1018,15,5,0.3,LR-Trust,0.8666666666666667,0.8,0.8,0.8000000000000002,4,9,1,1,0.9227272727272727,17.763563785382075,28.840096709206755
figure_ratio,1018,15,5,0.3,MLP-Trust,0.8,0.6666666666666666,0.8,0.7272727272727272,4,8,2,1,0.85,27.00325243663539,35.51713166235986
figure_ratio,1018,15,5,0.3,MTIM,0.8666666666666667,0.7142857142857143,1.0,0.8333333333333333,5,8,2,0,0.9,35.56612672084859,60.13846847626986
figure_ratio,1019,15,5,0.3,MFA,0.8,0.75,0.6,0.6666666666666665,3,9,1,2,0.7545454545454545,10.612919630642761,12.996882405788824
figure_ratio,1019,15,5,0.3,FUBA,0.8666666666666667,0.8,0.8,0.8000000000000002,4,9,1,1,0.8227272727272728,19.3307333375144,15.79247365858683
figure_ratio,1019,15,5,0.3,GALTrust,0.8,1.0,0.4,0.5714285714285715,2,10,0,3,0.7545454545454545,29.699883918282502,39.70471496723645
figure_ratio,1019,15,5,0.3,GDM-DTM,0.7333333333333333,0.6,0.6,0.6,3,8,2,2,0.7772727272727272,18.93587142449751,22.556421225033937
figure_ratio,1019,15,5,0.3,LR-Trust,0.6666666666666666,0.5,0.4,0.4444444444444445,2,8,2,3,0.7818181818181819,22.85397886752787,19.803240147854535
figure_ratio,1019,15,5,0.3,MLP-Trust,0.8666666666666667,0.8,0.8,0.8000000000000002,4,9,1,1,0.8181818181818182,25.527079294975753,37.835520074158325
figure_ratio,1019,15,5,0.3,MTIM,0.8666666666666667,0.8,0.8,0.8000000000000002,4,9,1,1,0.8227272727272728,34.494541502033485,63.385964620968025
figure_ratio,1020,15,5,0.3,MFA,0.6666666666666666,0.5,0.4,0.4444444444444445,2,8,2,3,0.6909090909090909,11.921689764411331,7.659528549865033
figure_ratio,1020,15,5,0.3,FUBA,0.8,0.75,0.6,0.6666666666666665,3,9,1,2,0.7909090909090909,18.615782176207947,14.47188745673121
figure_ratio,1020,15,5,0.3,GALTrust,0.7333333333333333,1.0,0.2,0.33333333333333337,1,10,0,4,0.75,32.448345712058924,40.319198974268765
figure_ratio,1020,15,5,0.3,GDM-DTM,0.8666666666666667,0.8,0.8,0.8000000000000002,4,9,1,1,0.8181818181818182,17.60952715234482,20.38215897045707
figure_ratio,1020,15,5,0.3,LR-Trust,0.9333333333333333,1.0,0.8,0.888888888888889,4,10,0,1,0.8727272727272727,22.82528957042622,25.892244118018265
figure_ratio,1020,15,5,0.3,MLP-Trust,0.9333333333333333,0.8333333333333334,1.0,0.9090909090909091,5,9,1,0,0.8636363636363636,23.519061409824936,34.609031015899234
figure_ratio,1020,15,5,0.3,MTIM,0.8666666666666667,0.8,0.8,0.8000000000000002,4,9,1,1,0.9090909090909091,34.82275906613788,52.511135792813
figure_ratio,1021,15,5,0.3,MFA,0.8,0.75,0.6,0.6666666666666665,3,9,1,2,0.8181818181818182,7.989694813351067,9.46889514607456
figure_ratio,1021,15,5,0.3,FUBA,0.7333333333333333,0.6,0.6,0.6,3,8,2,2,0.8227272727272728,14.835713202169563,8.990805254150475
figure_ratio,1021,15,5,0.3,GALTrust,0.6666666666666666,0.0,0.0,0.0,0,10,0,5,0.7045454545454546,29.66370647720039,41.586235530895294
figure_ratio,1021,15,5,0.3,GDM-DTM,0.7333333333333333,0.6,0.6,0.6,3,8,2,2,0.7545454545454545,20.246945740453587,23.527894662653566
figure_ratio,1021,15,5,0.3,LR-Trust,0.6666666666666666,0.5,0.4,0.4444444444444445,2,8,2,3,0.8090909090909091,20.65035906330137,25.486247332330173
figure_ratio,1021,15,5,0.3,MLP-Trust,0.9333333333333333,1.0,0.8,0.888888888888889,4,10,0,1,0.8454545454545455,25.61381761964776,36.55590671820137
figure_ratio,1021,15,5,0.3,MTIM,0.9333333333333333,1.0,0.8,0.888888888888889,4,10,0,1,0.8181818181818182,36.00309816927149,58.80257815479069
figure_ratio,1022,15,5,0.3,MFA,0.8666666666666667,0.8,0.8,0.8000000000000002,4,9,1,1,0.7954545454545454,8.599539928004978,1.0
figure_ratio,1022,15,5,0.3,FUBA,0.8666666666666667,0.7142857142857143,1.0,0.8333333333333333,5,8,2,0,0.8454545454545455,17.437393332184726,19.47002352025164
figure_ratio,1022,15,5,0.3,GALTrust,0.7333333333333333,1.0,0.2,0.33333333333333337,1,10,0,4,0.7954545454545454,30.434406151205565,39.778543710166645
figure_ratio,1022,15,5,0.3,GDM-DTM,0.9333333333333333,1.0,0.8,0.888888888888889,4,10,0,1,0.8136363636363636,21.522182463367052,19.21456530125642
figure_ratio,1022,15,5,0.3,LR-Trust,1.0,1.0,1.0,1.0,5,10,0,0,0.9181818181818182,22.11906458480826,22.56163092042473
figure_ratio,1022,15,5,0.3,MLP-Trust,1.0,1.0,1.0,1.0,5,10,0,0,0.9409090909090909,24.905377063356163,33.85203161902835
figure_ratio,1022,15,5,0.3,MTIM,1.0,1.0,1.0,1.0,5,10,0,0,0.9227272727272727,35.3397165042847,61.98066093913579
figure_ratio,1023,15,5,0.3,MFA,0.6666666666666666,0.5,0.4,0.4444444444444445,2,8,2,3,0.7181818181818181,9.208134919373009,9.659765274730692
figure_ratio,1023,15,5,0.3,FUBA,0.8,0.75,0.6,0.6666666666666665,3,9,1,2,0.7727272727272727,17.812503931269703,26.627284154525686
figure_ratio,1023,15,5,0.3,GALTrust,0.6666666666666666,0.5,0.2,0.28571428571428575,1,9,1,4,0.7227272727272728,29.5504795494602,40.874548319767904
figure_ratio,1023,15,5,0.3,GDM-DTM,0.7333333333333333,0.6,0.6,0.6,3,8,2,2,0.7681818181818182,17.786536074043763,23.046250821896102
figure_ratio,1023,15,5,0.3,LR-Trust,0.7333333333333333,0.6666666666666666,0.4,0.5,2,9,1,3,0.8363636363636363,19.830234434492635,17.722566750647612
figure_ratio,1023,15,5,0.3,MLP-Trust,0.9333333333333333,1.0,0.8,0.888888888888889,4,10,0,1,0.9227272727272727,22.70054555464655,34.25877764220185
figure_ratio,1023,15,5,0.3,MTIM,0.9333333333333333,1.0,0.8,0.888888888888889,4,10,0,1,0.8727272727272727,34.64449347920117,51.50718238451068
figure_ratio,1024,15,5,0.3,MFA,0.8,0.6666666666666666,0.8,0.7272727272727272,4,8,2,1,0.8681818181818182,6.701938813466032,14.04853732445411
figure_ratio,1024,15,5,0.3,FUBA,0.8666666666666667,0.8,0.8,0.8000000000000002,4,9,1,1,0.8227272727272728,14.794710080863716,13.849913113064094
figure_ratio,1024,15,5,0.3,GALTrust,0.8,1.0,0.4,0.5714285714285715,2,10,0,3,0.8045454545454546,33.51180242989609,38.88520747584006
figure_ratio,1024,15,5,0.3,GDM-DTM,0.8,0.6666666666666666,0.8,0.7272727272727272,4,8,2,1,0.85,23.17849009668505,20.685416481267758
figure_ratio,1024,15,5,0.3,LR-Trust,0.9333333333333333,1.0,0.8,0.888888888888889,4,10,0,1,0.9181818181818182,21.847896513179496,27.832313965679703
figure_ratio,1024,15,5,0.3,MLP-Trust,1.0,1.0,1.0,1.0,5,10,0,0,0.9409090909090909,25.560414456830806,33.13871391537952
figure_ratio,1024,15,5,0.3,MTIM,1.0,1.0,1.0,1.0,5,10,0,0,0.9363636363636364,34.828117456800186,56.320649366441216
figure_ratio,1025,15,5,0.3,MFA,0.8666666666666667,0.8,0.8,0.8000000000000002,4,9,1,1,0.8,11.736612071611614,10.67587307499436
figure_ratio,1025,15,5,0.3,FUBA,1.0,1.0,1.0,1.0,5,10,0,0,0.8772727272727273,19.62020085805415,16.415664849957118
figure_ratio,1025,15,5,0.3,GALTrust,0.8666666666666667,1.0,0.6,0.7499999999999999,3,10,0,2,0.8772727272727273,32.12193394423344,36.72860598092464
figure_ratio,1025,15,5,0.3,GDM-DTM,0.9333333333333333,1.0,0.8,0.888888888888889,4,10,0,1,0.8,20.702592537605646,29.482032416049694
figure_ratio,1025,15,5,0.3,LR-Trust,0.9333333333333333,0.8333333333333334,1.0,0.9090909090909091,5,9,1,0,0.9090909090909091,19.45308262532683,23.399408072416616
figure_ratio,1025,15,5,0.3,MLP-Trust,0.9333333333333333,0.8333333333333334,1.0,0.9090909090909091,5,9,1,0,0.9090909090909091,27.85281372945868,35.41522593848991
figure_ratio,1025,15,5,0.3,MTIM,0.9333333333333333,0.8333333333333334,1.0,0.9090909090909091,5,9,1,0,0.9272727272727272,32.55880030103473,57.98605622001496
figure_ratio,1026,15,5,0.3,MFA,0.9333333333333333,0.8333333333333334,1.0,0.9090909090909091,5,9,1,0,0.8545454545454545,11.261247727269012,1.5105198147818868
figure_ratio,1026,15,5,0.3,FUBA,0.8666666666666667,0.8,0.8,0.8000000000000002,4,9,1,1,0.8454545454545455,19.30318383109883,18.419124412894558
figure_ratio,1026,15,5,0.3,GALTrust,0.8666666666666667,1.0,0.6,0.7499999999999999,3,10,0,2,0.7681818181818182,31.7099992973359,41.183250760282725
figure_ratio,1026,15,5,0.3,GDM-DTM,0.9333333333333333,0.8333333333333334,1.0,0.9090909090909091,5,9,1,0,0.9181818181818182,19.27013838172441,16.433644069501646
figure_ratio,1026,15,5,0.3,LR-Trust,1.0,1.0,1.0,1.0,5,10,0,0,0.9090909090909091,20.16633142272785,19.58845358750915
figure_ratio,1026,15,5,0.3,MLP-Trust,1.0,1.0,1.0,1.0,5,10,0,0,0.8772727272727273,28.663785902812382,33.35680470986764
figure_ratio,1026,15,5,0.3,MTIM,1.0,1.0,1.0,1.0,5,10,0,0,0.9227272727272727,34.84608167524025,58.31067883382576
figure_ratio,1027,15,5,0.3,MFA,0.8,0.75,0.6,0.6666666666666665,3,9,1,2,0.7818181818181819,13.715284008291361,6.828106678196952
figure_ratio,1027,15,5,0.3,FUBA,0.7333333333333333,0.6666666666666666,0.4,0.5,2,9,1,3,0.7772727272727272,17.28121426895097,19.09256296233915
figure_ratio,1027,15,5,0.3,GALTrust,0.7333333333333333,1.0,0.2,0.33333333333333337,1,10,0,4,0.7363636363636363,31.7883248061673,47.23832482573797
figure_ratio,1027,15,5,0.3,GDM-DTM,0.7333333333333333,0.6,0.6,0.6,3,8,2,2,0.8318181818181818,19.080991332070166,21.568375213014402
figure_ratio,1027,15,5,0.3,LR-Trust,0.8,0.6666666666666666,0.8,0.7272727272727272,4,8,2,1,0.8681818181818182,23.957648243797824,28.73960803268004
figure_ratio,1027,15,5,0.3,MLP-Trust,0.8,0.625,1.0,0.7692307692307693,5,7,3,0,0.8909090909090909,24.912300660124732,30.197374341621483
figure_ratio,1027,15,5,0.3,MTIM,0.8,0.625,1.0,0.7692307692307693,5,7,3,0,0.9227272727272727,32.96190350246606,53.643026824400856
figure_ratio,1028,15,5,0.3,MFA,0.7333333333333333,0.6666666666666666,0.4,0.5,2,9,1,3,0.7727272727272727,14.071726037697868,16.23055426373156
figure_ratio,1028,15,5,0.3,FUBA,0.9333333333333333,1.0,0.8,0.888888888888889,4,10,0,1,0.8227272727272728,16.06885847059717,18.365619705655703
figure_ratio,1028,15,5,0.3,GALTrust,0.8,1.0,0.4,0.5714285714285715,2,10,0,3,0.7454545454545455,29.33909019022455,38.67269962231979
figure_ratio,1028,15,5,0.3,GDM-DTM,0.8666666666666667,0.8,0.8,0.8000000000000002,4,9,1,1,0.8090909090909091,18.42890985810609,17.413212208957518
figure_ratio,1028,15,5,0.3,LR-Trust,0.9333333333333333,0.8333333333333334,1.0,0.9090909090909091,5,9,1,0,0.9045454545454545,21.455674024447728,22.543721068862315
figure_ratio,1028,15,5,0.3,MLP-Trust,1.0,1.0,1.0,1.0,5,10,0,0,0.8954545454545455,27.07881679834042,37.4630765264163
figure_ratio,1028,15,5,0.3,MTIM,1.0,1.0,1.0,1.0,5,10,0,0,0.9227272727272727,33.67227293974743,54.396236430716414
figure_ratio,1029,15,5,0.3,MFA,0.9333333333333333,1.0,0.8,0.888888888888889,4,10,0,1,0.8136363636363636,13.080029257565593,8.438446293730994
figure_ratio,1029,15,5,0.3,FUBA,0.9333333333333333,1.0,0.8,0.888888888888889,4,10,0,1,0.8,17.413426888874103,21.8336644756933
figure_ratio,1029,15,5,0.3,GALTrust,0.8,1.0,0.4,0.5714285714285715,2,10,0,3,0.7363636363636363,31.158351196279895,43.217976793657414
figure_ratio,1029,15,5,0.3,GDM-DTM,0.9333333333333333,1.0,0.8,0.888888888888889,4,10,0,1,0.8318181818181818,20.401853807973094,18.412670742744066
figure_ratio,1029,15,5,0.3,LR-Trust,0.9333333333333333,1.0,0.8,0.888888888888889,4,10,0,1,0.8863636363636364,20.86741968811767,27.189086802581887
figure_ratio,1029,15,5,0.3,MLP-Trust,0.9333333333333333,1.0,0.8,0.888888888888889,4,10,0,1,0.8909090909090909,25.194143188187518,34.99717434808378
figure_ratio,1029,15,5,0.3,MTIM,1.0,1.0,1.0,1.0,5,10,0,0,0.9136363636363637,32.57038478498561,60.713236843351226
figure_ratio,1030,15,5,0.3,MFA,0.8666666666666667,1.0,0.6,0.7499999999999999,3,10,0,2,0.7772727272727272,15.292970347912657,4.791867535335294
figure_ratio,1030,15,5,0.3,FUBA,0.9333333333333333,0.8333333333333334,1.0,0.9090909090909091,5,9,1,0,0.8727272727272727,16.955386938615177,16.68792260726568
figure_ratio,1030,15,5,0.3,GALTrust,0.7333333333333333,1.0,0.2,0.33333333333333337,1,10,0,4,0.7909090909090909,31.64801644052489,39.57218363354466
figure_ratio,1030,15,5,0.3,GDM-DTM,0.8666666666666667,0.8,0.8,0.8000000000000002,4,9,1,1,0.8136363636363636,20.275445758147217,16.67511378289072
figure_ratio,1030,15,5,0.3,LR-Trust,0.9333333333333333,1.0,0.8,0.888888888888889,4,10,0,1,0.8681818181818182,20.173343796412144,18.98280971305831
figure_ratio,1030,15,5,0.3,MLP-Trust,1.0,1.0,1.0,1.0,5,10,0,0,0.8954545454545455,23.979929129416554,36.254936483154395
figure_ratio,1030,15,5,0.3,MTIM,1.0,1.0,1.0,1.0,5,10,0,0,0.9318181818181818,32.715726936159584,61.986849924642044
figure_ratio,1031,15,5,0.3,MFA,0.6666666666666666,0.5,0.8,0.6153846153846154,4,6,4,1,0.8227272727272728,11.918670241734235,16.734514795329574
figure_ratio,1031,15,5,0.3,FUBA,0.7333333333333333,0.5714285714285714,0.8,0.6666666666666666,4,7,3,1,0.8136363636363636,18.250494752507464,14.499825602280858
figure_ratio,1031,15,5,0.3,GALTrust,0.8,1.0,0.4,0.5714285714285715,2,10,0,3,0.7681818181818182,31.297514814158028,37.635829879122284
figure_ratio,1031,15,5,0.3,GDM-DTM,0.6666666666666666,0.5,0.4,0.4444444444444445,2,8,2,3,0.7772727272727272,20.48468448618188,23.01975743808603
figure_ratio,1031,15,5,0.3,LR-Trust,0.6666666666666666,0.5,0.8,0.6153846153846154,4,6,4,1,0.85,21.891563303362606,22.321806709141825
figure_ratio,1031,15,5,0.3,MLP-Trust,0.8666666666666667,0.8,0.8,0.8000000000000002,4,9,1,1,0.8590909090909091,25.25571653697031,36.05466753657948
figure_ratio,1031,15,5,0.3,MTIM,0.8,0.6666666666666666,0.8,0.7272727272727272,4,8,2,1,0.8863636363636364,38.4280486811674,52.191062053989874
figure_ratio,1032,15,5,0.3,MFA,0.7333333333333333,0.6,0.6,0.6,3,8,2,2,0.7272727272727273,13.295918065932012,14.067393870946585
figure_ratio,1032,15,5,0.3,FUBA,1.0,1.0,1.0,1.0,5,10,0,0,0.8772727272727273,21.03734958252152,22.222879386357658
figure_ratio,1032,15,5,0.3,GALTrust,0.7333333333333333,1.0,0.2,0.33333333333333337,1,10,0,4,0.7636363636363637,30.182182666544723,37.52741093944035
figure_ratio,1032,15,5,0.3,GDM-DTM,0.8666666666666667,1.0,0.6,0.7499999999999999,3,10,0,2,0.7863636363636364,15.68987308323605,25.83739993392641
figure_ratio,1032,15,5,0.3,LR-Trust,0.9333333333333333,1.0,0.8,0.888888888888889,4,10,0,1,0.8772727272727273,20.08348280308578,20.968754994212603
figure_ratio,1032,15,5,0.3,MLP-Trust,1.0,1.0,1.0,1.0,5,10,0,0,0.9045454545454545,25.91364006873211,37.091575147121645
figure_ratio,1032,15,5,0.3,MTIM,1.0,1.0,1.0,1.0,5,10,0,0,0.9545454545454546,32.14117351417565,56.07429345582324
figure_ratio,1033,15,5,0.3,MFA,0.6666666666666666,0.5,0.8,0.6153846153846154,4,6,4,1,0.8,12.884676948706048,10.437293082405565
figure_ratio,1033,15,5,0.3,FUBA,0.8,0.625,1.0,0.7692307692307693,5,7,3,0,0.8681818181818182,13.612922223239059,17.702960348115305
figure_ratio,1033,15,5,0.3,GALTrust,0.7333333333333333,1.0,0.2,0.33333333333333337,1,10,0,4,0.6863636363636364,31.082613361985164,42.02400365302007
figure_ratio,1033,15,5,0.3,GDM-DTM,0.9333333333333333,1.0,0.8,0.888888888888889,4,10,0,1,0.8045454545454546,20.463191542623786,23.054243118054085
figure_ratio,1033,15,5,0.3,LR-Trust,0.8,0.75,0.6,0.6666666666666665,3,9,1,2,0.9,21.018501530948992,21.226424527658427
figure_ratio,1033,15,5,0.3,MLP-Trust,1.0,1.0,1.0,1.0,5,10,0,0,0.9363636363636364,26.823763578794765,38.00321387468656
figure_ratio,1033,15,5,0.3,MTIM,1.0,1.0,1.0,1.0,5,10,0,0,0.9272727272727272,31.73609395927847,57.99845509347321
figure_ratio,1034,15,5,0.3,MFA,1.0,1.0,1.0,1.0,5,10,0,0,0.8409090909090909,10.82255154672464,6.68954341333317
figure_ratio,1034,15,5,0.3,FUBA,0.9333333333333333,1.0,0.8,0.888888888888889,4,10,0,1,0.8090909090909091,17.122812639657546,22.72389306830309
figure_ratio,1034,15,5,0.3,GALTrust,0.7333333333333333,1.0,0.2,0.33333333333333337,1,10,0,4,0.7181818181818181,27.7730795186511,39.15702652945475
figure_ratio,1034,15,5,0.3,GDM-DTM,1.0,1.0,1.0,1.0,5,10,0,0,0.8863636363636364,15.469668213694863,21.0253335400277
figure_ratio,1034,15,5,0.3,LR-Trust,1.0,1.0,1.0,1.0,5,10,0,0,0.8909090909090909,22.881158020233478,26.61731164169278
figure_ratio,1034,15,5,0.3,MLP-Trust,1.0,1.0,1.0,1.0,5,10,0,0,0.8954545454545455,25.57610409874492,31.84152874897592
figure_ratio,1034,15,5,0.3,MTIM,1.0,1.0,1.0,1.0,5,10,0,0,0.9363636363636364,32.906843011146584,50.613948136328126
figure_ratio,1035,15,5,0.3,MFA,0.6,0.4444444444444444,0.8,0.5714285714285714,4,5,5,1,0.7090909090909091,9.842530949037167,6.418133691924274
figure_ratio,1035,15,5,0.3,FUBA,0.8,0.75,0.6,0.6666666666666665,3,9,1,2,0.8181818181818182,16.875936390934044,22.774770779137498
figure_ratio,1035,15,5,0.3,GALTrust,0.7333333333333333,1.0,0.2,0.33333333333333337,1,10,0,4,0.6909090909090909,30.61044133239919,40.003060638526605
figure_ratio,1035,15,5,0.3,GDM-DTM,0.7333333333333333,0.5714285714285714,0.8,0.6666666666666666,4,7,3,1,0.7772727272727272,22.594285734490022,18.283482155252365
figure_ratio,1035,15,5,0.3,LR-Trust,0.9333333333333333,1.0,0.8,0.888888888888889,4,10,0,1,0.8727272727272727,22.037757440272546,22.952778817729012
figure_ratio,1035,15,5,0.3,MLP-Trust,0.9333333333333333,0.8333333333333334,1.0,0.9090909090909091,5,9,1,0,0.9227272727272727,29.268445410280947,37.987660543522196
figure_ratio,1035,15,5,0.3,MTIM,0.9333333333333333,0.8333333333333334,1.0,0.9090909090909091,5,9,1,0,0.9454545454545454,33.97844983610001,53.489052486569555
figure_ratio,1036,15,5,0.3,MFA,0.8666666666666667,1.0,0.6,0.7499999999999999,3,10,0,2,0.8227272727272728,12.619726149006011,16.3185008941294
figure_ratio,1036,15,5,0.3,FUBA,0.9333333333333333,1.0,0.8,0.888888888888889,4,10,0,1,0.8272727272727273,17.736163785640212,21.156890535078578
figure_ratio,1036,15,5,0.3,GALTrust,0.8,1.0,0.4,0.5714285714285715,2,10,0,3,0.7727272727272727,34.25515646855347,48.99639600088119
figure_ratio,1036,15,5,0.3,GDM-DTM,0.8,0.75,0.6,0.6666666666666665,3,9,1,2,0.8,18.7259907342573,18.995504694165575
figure_ratio,1036,15,5,0.3,LR-Trust,0.9333333333333333,1.0,0.8,0.888888888888889,4,10,0,1,0.8590909090909091,21.61703652115322,25.07730219616793
figure_ratio,1036,15,5,0.3,MLP-Trust,1.0,1.0,1.0,1.0,5,10,0,0,0.9090909090909091,23.357374140883604,46.9743660401187
figure_ratio,1036,15,5,0.3,MTIM,1.0,1.0,1.0,1.0,5,10,0,0,0.95,32.3871070353975,64.88380680731268
figure_ratio,1037,15,5,0.3,MFA,0.8,0.75,0.6,0.6666666666666665,3,9,1,2,0.7772727272727272,12.378720082838878,10.896594948040063
figure_ratio,1037,15,5,0.3,FUBA,0.8,0.6666666666666666,0.8,0.7272727272727272,4,8,2,1,0.8363636363636363,13.964230303064667,16.074888625430418
figure_ratio,1037,15,5,0.3,GALTrust,0.8,1.0,0.4,0.5714285714285715,2,10,0,3,0.7909090909090909,33.43920335853237,44.33556859902686
figure_ratio,1037,15,5,0.3,GDM-DTM,0.8,0.6666666666666666,0.8,0.7272727272727272,4,8,2,1,0.8136363636363636,19.003959737260722,12.248459191280128
figure_ratio,1037,15,5,0.3,LR-Trust,0.8666666666666667,1.0,0.6,0.7499999999999999,3,10,0,2,0.8272727272727273,18.259041076567016,18.392389645832584
figure_ratio,1037,15,5,0.3,MLP-Trust,1.0,1.0,1.0,1.0,5,10,0,0,0.9,28.020587274882907,35.145881996215735
figure_ratio,1037,15,5,0.3,MTIM,1.0,1.0,1.0,1.0,5,10,0,0,0.9272727272727272,32.16954430587606,58.25491547409792
figure_ratio,1038,15,5,0.3,MFA,0.7333333333333333,0.6666666666666666,0.4,0.5,2,9,1,3,0.7636363636363637,9.898804837575545,13.076270860105703
figure_ratio,1038,15,5,0.3,FUBA,1.0,1.0,1.0,1.0,5,10,0,0,0.9,16.815050087947586,14.208953687081582
figure_ratio,1038,15,5,0.3,GALTrust,0.8,1.0,0.4,0.5714285714285715,2,10,0,3,0.7954545454545454,29.602145110377613,34.953957325910515
figure_ratio,1038,15,5,0.3,GDM-DTM,0.8666666666666667,0.8,0.8,0.8000000000000002,4,9,1,1,0.8090909090909091,19.380864311681844,19.782787133186513
figure_ratio,1038,15,5,0.3,LR-Trust,0.9333333333333333,1.0,0.8,0.888888888888889,4,10,0,1,0.8909090909090909,20.26566301199317,25.247132376685556
figure_ratio,1038,15,5,0.3,MLP-Trust,1.0,1.0,1.0,1.0,5,10,0,0,0.9136363636363637,20.820738160361685,36.59945545769618
figure_ratio,1038,15,5,0.3,MTIM,1.0,1.0,1.0,1.0,5,10,0,0,0.9272727272727272,36.433891935343745,69.12072853311102
figure_ratio,1039,15,5,0.3,MFA,0.7333333333333333,0.5714285714285714,0.8,0.6666666666666666,4,7,3,1,0.8181818181818182,10.817149283645438,10.086326752844704
figure_ratio,1039,15,5,0.3,FUBA,0.7333333333333333,0.6,0.6,0.6,3,8,2,2,0.7909090909090909,15.045133123914272,8.575069880169957
figure_ratio,1039,15,5,0.3,GALTrust,0.8666666666666667,1.0,0.6,0.7499999999999999,3,10,0,2,0.8227272727272728,31.962433539987835,41.91198570539241
figure_ratio,1039,15,5,0.3,GDM-DTM,0.8,0.75,0.6,0.6666666666666665,3,9,1,2,0.7954545454545454,19.54326407403008,17.503856819024083
figure_ratio,1039,15,5,0.3,LR-Trust,0.8,0.6666666666666666,0.8,0.7272727272727272,4,8,2,1,0.8454545454545455,17.97328417797451,25.327103384369178
figure_ratio,1039,15,5,0.3,MLP-Trust,1.0,1.0,1.0,1.0,5,10,0,0,0.8772727272727273,25.37802961705508,36.90220604517003
figure_ratio,1039,15,5,0.3,MTIM,0.9333333333333333,1.0,0.8,0.888888888888889,4,10,0,1,0.8636363636363636,33.46184853693849,53.265698142946135
figure_ratio,1040,15,5,0.3,MFA,0.6,0.42857142857142855,0.6,0.5,3,6,4,2,0.75,13.318810590504436,12.463102985984555
figure_ratio,1040,15,5,0.3,FUBA,0.8666666666666667,0.8,0.8,0.8000000000000002,4,9,1,1,0.8636363636363636,17.419227747488435,17.816405183652567
figure_ratio,1040,15,5,0.3,GALTrust,0.7333333333333333,1.0,0.2,0.33333333333333337,1,10,0,4,0.7136363636363636,29.193862449733384,29.440523675287338
figure_ratio,1040,15,5,0.3,GDM-DTM,0.8666666666666667,0.7142857142857143,1.0,0.8333333333333333,5,8,2,0,0.8363636363636363,19.752541988020077,25.496920482545423
figure_ratio,1040,15,5,0.3,LR-Trust,0.8666666666666667,0.8,0.8,0.8000000000000002,4,9,1,1,0.8772727272727273,23.10794719224815,22.036455779786085
figure_ratio,1040,15,5,0.3,MLP-Trust,1.0,1.0,1.0,1.0,5,10,0,0,0.9,23.86300509473792,33.947523955989446
figure_ratio,1040,15,5,0.3,MTIM,0.9333333333333333,0.8333333333333334,1.0,0.9090909090909091,5,9,1,0,0.9181818181818182,32.82670239862179,61.485974710953656
figure_ratio,1041,15,5,0.3,MFA,0.6666666666666666,0.5,0.6,0.5454545454545454,3,7,3,2,0.8,11.586127668418042,9.586912093040356
figure_ratio,1041,15,5,0.3,FUBA,0.9333333333333333,1.0,0.8,0.888888888888889,4,10,0,1,0.85,17.05609341718392,13.763334375502563
figure_ratio,1041,15,5,0.3,GALTrust,0.8666666666666667,1.0,0.6,0.7499999999999999,3,10,0,2,0.7727272727272727,31.073692215392505,37.478834655265295
figure_ratio,1041,15,5,0.3,GDM-DTM,0.8666666666666667,1.0,0.6,0.7499999999999999,3,10,0,2,0.7636363636363637,20.78950394456832,23.978728876644546
figure_ratio,1041,15,5,0.3,LR-Trust,0.9333333333333333,1.0,0.8,0.888888888888889,4,10,0,1,0.8863636363636364,18.66664223047984,25.042498168935737
figure_ratio,1041,15,5,0.3,MLP-Trust,0.9333333333333333,1.0,0.8,0.888888888888889,4,10,0,1,0.8590909090909091,22.40372357920032,38.64999574321322
figure_ratio,1041,15,5,0.3,MTIM,0.9333333333333333,1.0,0.8,0.888888888888889,4,10,0,1,0.8772727272727273,33.77370435302314,55.120550341759895
figure_ratio,1042,15,5,0.3,MFA,0.8666666666666667,0.8,0.8,0.8000000000000002,4,9,1,1,0.7909090909090909,12.772300625704263,10.518524185388403
figure_ratio,1042,15,5,0.3,FUBA,0.8,0.6666666666666666,0.8,0.7272727272727272,4,8,2,1,0.85,16.604005159867395,19.60586183356481
figure_ratio,1042,15,5,0.3,GALTrust,0.8666666666666667,1.0,0.6,0.7499999999999999,3,10,0,2,0.8136363636363636,32.504709538501466,42.70375119526139
figure_ratio,1042,15,5,0.3,GDM-DTM,0.8,0.75,0.6,0.6666666666666665,3,9,1,2,0.8227272727272728,17.450642216637092,21.866624418670682
figure_ratio,1042,15,5,0.3,LR-Trust,1.0,1.0,1.0,1.0,5,10,0,0,0.9090909090909091,20.705069542019523,19.57655937931092
figure_ratio,1042,15,5,0.3,MLP-Trust,0.9333333333333333,0.8333333333333334,1.0,0.9090909090909091,5,9,1,0,0.9181818181818182,25.993140091780127,37.9515880030987
figure_ratio,1042,15,5,0.3,MTIM,0.9333333333333333,0.8333333333333334,1.0,0.9090909090909091,5,9,1,0,0.9227272727272727,33.700994735918364,58.96112588945433
figure_ratio,1043,15,5,0.3,MFA,1.0,1.0,1.0,1.0,5,10,0,0,0.85,12.993987539946321,16.21097649346283
figure_ratio,1043,15,5,0.3,FUBA,0.9333333333333333,0.8333333333333334,1.0,0.9090909090909091,5,9,1,0,0.8727272727272727,15.860454435881438,16.334622145785847
figure_ratio,1043,15,5,0.3,GALTrust,0.7333333333333333,1.0,0.2,0.33333333333333337,1,10,0,4,0.7818181818181819,29.93248664409274,46.91758482138761
figure_ratio,1043,15,5,0.3,GDM-DTM,0.9333333333333333,0.8333333333333334,1.0,0.9090909090909091,5,9,1,0,0.8454545454545455,20.444210051990453,21.686246065226513
figure_ratio,1043,15,5,0.3,LR-Trust,0.9333333333333333,0.8333333333333334,1.0,0.9090909090909091,5,9,1,0,0.8863636363636364,21.364265594970437,28.141836686354388
figure_ratio,1043,15,5,0.3,MLP-Trust,1.0,1.0,1.0,1.0,5,10,0,0,0.9227272727272727,22.01511363267936,33.105623314533695
figure_ratio,1043,15,5,0.3,MTIM,0.9333333333333333,0.8333333333333334,1.0,0.9090909090909091,5,9,1,0,0.9272727272727272,31.611243746150173,50.1506944322719
figure_ratio,1044,15,5,0.3,MFA,0.7333333333333333,0.6,0.6,0.6,3,8,2,2,0.8181818181818182,9.531671232438093,8.679717748576214
figure_ratio,1044,15,5,0.3,FUBA,0.8,1.0,0.4,0.5714285714285715,2,10,0,3,0.7272727272727273,17.576798542976032,14.3354266011594
figure_ratio,1044,15,5,0.3,GALTrust,0.7333333333333333,1.0,0.2,0.33333333333333337,1,10,0,4,0.7090909090909091,32.34080971407276,41.54888722368573
figure_ratio,1044,15,5,0.3,GDM-DTM,0.8,0.625,1.0,0.7692307692307693,5,7,3,0,0.8818181818181818,20.562408654345788,25.737135631301335
figure_ratio,1044,15,5,0.3,LR-Trust,0.9333333333333333,1.0,0.8,0.888888888888889,4,10,0,1,0.8954545454545455,23.068049687756808,23.86468761113225
figure_ratio,1044,15,5,0.3,MLP-Trust,0.9333333333333333,1.0,0.8,0.888888888888889,4,10,0,1,0.7772727272727272,22.06688805487442,39.91529361661
figure_ratio,1044,15,5,0.3,MTIM,1.0,1.0,1.0,1.0,5,10,0,0,0.9045454545454545,35.173605234169834,57.47495779997661
figure_ratio,1045,15,5,0.3,MFA,0.8,0.6666666666666666,0.8,0.7272727272727272,4,8,2,1,0.8272727272727273,9.814474751916572,3.9542926121284383
figure_ratio,1045,15,5,0.3,FUBA,0.9333333333333333,0.8333333333333334,1.0,0.9090909090909091,5,9,1,0,0.8409090909090909,15.860621106564794,24.618803956075727
figure_ratio,1045,15,5,0.3,GALTrust,0.7333333333333333,1.0,0.2,0.33333333333333337,1,10,0,4,0.7727272727272727,34.032148814239655,38.94840551771725
figure_ratio,1045,15,5,0.3,GDM-DTM,0.7333333333333333,0.6,0.6,0.6,3,8,2,2,0.7681818181818182,20.77010307315166,20.335876542876928
figure_ratio,1045,15,5,0.3,LR-Trust,0.8666666666666667,0.7142857142857143,1.0,0.8333333333333333,5,8,2,0,0.8954545454545455,22.679415779836596,25.10543969356638
figure_ratio,1045,15,5,0.3,MLP-Trust,1.0,1.0,1.0,1.0,5,10,0,0,0.9454545454545454,26.7255249807413,37.35759216788901
figure_ratio,1045,15,5,0.3,MTIM,1.0,1.0,1.0,1.0,5,10,0,0,0.9681818181818181,36.201460280289034,58.047228019015634
figure_ratio,1046,15,5,0.3,MFA,0.6666666666666666,0.5,0.6,0.5454545454545454,3,7,3,2,0.7227272727272728,10.24890932590791,20.75381752912663
figure_ratio,1046,15,5,0.3,FUBA,0.8,0.6666666666666666,0.8,0.7272727272727272,4,8,2,1,0.8090909090909091,18.160077569163803,13.741806720286089
figure_ratio,1046,15,5,0.3,GALTrust,0.8,1.0,0.4,0.5714285714285715,2,10,0,3,0.7727272727272727,31.364131131360285,39.30100356625045
figure_ratio,1046,15,5,0.3,GDM-DTM,0.7333333333333333,0.5714285714285714,0.8,0.6666666666666666,4,7,3,1,0.8045454545454546,18.07050486241332,19.84799228398203
figure_ratio,1046,15,5,0.3,LR-Trust,0.8,0.6666666666666666,0.8,0.7272727272727272,4,8,2,1,0.9136363636363637,23.246202524533718,21.06928023806773
figure_ratio,1046,15,5,0.3,MLP-Trust,1.0,1.0,1.0,1.0,5,10,0,0,0.9136363636363637,26.708078195441857,38.590127993161424
figure_ratio,1046,15,5,0.3,MTIM,1.0,1.0,1.0,1.0,5,10,0,0,0.8954545454545455,36.79130891480335,55.39071632787308
figure_ratio,1047,15,5,0.3,MFA,0.9333333333333333,0.8333333333333334,1.0,0.9090909090909091,5,9,1,0,0.8545454545454545,10.493422000164816,12.082678131741687
figure_ratio,1047,15,5,0.3,FUBA,0.8,0.625,1.0,0.7692307692307693,5,7,3,0,0.8545454545454545,17.338590285844866,17.725026019744114
figure_ratio,1047,15,5,0.3,GALTrust,0.8,1.0,0.4,0.5714285714285715,2,10,0,3,0.7363636363636363,32.66392455124445,42.936105818792285
figure_ratio,1047,15,5,0.3,GDM-DTM,0.8,0.6666666666666666,0.8,0.7272727272727272,4,8,2,1,0.7818181818181819,21.38645379247053,22.570114881764553
figure_ratio,1047,15,5,0.3,LR-Trust,0.7333333333333333,0.5714285714285714,0.8,0.6666666666666666,4,7,3,1,0.8409090909090909,21.795388255521416,27.441361987148262
figure_ratio,1047,15,5,0.3,MLP-Trust,0.9333333333333333,1.0,0.8,0.888888888888889,4,10,0,1,0.8272727272727273,22.500826706219655,42.190353371124104
figure_ratio,1047,15,5,0.3,MTIM,1.0,1.0,1.0,1.0,5,10,0,0,0.9090909090909091,31.73425325879854,52.40181177354723
figure_ratio,1048,15,5,0.3,MFA,0.7333333333333333,0.6666666666666666,0.4,0.5,2,9,1,3,0.7090909090909091,9.275259414971817,6.177629031285131
figure_ratio,1048,15,5,0.3,FUBA,0.8666666666666667,0.7142857142857143,1.0,0.8333333333333333,5,8,2,0,0.9,14.792809778824239,18.773534485996766
figure_ratio,1048,15,5,0.3,GALTrust,0.7333333333333333,1.0,0.2,0.33333333333333337,1,10,0,4,0.7272727272727273,31.667556674496506,42.50854607747449
figure_ratio,1048,15,5,0.3,GDM-DTM,0.8666666666666667,0.8,0.8,0.8000000000000002,4,9,1,1,0.8090909090909091,17.983544680421833,24.26185078771119
figure_ratio,1048,15,5,0.3,LR-Trust,0.9333333333333333,1.0,0.8,0.888888888888889,4,10,0,1,0.9,21.316179339549013,31.945969216454586
figure_ratio,1048,15,5,0.3,MLP-Trust,0.9333333333333333,1.0,0.8,0.888888888888889,4,10,0,1,0.8272727272727273,25.500010830963223,36.61367718301942
figure_ratio,1048,15,5,0.3,MTIM,0.9333333333333333,1.0,0.8,0.888888888888889,4,10,0,1,0.8454545454545455,32.37283276204429,63.1239080552582
figure_ratio,1049,15,5,0.3,MFA,0.8666666666666667,0.8,0.8,0.8000000000000002,4,9,1,1,0.8272727272727273,12.188052040204507,10.55455005685543
figure_ratio,1049,15,5,0.3,FUBA,1.0,1.0,1.0,1.0,5,10,0,0,0.8727272727272727,16.751346709726306,16.031022674198205
figure_ratio,1049,15,5,0.3,GALTrust,0.8666666666666667,1.0,0.6,0.7499999999999999,3,10,0,2,0.8090909090909091,30.887400510212196,36.48398805716052
figure_ratio,1049,15,5,0.3,GDM-DTM,1.0,1.0,1.0,1.0,5,10,0,0,0.8545454545454545,19.73593635325064,26.09063657945711
figure_ratio,1049,15,5,0.3,LR-Trust,1.0,1.0,1.0,1.0,5,10,0,0,0.9409090909090909,19.61182557045013,35.04557060699612
figure_ratio,1049,15,5,0.3,MLP-Trust,1.0,1.0,1.0,1.0,5,10,0,0,0.9136363636363637,24.963986207096326,38.71342264337308
figure_ratio,1049,15,5,0.3,MTIM,1.0,1.0,1.0,1.0,5,10,0,0,0.9181818181818182,32.68104974660018,58.28973869522459
ratio,1000,15,5,0.3,MFA,0.7333333333333333,0.6,0.6,0.6,3,8,2,2,0.7772727272727272,8.851641650304934,19.684003035393246
ratio,1000,15,5,0.3,FUBA,0.8666666666666667,0.7142857142857143,1.0,0.8333333333333333,5,8,2,0,0.8409090909090909,16.948506438164266,18.9642867029369
ratio,1000,15,5,0.3,GALTrust,0.7333333333333333,1.0,0.2,0.33333333333333337,1,10,0,4,0.6772727272727272,27.94664068678791,46.322772982871726
ratio,1000,15,5,0.3,GDM-DTM,0.8666666666666667,0.7142857142857143,1.0,0.8333333333333333,5,8,2,0,0.8681818181818182,19.754795859177193,24.072907619742704
ratio,1000,15,5,0.3,LR-Trust,0.9333333333333333,0.8333333333333334,1.0,0.9090909090909091,5,9,1,0,0.8909090909090909,21.330602447051096,27.590290428662314
ratio,1000,15,5,0.3,MLP-Trust,0.9333333333333333,0.8333333333333334,1.0,0.9090909090909091,5,9,1,0,0.8863636363636364,25.9475890120982,38.24642754144285
ratio,1000,15,5,0.3,MTIM,0.9333333333333333,0.8333333333333334,1.0,0.9090909090909091,5,9,1,0,0.9136363636363637,37.58606634986547,60.579199701434156
ratio,1001,15,5,0.3,MFA,0.6666666666666666,0.5,0.4,0.4444444444444445,2,8,2,3,0.7772727272727272,11.585739319846324,9.233210815902632
ratio,1001,15,5,0.3,FUBA,0.8666666666666667,1.0,0.6,0.7499999999999999,3,10,0,2,0.8318181818181818,16.525035690581465,14.563581286766844
ratio,1001,15,5,0.3,GALTrust,0.7333333333333333,1.0,0.2,0.33333333333333337,1,10,0,4,0.740909090909091,31.40035539756998,35.16495337893679
ratio,1001,15,5,0.3,GDM-DTM,0.8,0.6666666666666666,0.8,0.7272727272727272,4,8,2,1,0.759090909090909,17.966260832269235,16.70430684593421
ratio,1001,15,5,0.3,LR-Trust,1.0,1.0,1.0,1.0,5,10,0,0,0.9045454545454545,23.186021259572325,21.45610652482243
ratio,1001,15,5,0.3,MLP-Trust,0.8666666666666667,0.7142857142857143,1.0,0.8333333333333333,5,8,2,0,0.9,27.316306813611448,37.9885138085915
ratio,1001,15,5,0.3,MTIM,0.9333333333333333,0.8333333333333334,1.0,0.9090909090909091,5,9,1,0,0.9227272727272727,30.626725089439727,58.67577962583009
ratio,1002,15,5,0.3,MFA,0.8666666666666667,1.0,0.6,0.7499999999999999,3,10,0,2,0.7727272727272727,11.853604084000175,3.8582519520100274
ratio,1002,15,5,0.3,FUBA,0.6,0.42857142857142855,0.6,0.5,3,6,4,2,0.8545454545454545,15.920500595905825,23.452486072285513
ratio,1002,15,5,0.3,GALTrust,0.6666666666666666,0.0,0.0,0.0,0,10,0,5,0.6909090909090909,27.235042886433853,40.93783428968736
ratio,1002,15,5,0.3,GDM-DTM,0.8666666666666667,1.0,0.6,0.7499999999999999,3,10,0,2,0.7954545454545454,23.05018303418806,22.423958225121048
ratio,1002,15,5,0.3,LR-Trust,0.8,0.75,0.6,0.6666666666666665,3,9,1,2,0.8409090909090909,23.118305579626945,29.197771828591616
ratio,1002,15,5,0.3,MLP-Trust,0.9333333333333333,0.8333333333333334,1.0,0.9090909090909091,5,9,1,0,0.8818181818181818,26.636697840286878,39.59072096939671
ratio,1002,15,5,0.3,MTIM,0.9333333333333333,0.8333333333333334,1.0,0.9090909090909091,5,9,1,0,0.9409090909090909,35.50997199711533,64.72280211341274
ratio,1003,15,5,0.3,MFA,0.8,0.6666666666666666,0.8,0.7272727272727272,4,8,2,1,0.8090909090909091,11.253957966095408,10.30493089559924
ratio,1003,15,5,0.3,FUBA,0.7333333333333333,0.5714285714285714,0.8,0.6666666666666666,4,7,3,1,0.8272727272727273,15.617253215601474,17.180218391121127
ratio,1003,15,5,0.3,GALTrust,0.7333333333333333,1.0,0.2,0.33333333333333337,1,10,0,4,0.7272727272727273,32.338600142427495,42.58222702895827
ratio,1003,15,5,0.3,GDM-DTM,0.9333333333333333,0.8333333333333334,1.0,0.9090909090909091,5,9,1,0,0.8318181818181818,18.860825789656847,19.19030016989285
ratio,1003,15,5,0.3,LR-Trust,0.9333333333333333,0.8333333333333334,1.0,0.9090909090909091,5,9,1,0,0.9136363636363637,19.775038995792777,28.633092907154104
ratio,1003,15,5,0.3,MLP-Trust,0.9333333333333333,1.0,0.8,0.888888888888889,4,10,0,1,0.85,24.00888732378317,38.15316700910308
ratio,1003,15,5,0.3,MTIM,0.9333333333333333,1.0,0.8,0.888888888888889,4,10,0,1,0.8590909090909091,32.456305196360205,60.34636202868339
ratio,1004,15,5,0.3,MFA,0.8,0.625,1.0,0.7692307692307693,5,7,3,0,0.9,13.449893961599276,13.628844626456296
ratio,1004,15,5,0.3,FUBA,0.7333333333333333,0.6,0.6,0.6,3,8,2,2,0.8090909090909091,13.438441178672061,20.55814036696502
ratio,1004,15,5,0.3,GALTrust,0.7333333333333333,1.0,0.2,0.33333333333333337,1,10,0,4,0.6909090909090909,30.107303356968558,44.12705267202752
ratio,1004,15,5,0.3,GDM-DTM,0.8,0.75,0.6,0.6666666666666665,3,9,1,2,0.7454545454545455,17.799568051648503,25.916872106180907
ratio,1004,15,5,0.3,LR-Trust,0.8666666666666667,0.8,0.8,0.8000000000000002,4,9,1,1,0.9181818181818182,21.142424918928512,20.758132690597634
ratio,1004,15,5,0.3,MLP-Trust,0.9333333333333333,1.0,0.8,0.888888888888889,4,10,0,1,0.8818181818181818,23.307795798068543,38.03341039323101
ratio,1004,15,5,0.3,MTIM,0.8666666666666667,0.8,0.8,0.8000000000000002,4,9,1,1,0.8409090909090909,33.13730225276681,56.37615069107371
ratio,1005,15,5,0.3,MFA,0.6666666666666666,0.5,0.2,0.28571428571428575,1,9,1,4,0.740909090909091,9.452511698626079,6.462280276055192
ratio,1005,15,5,0.3,FUBA,0.7333333333333333,0.6666666666666666,0.4,0.5,2,9,1,3,0.759090909090909,14.104970992115145,12.321125456212389
ratio,1005,15,5,0.3,GALTrust,0.6666666666666666,0.0,0.0,0.0,0,10,0,5,0.7227272727272728,32.57811326114124,41.313384966519735
ratio,1005,15,5,0.3,GDM-DTM,0.8,0.75,0.6,0.6666666666666665,3,9,1,2,0.8090909090909091,20.44096663803223,20.14029157901796
ratio,1005,15,5,0.3,LR-Trust,0.7333333333333333,0.6666666666666666,0.4,0.5,2,9,1,3,0.8,18.11907795554641,22.271431154390687
ratio,1005,15,5,0.3,MLP-Trust,0.8666666666666667,1.0,0.6,0.7499999999999999,3,10,0,2,0.8090909090909091,25.29202959735359,33.15036207230356
ratio,1005,15,5,0.3,MTIM,0.8666666666666667,1.0,0.6,0.7499999999999999,3,10,0,2,0.8136363636363636,34.236706719467634,56.2231369777411
ratio,1006,15,5,0.3,MFA,0.9333333333333333,0.8333333333333334,1.0,0.9090909090909091,5,9,1,0,0.8818181818181818,8.981259278441495,4.922776827515596
ratio,1006,15,5,0.3,FUBA,0.7333333333333333,0.5555555555555556,1.0,0.7142857142857143,5,6,4,0,0.8272727272727273,17.870422196578538,13.632018472670525
ratio,1006,15,5,0.3,GALTrust,0.8666666666666667,1.0,0.6,0.7499999999999999,3,10,0,2,0.8,33.73942260178775,42.88217014414031
ratio,1006,15,5,0.3,GDM-DTM,0.8666666666666667,0.8,0.8,0.8000000000000002,4,9,1,1,0.7909090909090909,16.503921879530306,27.062780845454025
ratio,1006,15,5,0.3,LR-Trust,0.8666666666666667,0.7142857142857143,1.0,0.8333333333333333,5,8,2,0,0.8636363636363636,24.670786948983263,26.58194090375264
ratio,1006,15,5,0.3,MLP-Trust,0.8666666666666667,0.7142857142857143,1.0,0.8333333333333333,5,8,2,0,0.8954545454545455,24.693038095986793,31.545779684068464
ratio,1006,15,5,0.3,MTIM,0.8666666666666667,0.7142857142857143,1.0,0.8333333333333333,5,8,2,0,0.9272727272727272,31.963025401950535,62.124969600521396
ratio,1007,15,5,0.3,MFA,0.9333333333333333,0.8333333333333334,1.0,0.9090909090909091,5,9,1,0,0.8909090909090909,10.450606331322266,9.179553871266526
ratio,1007,15,5,0.3,FUBA,0.8,1.0,0.4,0.5714285714285715,2,10,0,3,0.75,15.502400677221903,14.566083896202727
ratio,1007,15,5,0.3,GALTrust,0.7333333333333333,1.0,0.2,0.33333333333333337,1,10,0,4,0.7227272727272728,30.210235752998624,32.43139726727676
ratio,1007,15,5,0.3,GDM-DTM,0.8666666666666667,1.0,0.6,0.7499999999999999,3,10,0,2,0.7954545454545454,19.395770681573687,31.93487395057408
ratio,1007,15,5,0.3,LR-Trust,0.8,0.75,0.6,0.6666666666666665,3,9,1,2,0.8272727272727273,22.450414112142763,23.99089368900234
ratio,1007,15,5,0.3,MLP-Trust,0.9333333333333333,1.0,0.8,0.888888888888889,4,10,0,1,0.8181818181818182,25.10319040930479,40.05162999467708
ratio,1007,15,5,0.3,MTIM,0.9333333333333333,1.0,0.8,0.888888888888889,4,10,0,1,0.8772727272727273,37.07990372896636,57.77026192392041
ratio,1008,15,5,0.3,MFA,0.8,1.0,0.4,0.5714285714285715,2,10,0,3,0.7772727272727272,13.533705347784077,12.341364293207139
ratio,1008,15,5,0.3,FUBA,0.7333333333333333,0.6,0.6,0.6,3,8,2,2,0.7227272727272728,12.663251081582125,6.654588718681314
ratio,1008,15,5,0.3,GALTrust,0.6666666666666666,0.0,0.0,0.0,0,10,0,5,0.7136363636363636,32.65041687873053,38.67458206345009
ratio,1008,15,5,0.3,GDM-DTM,0.8666666666666667,0.8,0.8,0.8000000000000002,4,9,1,1,0.7818181818181819,18.941147408289638,18.39997676199101
ratio,1008,15,5,0.3,LR-Trust,0.8,0.75,0.6,0.6666666666666665,3,9,1,2,0.8363636363636363,24.11335687297183,26.708291261671533
ratio,1008,15,5,0.3,MLP-Trust,0.8666666666666667,0.8,0.8,0.8000000000000002,4,9,1,1,0.85,25.01547690391327,39.174811642589354
ratio,1008,15,5,0.3,MTIM,0.8666666666666667,0.8,0.8,0.8000000000000002,4,9,1,1,0.8681818181818182,32.8021917585565,57.57830549733596
ratio,1009,15,5,0.3,MFA,0.9333333333333333,1.0,0.8,0.888888888888889,4,10,0,1,0.8090909090909091,11.85076505045124,15.69867786697795
ratio,1009,15,5,0.3,FUBA,0.9333333333333333,1.0,0.8,0.888888888888889,4,10,0,1,0.8545454545454545,16.571073986457293,21.95257670360562
ratio,1009,15,5,0.3,GALTrust,0.6666666666666666,0.0,0.0,0.0,0,10,0,5,0.7636363636363637,31.752904596992092,48.02605201975853
ratio,1009,15,5,0.3,GDM-DTM,0.9333333333333333,0.8333333333333334,1.0,0.9090909090909091,5,9,1,0,0.8545454545454545,20.461531473232455,18.250691087805272
ratio,1009,15,5,0.3,LR-Trust,0.9333333333333333,1.0,0.8,0.888888888888889,4,10,0,1,0.8727272727272727,21.538505538649336,31.633006489560806
ratio,1009,15,5,0.3,MLP-Trust,0.8666666666666667,0.8,0.8,0.8000000000000002,4,9,1,1,0.85,22.166118651604123,28.906806445802292
ratio,1009,15,5,0.3,MTIM,0.9333333333333333,0.8333333333333334,1.0,0.9090909090909091,5,9,1,0,0.9090909090909091,34.69933370122343,60.47447375241575
ratio,1010,15,5,0.3,MFA,0.7333333333333333,0.6666666666666666,0.4,0.5,2,9,1,3,0.7454545454545455,12.41360629842454,14.431630303834366
ratio,1010,15,5,0.3,FUBA,0.9333333333333333,0.8333333333333334,1.0,0.9090909090909091,5,9,1,0,0.8318181818181818,16.855238625003658,18.125376197828473
ratio,1010,15,5,0.3,GALTrust,0.7333333333333333,1.0,0.2,0.33333333333333337,1,10,0,4,0.7818181818181819,35.59229165395588,40.83082540552283
ratio,1010,15,5,0.3,GDM-DTM,0.8666666666666667,1.0,0.6,0.7499999999999999,3,10,0,2,0.7681818181818182,21.508811195268514,18.7119561395091
ratio,1010,15,5,0.3,LR-Trust,0.8666666666666667,0.8,0.8,0.8000000000000002,4,9,1,1,0.8818181818181818,22.477033278473968,24.907587974893488
ratio,1010,15,5,0.3,MLP-Trust,1.0,1.0,1.0,1.0,5,10,0,0,0.8636363636363636,28.608151629119234,30.133973750448945
ratio,1010,15,5,0.3,MTIM,1.0,1.0,1.0,1.0,5,10,0,0,0.9090909090909091,36.9453700402446,61.1002417258654
ratio,1011,15,5,0.3,MFA,0.9333333333333333,1.0,0.8,0.888888888888889,4,10,0,1,0.8045454545454546,10.196122033421458,1.8753233459861463
ratio,1011,15,5,0.3,FUBA,0.7333333333333333,0.6666666666666666,0.4,0.5,2,9,1,3,0.7727272727272727,17.50483606805648,17.598969438837017
ratio,1011,15,5,0.3,GALTrust,0.8,1.0,0.4,0.5714285714285715,2,10,0,3,0.7545454545454545,30.12209435097815,42.88981898931936
ratio,1011,15,5,0.3,GDM-DTM,0.7333333333333333,0.6,0.6,0.6,3,8,2,2,0.7818181818181819,19.826751343597067,17.386900961055034
ratio,1011,15,5,0.3,LR-Trust,0.8,0.6666666666666666,0.8,0.7272727272727272,4,8,2,1,0.8045454545454546,23.13697720821185,21.983094389234306
ratio,1011,15,5,0.3,MLP-Trust,1.0,1.0,1.0,1.0,5,10,0,0,0.9,24.792634037670197,38.19174864580198
ratio,1011,15,5,0.3,MTIM,1.0,1.0,1.0,1.0,5,10,0,0,0.9363636363636364,34.935172228012696,55.95352416564387
ratio,1012,15,5,0.3,MFA,0.8,0.6666666666666666,0.8,0.7272727272727272,4,8,2,1,0.8545454545454545,9.375191674621334,7.89930915970305
ratio,1012,15,5,0.3,FUBA,0.8666666666666667,0.7142857142857143,1.0,0.8333333333333333,5,8,2,0,0.8454545454545455,16.027807794617235,19.56449997893478
ratio,1012,15,5,0.3,GALTrust,0.7333333333333333,1.0,0.2,0.33333333333333337,1,10,0,4,0.8045454545454546,33.21388783097024,45.97217862914867
ratio,1012,15,5,0.3,GDM-DTM,0.9333333333333333,0.8333333333333334,1.0,0.9090909090909091,5,9,1,0,0.8318181818181818,19.50346284870245,23.692198849156483
ratio,1012,15,5,0.3,LR-Trust,0.9333333333333333,1.0,0.8,0.888888888888889,4,10,0,1,0.8545454545454545,21.081396404582826,24.046650805141244
ratio,1012,15,5,0.3,MLP-Trust,0.9333333333333333,1.0,0.8,0.888888888888889,4,10,0,1,0.9,26.827085652561625,33.34307533894814
ratio,1012,15,5,0.3,MTIM,0.9333333333333333,1.0,0.8,0.888888888888889,4,10,0,1,0.8772727272727273,34.04707982137022,60.84537539123918
ratio,1013,15,5,0.3,MFA,0.7333333333333333,0.6,0.6,0.6,3,8,2,2,0.8045454545454546,13.78814762437187,9.97401976769356
ratio,1013,15,5,0.3,FUBA,0.8666666666666667,0.8,0.8,0.8000000000000002,4,9,1,1,0.7909090909090909,18.339385041878234,14.53872455134571
ratio,1013,15,5,0.3,GALTrust,0.6666666666666666,0.0,0.0,0.0,0,10,0,5,0.75,31.933440941128886,37.14089420855876
ratio,1013,15,5,0.3,GDM-DTM,0.9333333333333333,0.8333333333333334,1.0,0.9090909090909091,5,9,1,0,0.8454545454545455,18.69332463904539,24.624078037460848
ratio,1013,15,5,0.3,LR-Trust,0.9333333333333333,0.8333333333333334,1.0,0.9090909090909091,5,9,1,0,0.9045454545454545,21.176808479438034,23.126313600856363
ratio,1013,15,5,0.3,MLP-Trust,0.9333333333333333,0.8333333333333334,1.0,0.9090909090909091,5,9,1,0,0.9090909090909091,24.678947422800043,40.692135420740534
ratio,1013,15,5,0.3,MTIM,0.9333333333333333,0.8333333333333334,1.0,0.9090909090909091,5,9,1,0,0.9454545454545454,35.286124007206766,59.57330600945626
ratio,1014,15,5,0.3,MFA,0.8666666666666667,1.0,0.6,0.7499999999999999,3,10,0,2,0.8272727272727273,12.537647350761809,9.148777142708175
ratio,1014,15,5,0.3,FUBA,0.8666666666666667,0.8,0.8,0.8000000000000002,4,9,1,1,0.8409090909090909,16.507765774577788,10.66400883001147
ratio,1014,15,5,0.3,GALTrust,0.7333333333333333,1.0,0.2,0.33333333333333337,1,10,0,4,0.7772727272727272,33.966873942788304,48.024289454083025
ratio,1014,15,5,0.3,GDM-DTM,0.8666666666666667,1.0,0.6,0.7499999999999999,3,10,0,2,0.8318181818181818,17.205208520136967,23.08103378188686
ratio,1014,15,5,0.3,LR-Trust,0.9333333333333333,1.0,0.8,0.888888888888889,4,10,0,1,0.8772727272727273,22.275169016259785,27.969580599543455
ratio,1014,15,5,0.3,MLP-Trust,0.9333333333333333,0.8333333333333334,1.0,0.9090909090909091,5,9,1,0,0.8727272727272727,27.29167173937246,40.26319924941397
ratio,1014,15,5,0.3,MTIM,0.8666666666666667,0.8,0.8,0.8000000000000002,4,9,1,1,0.8727272727272727,34.369199466757316,64.8685152155984
ratio,1015,15,5,0.3,MFA,0.9333333333333333,1.0,0.8,0.888888888888889,4,10,0,1,0.8409090909090909,13.538180876009434,9.749070566205834
ratio,1015,15,5,0.3,FUBA,0.9333333333333333,0.8333333333333334,1.0,0.9090909090909091,5,9,1,0,0.8772727272727273,17.700991175136064,15.242629034463198
ratio,1015,15,5,0.3,GALTrust,0.8,1.0,0.4,0.5714285714285715,2,10,0,3,0.8,34.09599164887044,41.01457383825977
ratio,1015,15,5,0.3,GDM-DTM,1.0,1.0,1.0,1.0,5,10,0,0,0.9,16.422669270219426,20.531267197979865
ratio,1015,15,5,0.3,LR-Trust,1.0,1.0,1.0,1.0,5,10,0,0,0.9181818181818182,16.55425525511406,23.52892059446015
ratio,1015,15,5,0.3,MLP-Trust,1.0,1.0,1.0,1.0,5,10,0,0,0.9318181818181818,25.080641073924866,30.443040999849142
ratio,1015,15,5,0.3,MTIM,1.0,1.0,1.0,1.0,5,10,0,0,0.9454545454545454,33.05568597314505,56.30463009035132
ratio,1016,15,5,0.3,MFA,0.8666666666666667,1.0,0.6,0.7499999999999999,3,10,0,2,0.7681818181818182,9.199978682200372,13.496388599544835
ratio,1016,15,5,0.3,FUBA,0.7333333333333333,0.6666666666666666,0.4,0.5,2,9,1,3,0.7681818181818182,14.24964208020728,19.007037781457818
ratio,1016,15,5,0.3,GALTrust,0.7333333333333333,1.0,0.2,0.33333333333333337,1,10,0,4,0.7545454545454545,30.635727453328954,35.96516639767085
ratio,1016,15,5,0.3,GDM-DTM,0.8,0.75,0.6,0.6666666666666665,3,9,1,2,0.7818181818181819,17.95514176978827,26.85150411625863
ratio,1016,15,5,0.3,LR-Trust,0.7333333333333333,0.6666666666666666,0.4,0.5,2,9,1,3,0.8363636363636363,23.210950034061078,19.366350146281597
ratio,1016,15,5,0.3,MLP-Trust,0.9333333333333333,1.0,0.8,0.888888888888889,4,10,0,1,0.8045454545454546,21.293171994814934,30.621655214622844
ratio,1016,15,5,0.3,MTIM,0.9333333333333333,1.0,0.8,0.888888888888889,4,10,0,1,0.85,33.226628346764805,53.963455045204086
ratio,1017,15,5,0.3,MFA,0.9333333333333333,1.0,0.8,0.888888888888889,4,10,0,1,0.8136363636363636,11.585842935747106,5.148895563440727
ratio,1017,15,5,0.3,FUBA,0.7333333333333333,0.5714285714285714,0.8,0.6666666666666666,4,7,3,1,0.7636363636363637,15.316524058495242,17.589403845235918
ratio,1017,15,5,0.3,GALTrust,0.8,1.0,0.4,0.5714285714285715,2,10,0,3,0.7636363636363637,30.082629123857338,35.230090807262314
ratio,1017,15,5,0.3,GDM-DTM,0.8666666666666667,0.8,0.8,0.8000000000000002,4,9,1,1,0.8136363636363636,19.029672571870886,18.58810928451066
ratio,1017,15,5,0.3,LR-Trust,1.0,1.0,1.0,1.0,5,10,0,0,0.8818181818181818,20.917496682686323,26.39565875376041
ratio,1017,15,5,0.3,MLP-Trust,1.0,1.0,1.0,1.0,5,10,0,0,0.8909090909090909,27.983459827878704,28.632569110986232
ratio,1017,15,5,0.3,MTIM,0.9333333333333333,0.8333333333333334,1.0,0.9090909090909091,5,9,1,0,0.9318181818181818,32.02019866742041,67.79838197974058
ratio,1018,15,5,0.3,MFA,0.8,0.75,0.6,0.6666666666666665,3,9,1,2,0.7681818181818182,10.51431490449109,13.689497239521481
ratio,1018,15,5,0.3,FUBA,0.8666666666666667,0.7142857142857143,1.0,0.8333333333333333,5,8,2,0,0.8227272727272728,19.385672074008394,16.97313657257282
ratio,1018,15,5,0.3,GALTrust,0.8,1.0,0.4,0.5714285714285715,2,10,0,3,0.8136363636363636,30.82707872267705,39.235248761130876
ratio,1018,15,5,0.3,GDM-DTM,1.0,1.0,1.0,1.0,5,10,0,0,0.8681818181818182,21.16895877438625,17.53493244842938
ratio,1018,15,5,0.3,LR-Trust,0.8666666666666667,0.8,0.8,0.8000000000000002,4,9,1,1,0.9227272727272727,17.763563785382075,28.840096709206755
ratio,1018,15,5,0.3,MLP-Trust,0.8,0.6666666666666666,0.8,0.7272727272727272,4,8,2,1,0.85,27.00325243663539,35.51713166235986
ratio,1018,15,5,0.3,MTIM,0.8666666666666667,0.7142857142857143,1.0,0.8333333333333333,5,8,2,0,0.9,35.56612672084859,60.13846847626986
ratio,1019,15,5,0.3,MFA,0.8,0.75,0.6,0.6666666666666665,3,9,1,2,0.7545454545454545,10.612919630642761,12.996882405788824
ratio,1019,15,5,0.3,FUBA,0.8666666666666667,0.8,0.8,0.8000000000000002,4,9,1,1,0.8227272727272728,19.3307333375144,15.79247365858683
ratio,1019,15,5,0.3,GALTrust,0.8,1.0,0.4,0.5714285714285715,2,10,0,3,0.7545454545454545,29.699883918282502,39.70471496723645
ratio,1019,15,5,0.3,GDM-DTM,0.7333333333333333,0.6,0.6,0.6,3,8,2,2,0.7772727272727272,18.93587142449751,22.556421225033937
ratio,1019,15,5,0.3,LR-Trust,0.6666666666666666,0.5,0.4,0.4444444444444445,2,8,2,3,0.7818181818181819,22.85397886752787,19.803240147854535
ratio,1019,15,5,0.3,MLP-Trust,0.8666666666666667,0.8,0.8,0.8000000000000002,4,9,1,1,0.8181818181818182,25.527079294975753,37.835520074158325
ratio,1019,15,5,0.3,MTIM,0.8666666666666667,0.8,0.8,0.8000000000000002,4,9,1,1,0.8227272727272728,34.494541502033485,63.385964620968025
ratio,1020,15,5,0.3,MFA,0.6666666666666666,0.5,0.4,0.4444444444444445,2,8,2,3,0.6909090909090909,11.921689764411331,7.659528549865033
ratio,1020,15,5,0.3,FUBA,0.8,0.75,0.6,0.6666666666666665,3,9,1,2,0.7909090909090909,18.615782176207947,14.47188745673121
ratio,1020,15,5,0.3,GALTrust,0.7333333333333333,1.0,0.2,0.33333333333333337,1,10,0,4,0.75,32.448345712058924,40.319198974268765
ratio,1020,15,5,0.3,GDM-DTM,0.8666666666666667,0.8,0.8,0.8000000000000002,4,9,1,1,0.8181818181818182,17.60952715234482,20.38215897045707
ratio,1020,15,5,0.3,LR-Trust,0.9333333333333333,1.0,0.8,0.888888888888889,4,10,0,1,0.8727272727272727,22.82528957042622,25.892244118018265
ratio,1020,15,5,0.3,MLP-Trust,0.9333333333333333,0.8333333333333334,1.0,0.9090909090909091,5,9,1,0,0.8636363636363636,23.519061409824936,34.609031015899234
ratio,1020,15,5,0.3,MTIM,0.8666666666666667,0.8,0.8,0.8000000000000002,4,9,1,1,0.9090909090909091,34.82275906613788,52.511135792813
ratio,1021,15,5,0.3,MFA,0.8,0.75,0.6,0.6666666666666665,3,9,1,2,0.8181818181818182,7.989694813351067,9.46889514607456
ratio,1021,15,5,0.3,FUBA,0.7333333333333333,0.6,0.6,0.6,3,8,2,2,0.8227272727272728,14.835713202169563,8.990805254150475
ratio,1021,15,5,0.3,GALTrust,0.6666666666666666,0.0,0.0,0.0,0,10,0,5,0.7045454545454546,29.66370647720039,41.586235530895294
ratio,1021,15,5,0.3,GDM-DTM,0.7333333333333333,0.6,0.6,0.6,3,8,2,2,0.7545454545454545,20.246945740453587,23.527894662653566
ratio,1021,15,5,0.3,LR-Trust,0.6666666666666666,0.5,0.4,0.4444444444444445,2,8,2,3,0.8090909090909091,20.65035906330137,25.486247332330173
ratio,1021,15,5,0.3,MLP-Trust,0.9333333333333333,1.0,0.8,0.888888888888889,4,10,0,1,0.8454545454545455,25.61381761964776,36.55590671820137
ratio,1021,15,5,0.3,MTIM,0.9333333333333333,1.0,0.8,0.888888888888889,4,10,0,1,0.8181818181818182,36.00309816927149,58.80257815479069
ratio,1022,15,5,0.3,MFA,0.8666666666666667,0.8,0.8,0.8000000000000002,4,9,1,1,0.7954545454545454,8.599539928004978,1.0
ratio,1022,15,5,0.3,FUBA,0.8666666666666667,0.7142857142857143,1.0,0.8333333333333333,5,8,2,0,0.8454545454545455,17.437393332184726,19.47002352025164
ratio,1022,15,5,0.3,GALTrust,0.7333333333333333,1.0,0.2,0.33333333333333337,1,10,0,4,0.7954545454545454,30.434406151205565,39.778543710166645
ratio,1022,15,5,0.3,GDM-DTM,0.9333333333333333,1.0,0.8,0.888888888888889,4,10,0,1,0.8136363636363636,21.522182463367052,19.21456530125642
ratio,1022,15,5,0.3,LR-Trust,1.0,1.0,1.0,1.0,5,10,0,0,0.9181818181818182,22.11906458480826,22.56163092042473
ratio,1022,15,5,0.3,MLP-Trust,1.0,1.0,1.0,1.0,5,10,0,0,0.9409090909090909,24.905377063356163,33.85203161902835
ratio,1022,15,5,0.3,MTIM,1.0,1.0,1.0,1.0,5,10,0,0,0.9227272727272727,35.3397165042847,61.98066093913579
ratio,1023,15,5,0.3,MFA,0.6666666666666666,0.5,0.4,0.4444444444444445,2,8,2,3,0.7181818181818181,9.208134919373009,9.659765274730692
ratio,1023,15,5,0.3,FUBA,0.8,0.75,0.6,0.6666666666666665,3,9,1,2,0.7727272727272727,17.812503931269703,26.627284154525686
ratio,1023,15,5,0.3,GALTrust,0.6666666666666666,0.5,0.2,0.28571428571428575,1,9,1,4,0.7227272727272728,29.5504795494602,40.874548319767904
ratio,1023,15,5,0.3,GDM-DTM,0.7333333333333333,0.6,0.6,0.6,3,8,2,2,0.7681818181818182,17.786536074043763,23.046250821896102
ratio,1023,15,5,0.3,LR-Trust,0.7333333333333333,0.6666666666666666,0.4,0.5,2,9,1,3,0.8363636363636363,19.830234434492635,17.722566750647612
ratio,1023,15,5,0.3,MLP-Trust,0.9333333333333333,1.0,0.8,0.888888888888889,4,10,0,1,0.9227272727272727,22.70054555464655,34.25877764220185
ratio,1023,15,5,0.3,MTIM,0.9333333333333333,1.0,0.8,0.888888888888889,4,10,0,1,0.8727272727272727,34.64449347920117,51.50718238451068
ratio,1024,15,5,0.3,MFA,0.8,0.6666666666666666,0.8,0.7272727272727272,4,8,2,1,0.8681818181818182,6.701938813466032,14.04853732445411
ratio,1024,15,5,0.3,FUBA,0.8666666666666667,0.8,0.8,0.8000000000000002,4,9,1,1,0.8227272727272728,14.794710080863716,13.849913113064094
ratio,1024,15,5,0.3,GALTrust,0.8,1.0,0.4,0.5714285714285715,2,10,0,3,0.8045454545454546,33.51180242989609,38.88520747584006
ratio,1024,15,5,0.3,GDM-DTM,0.8,0.6666666666666666,0.8,0.7272727272727272,4,8,2,1,0.85,23.17849009668505,20.685416481267758
ratio,1024,15,5,0.3,LR-Trust,0.9333333333333333,1.0,0.8,0.888888888888889,4,10,0,1,0.9181818181818182,21.847896513179496,27.832313965679703
ratio,1024,15,5,0.3,MLP-Trust,1.0,1.0,1.0,1.0,5,10,0,0,0.9409090909090909,25.560414456830806,33.13871391537952
ratio,1024,15,5,0.3,MTIM,1.0,1.0,1.0,1.0,5,10,0,0,0.9363636363636364,34.828117456800186,56.320649366441216
ratio,1025,15,5,0.3,MFA,0.8666666666666667,0.8,0.8,0.8000000000000002,4,9,1,1,0.8,11.736612071611614,10.67587307499436
ratio,1025,15,5,0.3,FUBA,1.0,1.0,1.0,1.0,5,10,0,0,0.8772727272727273,19.62020085805415,16.415664849957118
ratio,1025,15,5,0.3,GALTrust,0.8666666666666667,1.0,0.6,0.7499999999999999,3,10,0,2,0.8772727272727273,32.12193394423344,36.72860598092464
ratio,1025,15,5,0.3,GDM-DTM,0.9333333333333333,1.0,0.8,0.888888888888889,4,10,0,1,0.8,20.702592537605646,29.482032416049694
ratio,1025,15,5,0.3,LR-Trust,0.9333333333333333,0.8333333333333334,1.0,0.9090909090909091,5,9,1,0,0.9090909090909091,19.45308262532683,23.399408072416616
ratio,1025,15,5,0.3,MLP-Trust,0.9333333333333333,0.8333333333333334,1.0,0.9090909090909091,5,9,1,0,0.9090909090909091,27.85281372945868,35.41522593848991
ratio,1025,15,5,0.3,MTIM,0.9333333333333333,0.8333333333333334,1.0,0.9090909090909091,5,9,1,0,0.9272727272727272,32.55880030103473,57.98605622001496
ratio,1026,15,5,0.3,MFA,0.9333333333333333,0.8333333333333334,1.0,0.9090909090909091,5,9,1,0,0.8545454545454545,11.261247727269012,1.5105198147818868
ratio,1026,15,5,0.3,FUBA,0.8666666666666667,0.8,0.8,0.8000000000000002,4,9,1,1,0.8454545454545455,19.30318383109883,18.419124412894558
ratio,1026,15,5,0.3,GALTrust,0.8666666666666667,1.0,0.6,0.7499999999999999,3,10,0,2,0.7681818181818182,31.7099992973359,41.183250760282725
ratio,1026,15,5,0.3,GDM-DTM,0.9333333333333333,0.8333333333333334,1.0,0.9090909090909091,5,9,1,0,0.9181818181818182,19.27013838172441,16.433644069501646
ratio,1026,15,5,0.3,LR-Trust,1.0,1.0,1.0,1.0,5,10,0,0,0.9090909090909091,20.16633142272785,19.58845358750915
ratio,1026,15,5,0.3,MLP-Trust,1.0,1.0,1.0,1.0,5,10,0,0,0.8772727272727273,28.663785902812382,33.35680470986764
ratio,1026,15,5,0.3,MTIM,1.0,1.0,1.0,1.0,5,10,0,0,0.9227272727272727,34.84608167524025,58.31067883382576
ratio,1027,15,5,0.3,MFA,0.8,0.75,0.6,0.6666666666666665,3,9,1,2,0.7818181818181819,13.715284008291361,6.828106678196952
ratio,1027,15,5,0.3,FUBA,0.7333333333333333,0.6666666666666666,0.4,0.5,2,9,1,3,0.7772727272727272,17.28121426895097,19.09256296233915
ratio,1027,15,5,0.3,GALTrust,0.7333333333333333,1.0,0.2,0.33333333333333337,1,10,0,4,0.7363636363636363,31.7883248061673,47.23832482573797
ratio,1027,15,5,0.3,GDM-DTM,0.7333333333333333,0.6,0.6,0.6,3,8,2,2,0.8318181818181818,19.080991332070166,21.568375213014402
ratio,1027,15,5,0.3,LR-Trust,0.8,0.6666666666666666,0.8,0.7272727272727272,4,8,2,1,0.8681818181818182,23.957648243797824,28.73960803268004
ratio,1027,15,5,0.3,MLP-Trust,0.8,0.625,1.0,0.7692307692307693,5,7,3,0,0.8909090909090909,24.912300660124732,30.197374341621483
ratio,1027,15,5,0.3,MTIM,0.8,0.625,1.0,0.7692307692307693,5,7,3,0,0.9227272727272727,32.96190350246606,53.643026824400856
ratio,1028,15,5,0.3,MFA,0.7333333333333333,0.6666666666666666,0.4,0.5,2,9,1,3,0.7727272727272727,14.071726037697868,16.23055426373156
ratio,1028,15,5,0.3,FUBA,0.9333333333333333,1.0,0.8,0.888888888888889,4,10,0,1,0.8227272727272728,16.06885847059717,18.365619705655703
ratio,1028,15,5,0.3,GALTrust,0.8,1.0,0.4,0.5714285714285715,2,10,0,3,0.7454545454545455,29.33909019022455,38.67269962231979
ratio,1028,15,5,0.3,GDM-DTM,0.8666666666666667,0.8,0.8,0.8000000000000002,4,9,1,1,0.8090909090909091,18.42890985810609,17.413212208957518
ratio,1028,15,5,0.3,LR-Trust,0.9333333333333333,0.8333333333333334,1.0,0.9090909090909091,5,9,1,0,0.9045454545454545,21.455674024447728,22.543721068862315
ratio,1028,15,5,0.3,MLP-Trust,1.0,1.0,1.0,1.0,5,10,0,0,0.8954545454545455,27.07881679834042,37.4630765264163
ratio,1028,15,5,0.3,MTIM,1.0,1.0,1.0,1.0,5,10,0,0,0.9227272727272727,33.67227293974743,54.396236430716414
ratio,1029,15,5,0.3,MFA,0.9333333333333333,1.0,0.8,0.888888888888889,4,10,0,1,0.8136363636363636,13.080029257565593,8.438446293730994
ratio,1029,15,5,0.3,FUBA,0.9333333333333333,1.0,0.8,0.888888888888889,4,10,0,1,0.8,17.413426888874103,21.8336644756933
ratio,1029,15,5,0.3,GALTrust,0.8,1.0,0.4,0.5714285714285715,2,10,0,3,0.7363636363636363,31.158351196279895,43.217976793657414
ratio,1029,15,5,0.3,GDM-DTM,0.9333333333333333,1.0,0.8,0.888888888888889,4,10,0,1,0.8318181818181818,20.401853807973094,18.412670742744066
ratio,1029,15,5,0.3,LR-Trust,0.9333333333333333,1.0,0.8,0.888888888888889,4,10,0,1,0.8863636363636364,20.86741968811767,27.189086802581887
ratio,1029,15,5,0.3,MLP-Trust,0.9333333333333333,1.0,0.8,0.888888888888889,4,10,0,1,0.8909090909090909,25.194143188187518,34.99717434808378
ratio,1029,15,5,0.3,MTIM,1.0,1.0,1.0,1.0,5,10,0,0,0.9136363636363637,32.57038478498561,60.713236843351226
ratio,1030,15,5,0.3,MFA,0.8666666666666667,1.0,0.6,0.7499999999999999,3,10,0,2,0.7772727272727272,15.292970347912657,4.791867535335294
ratio,1030,15,5,0.3,FUBA,0.9333333333333333,0.8333333333333334,1.0,0.9090909090909091,5,9,1,0,0.8727272727272727,16.955386938615177,16.68792260726568
ratio,1030,15,5,0.3,GALTrust,0.7333333333333333,1.0,0.2,0.33333333333333337,1,10,0,4,0.7909090909090909,31.64801644052489,39.57218363354466
ratio,1030,15,5,0.3,GDM-DTM,0.8666666666666667,0.8,0.8,0.8000000000000002,4,9,1,1,0.8136363636363636,20.275445758147217,16.67511378289072
ratio,1030,15,5,0.3,LR-Trust,0.9333333333333333,1.0,0.8,0.888888888888889,4,10,0,1,0.8681818181818182,20.173343796412144,18.98280971305831
ratio,1030,15,5,0.3,MLP-Trust,1.0,1.0,1.0,1.0,5,10,0,0,0.8954545454545455,23.979929129416554,36.254936483154395
ratio,1030,15,5,0.3,MTIM,1.0,1.0,1.0,1.0,5,10,0,0,0.9318181818181818,32.715726936159584,61.986849924642044
ratio,1031,15,5,0.3,MFA,0.6666666666666666,0.5,0.8,0.6153846153846154,4,6,4,1,0.8227272727272728,11.918670241734235,16.734514795329574
ratio,1031,15,5,0.3,FUBA,0.7333333333333333,0.5714285714285714,0.8,0.6666666666666666,4,7,3,1,0.8136363636363636,18.250494752507464,14.499825602280858
ratio,1031,15,5,0.3,GALTrust,0.8,1.0,0.4,0.5714285714285715,2,10,0,3,0.7681818181818182,31.297514814158028,37.635829879122284
ratio,1031,15,5,0.3,GDM-DTM,0.6666666666666666,0.5,0.4,0.4444444444444445,2,8,2,3,0.7772727272727272,20.48468448618188,23.01975743808603
ratio,1031,15,5,0.3,LR-Trust,0.6666666666666666,0.5,0.8,0.6153846153846154,4,6,4,1,0.85,21.891563303362606,22.321806709141825
ratio,1031,15,5,0.3,MLP-Trust,0.8666666666666667,0.8,0.8,0.8000000000000002,4,9,1,1,0.8590909090909091,25.25571653697031,36.05466753657948
ratio,1031,15,5,0.3,MTIM,0.8,0.6666666666666666,0.8,0.7272727272727272,4,8,2,1,0.8863636363636364,38.4280486811674,52.191062053989874
ratio,1032,15,5,0.3,MFA,0.7333333333333333,0.6,0.6,0.6,3,8,2,2,0.7272727272727273,13.295918065932012,14.067393870946585
ratio,1032,15,5,0.3,FUBA,1.0,1.0,1.0,1.0,5,10,0,0,0.8772727272727273,21.03734958252152,22.222879386357658
ratio,1032,15,5,0.3,GALTrust,0.7333333333333333,1.0,0.2,0.33333333333333337,1,10,0,4,0.7636363636363637,30.182182666544723,37.52741093944035
ratio,1032,15,5,0.3,GDM-DTM,0.8666666666666667,1.0,0.6,0.7499999999999999,3,10,0,2,0.7863636363636364,15.68987308323605,25.83739993392641
ratio,1032,15,5,0.3,LR-Trust,0.9333333333333333,1.0,0.8,0.888888888888889,4,10,0,1,0.8772727272727273,20.08348280308578,20.968754994212603
ratio,1032,15,5,0.3,MLP-Trust,1.0,1.0,1.0,1.0,5,10,0,0,0.9045454545454545,25.91364006873211,37.091575147121645
ratio,1032,15,5,0.3,MTIM,1.0,1.0,1.0,1.0,5,10,0,0,0.9545454545454546,32.14117351417565,56.07429345582324
ratio,1033,15,5,0.3,MFA,0.6666666666666666,0.5,0.8,0.6153846153846154,4,6,4,1,0.8,12.884676948706048,10.437293082405565
ratio,1033,15,5,0.3,FUBA,0.8,0.625,1.0,0.7692307692307693,5,7,3,0,0.8681818181818182,13.612922223239059,17.702960348115305
ratio,1033,15,5,0.3,GALTrust,0.7333333333333333,1.0,0.2,0.33333333333333337,1,10,0,4,0.6863636363636364,31.082613361985164,42.02400365302007
ratio,1033,15,5,0.3,GDM-DTM,0.9333333333333333,1.0,0.8,0.888888888888889,4,10,0,1,0.8045454545454546,20.463191542623786,23.054243118054085
ratio,1033,15,5,0.3,LR-Trust,0.8,0.75,0.6,0.6666666666666665,3,9,1,2,0.9,21.018501530948992,21.226424527658427
ratio,1033,15,5,0.3,MLP-Trust,1.0,1.0,1.0,1.0,5,10,0,0,0.9363636363636364,26.823763578794765,38.00321387468656
ratio,1033,15,5,0.3,MTIM,1.0,1.0,1.0,1.0,5,10,0,0,0.9272727272727272,31.73609395927847,57.99845509347321
ratio,1034,15,5,0.3,MFA,1.0,1.0,1.0,1.0,5,10,0,0,0.8409090909090909,10.82255154672464,6.68954341333317
ratio,1034,15,5,0.3,FUBA,0.9333333333333333,1.0,0.8,0.888888888888889,4,10,0,1,0.8090909090909091,17.122812639657546,22.72389306830309
ratio,1034,15,5,0.3,GALTrust,0.7333333333333333,1.0,0.2,0.33333333333333337,1,10,0,4,0.7181818181818181,27.7730795186511,39.15702652945475
ratio,1034,15,5,0.3,GDM-DTM,1.0,1.0,1.0,1.0,5,10,0,0,0.8863636363636364,15.469668213694863,21.0253335400277
ratio,1034,15,5,0.3,LR-Trust,1.0,1.0,1.0,1.0,5,10,0,0,0.8909090909090909,22.881158020233478,26.61731164169278
ratio,1034,15,5,0.3,MLP-Trust,1.0,1.0,1.0,1.0,5,10,0,0,0.8954545454545455,25.57610409874492,31.84152874897592
ratio,1034,15,5,0.3,MTIM,1.0,1.0,1.0,1.0,5,10,0,0,0.9363636363636364,32.906843011146584,50.613948136328126
ratio,1035,15,5,0.3,MFA,0.6,0.4444444444444444,0.8,0.5714285714285714,4,5,5,1,0.7090909090909091,9.842530949037167,6.418133691924274
ratio,1035,15,5,0.3,FUBA,0.8,0.75,0.6,0.6666666666666665,3,9,1,2,0.8181818181818182,16.875936390934044,22.774770779137498
ratio,1035,15,5,0.3,GALTrust,0.7333333333333333,1.0,0.2,0.33333333333333337,1,10,0,4,0.6909090909090909,30.61044133239919,40.003060638526605
ratio,1035,15,5,0.3,GDM-DTM,0.7333333333333333,0.5714285714285714,0.8,0.6666666666666666,4,7,3,1,0.7772727272727272,22.594285734490022,18.283482155252365
ratio,1035,15,5,0.3,LR-Trust,0.9333333333333333,1.0,0.8,0.888888888888889,4,10,0,1,0.8727272727272727,22.037757440272546,22.952778817729012
ratio,1035,15,5,0.3,MLP-Trust,0.9333333333333333,0.8333333333333334,1.0,0.9090909090909091,5,9,1,0,0.9227272727272727,29.268445410280947,37.987660543522196
ratio,1035,15,5,0.3,MTIM,0.9333333333333333,0.8333333333333334,1.0,0.9090909090909091,5,9,1,0,0.9454545454545454,33.97844983610001,53.489052486569555
ratio,1036,15,5,0.3,MFA,0.8666666666666667,1.0,0.6,0.7499999999999999,3,10,0,2,0.8227272727272728,12.619726149006011,16.3185008941294
ratio,1036,15,5,0.3,FUBA,0.9333333333333333,1.0,0.8,0.888888888888889,4,10,0,1,0.8272727272727273,17.736163785640212,21.156890535078578
ratio,1036,15,5,0.3,GALTrust,0.8,1.0,0.4,0.5714285714285715,2,10,0,3,0.7727272727272727,34.25515646855347,48.99639600088119
ratio,1036,15,5,0.3,GDM-DTM,0.8,0.75,0.6,0.6666666666666665,3,9,1,2,0.8,18.7259907342573,18.995504694165575
ratio,1036,15,5,0.3,LR-Trust,0.9333333333333333,1.0,0.8,0.888888888888889,4,10,0,1,0.8590909090909091,21.61703652115322,25.07730219616793
ratio,1036,15,5,0.3,MLP-Trust,1.0,1.0,1.0,1.0,5,10,0,0,0.9090909090909091,23.357374140883604,46.9743660401187
ratio,1036,15,5,0.3,MTIM,1.0,1.0,1.0,1.0,5,10,0,0,0.95,32.3871070353975,64.88380680731268
ratio,1037,15,5,0.3,MFA,0.8,0.75,0.6,0.6666666666666665,3,9,1,2,0.7772727272727272,12.378720082838878,10.896594948040063
ratio,1037,15,5,0.3,FUBA,0.8,0.6666666666666666,0.8,0.7272727272727272,4,8,2,1,0.8363636363636363,13.964230303064667,16.074888625430418
ratio,1037,15,5,0.3,GALTrust,0.8,1.0,0.4,0.5714285714285715,2,10,0,3,0.7909090909090909,33.43920335853237,44.33556859902686
ratio,1037,15,5,0.3,GDM-DTM,0.8,0.6666666666666666,0.8,0.7272727272727272,4,8,2,1,0.8136363636363636,19.003959737260722,12.248459191280128
ratio,1037,15,5,0.3,LR-Trust,0.8666666666666667,1.0,0.6,0.7499999999999999,3,10,0,2,0.8272727272727273,18.259041076567016,18.392389645832584
ratio,1037,15,5,0.3,MLP-Trust,1.0,1.0,1.0,1.0,5,10,0,0,0.9,28.020587274882907,35.145881996215735
ratio,1037,15,5,0.3,MTIM,1.0,1.0,1.0,1.0,5,10,0,0,0.9272727272727272,32.16954430587606,58.25491547409792
ratio,1038,15,5,0.3,MFA,0.7333333333333333,0.6666666666666666,0.4,0.5,2,9,1,3,0.7636363636363637,9.898804837575545,13.076270860105703
ratio,1038,15,5,0.3,FUBA,1.0,1.0,1.0,1.0,5,10,0,0,0.9,16.815050087947586,14.208953687081582
ratio,1038,15,5,0.3,GALTrust,0.8,1.0,0.4,0.5714285714285715,2,10,0,3,0.7954545454545454,29.602145110377613,34.953957325910515
ratio,1038,15,5,0.3,GDM-DTM,0.8666666666666667,0.8,0.8,0.8000000000000002,4,9,1,1,0.8090909090909091,19.380864311681844,19.782787133186513
ratio,1038,15,5,0.3,LR-Trust,0.9333333333333333,1.0,0.8,0.888888888888889,4,10,0,1,0.8909090909090909,20.26566301199317,25.247132376685556
ratio,1038,15,5,0.3,MLP-Trust,1.0,1.0,1.0,1.0,5,10,0,0,0.9136363636363637,20.820738160361685,36.59945545769618
ratio,1038,15,5,0.3,MTIM,1.0,1.0,1.0,1.0,5,10,0,0,0.9272727272727272,36.433891935343745,69.12072853311102
ratio,1039,15,5,0.3,MFA,0.7333333333333333,0.5714285714285714,0.8,0.6666666666666666,4,7,3,1,0.8181818181818182,10.817149283645438,10.086326752844704
ratio,1039,15,5,0.3,FUBA,0.7333333333333333,0.6,0.6,0.6,3,8,2,2,0.7909090909090909,15.045133123914272,8.575069880169957
ratio,1039,15,5,0.3,GALTrust,0.8666666666666667,1.0,0.6,0.7499999999999999,3,10,0,2,0.8227272727272728,31.962433539987835,41.91198570539241
ratio,1039,15,5,0.3,GDM-DTM,0.8,0.75,0.6,0.6666666666666665,3,9,1,2,0.7954545454545454,19.54326407403008,17.503856819024083
ratio,1039,15,5,0.3,LR-Trust,0.8,0.6666666666666666,0.8,0.7272727272727272,4,8,2,1,0.8454545454545455,17.97328417797451,25.327103384369178
ratio,1039,15,5,0.3,MLP-Trust,1.0,1.0,1.0,1.0,5,10,0,0,0.8772727272727273,25.37802961705508,36.90220604517003
ratio,1039,15,5,0.3,MTIM,0.9333333333333333,1.0,0.8,0.888888888888889,4,10,0,1,0.8636363636363636,33.46184853693849,53.265698142946135
ratio,1040,15,5,0.3,MFA,0.6,0.42857142857142855,0.6,0.5,3,6,4,2,0.75,13.318810590504436,12.463102985984555
ratio,1040,15,5,0.3,FUBA,0.8666666666666667,0.8,0.8,0.8000000000000002,4,9,1,1,0.8636363636363636,17.419227747488435,17.816405183652567
ratio,1040,15,5,0.3,GALTrust,0.7333333333333333,1.0,0.2,0.33333333333333337,1,10,0,4,0.7136363636363636,29.193862449733384,29.440523675287338
ratio,1040,15,5,0.3,GDM-DTM,0.8666666666666667,0.7142857142857143,1.0,0.8333333333333333,5,8,2,0,0.8363636363636363,19.752541988020077,25.496920482545423
ratio,1040,15,5,0.3,LR-Trust,0.8666666666666667,0.8,0.8,0.8000000000000002,4,9,1,1,0.8772727272727273,23.10794719224815,22.036455779786085
ratio,1040,15,5,0.3,MLP-Trust,1.0,1.0,1.0,1.0,5,10,0,0,0.9,23.86300509473792,33.947523955989446
ratio,1040,15,5,0.3,MTIM,0.9333333333333333,0.8333333333333334,1.0,0.9090909090909091,5,9,1,0,0.9181818181818182,32.82670239862179,61.485974710953656
ratio,1041,15,5,0.3,MFA,0.6666666666666666,0.5,0.6,0.5454545454545454,3,7,3,2,0.8,11.586127668418042,9.586912093040356
ratio,1041,15,5,0.3,FUBA,0.9333333333333333,1.0,0.8,0.888888888888889,4,10,0,1,0.85,17.05609341718392,13.763334375502563
ratio,1041,15,5,0.3,GALTrust,0.8666666666666667,1.0,0.6,0.7499999999999999,3,10,0,2,0.7727272727272727,31.073692215392505,37.478834655265295
ratio,1041,15,5,0.3,GDM-DTM,0.8666666666666667,1.0,0.6,0.7499999999999999,3,10,0,2,0.7636363636363637,20.78950394456832,23.978728876644546
ratio,1041,15,5,0.3,LR-Trust,0.9333333333333333,1.0,0.8,0.888888888888889,4,10,0,1,0.8863636363636364,18.66664223047984,25.042498168935737
ratio,1041,15,5,0.3,MLP-Trust,0.9333333333333333,1.0,0.8,0.888888888888889,4,10,0,1,0.8590909090909091,22.40372357920032,38.64999574321322
ratio,1041,15,5,0.3,MTIM,0.9333333333333333,1.0,0.8,0.888888888888889,4,10,0,1,0.8772727272727273,33.77370435302314,55.120550341759895
ratio,1042,15,5,0.3,MFA,0.8666666666666667,0.8,0.8,0.8000000000000002,4,9,1,1,0.7909090909090909,12.772300625704263,10.518524185388403
ratio,1042,15,5,0.3,FUBA,0.8,0.6666666666666666,0.8,0.7272727272727272,4,8,2,1,0.85,16.604005159867395,19.60586183356481
ratio,1042,15,5,0.3,GALTrust,0.8666666666666667,1.0,0.6,0.7499999999999999,3,10,0,2,0.8136363636363636,32.504709538501466,42.70375119526139
ratio,1042,15,5,0.3,GDM-DTM,0.8,0.75,0.6,0.6666666666666665,3,9,1,2,0.8227272727272728,17.450642216637092,21.866624418670682
ratio,1042,15,5,0.3,LR-Trust,1.0,1.0,1.0,1.0,5,10,0,0,0.9090909090909091,20.705069542019523,19.57655937931092
ratio,1042,15,5,0.3,MLP-Trust,0.9333333333333333,0.8333333333333334,1.0,0.9090909090909091,5,9,1,0,0.9181818181818182,25.993140091780127,37.9515880030987
ratio,1042,15,5,0.3,MTIM,0.9333333333333333,0.8333333333333334,1.0,0.9090909090909091,5,9,1,0,0.9227272727272727,33.700994735918364,58.96112588945433
ratio,1043,15,5,0.3,MFA,1.0,1.0,1.0,1.0,5,10,0,0,0.85,12.993987539946321,16.21097649346283
ratio,1043,15,5,0.3,FUBA,0.9333333333333333,0.8333333333333334,1.0,0.9090909090909091,5,9,1,0,0.8727272727272727,15.860454435881438,16.334622145785847
ratio,1043,15,5,0.3,GALTrust,0.7333333333333333,1.0,0.2,0.33333333333333337,1,10,0,4,0.7818181818181819,29.93248664409274,46.91758482138761
ratio,1043,15,5,0.3,GDM-DTM,0.9333333333333333,0.8333333333333334,1.0,0.9090909090909091,5,9,1,0,0.8454545454545455,20.444210051990453,21.686246065226513
ratio,1043,15,5,0.3,LR-Trust,0.9333333333333333,0.8333333333333334,1.0,0.9090909090909091,5,9,1,0,0.8863636363636364,21.364265594970437,28.141836686354388
ratio,1043,15,5,0.3,MLP-Trust,1.0,1.0,1.0,1.0,5,10,0,0,0.9227272727272727,22.01511363267936,33.105623314533695
ratio,1043,15,5,0.3,MTIM,0.9333333333333333,0.8333333333333334,1.0,0.9090909090909091,5,9,1,0,0.9272727272727272,31.611243746150173,50.1506944322719
ratio,1044,15,5,0.3,MFA,0.7333333333333333,0.6,0.6,0.6,3,8,2,2,0.8181818181818182,9.531671232438093,8.679717748576214
ratio,1044,15,5,0.3,FUBA,0.8,1.0,0.4,0.5714285714285715,2,10,0,3,0.7272727272727273,17.576798542976032,14.3354266011594
ratio,1044,15,5,0.3,GALTrust,0.7333333333333333,1.0,0.2,0.33333333333333337,1,10,0,4,0.7090909090909091,32.34080971407276,41.54888722368573
ratio,1044,15,5,0.3,GDM-DTM,0.8,0.625,1.0,0.7692307692307693,5,7,3,0,0.8818181818181818,20.562408654345788,25.737135631301335
ratio,1044,15,5,0.3,LR-Trust,0.9333333333333333,1.0,0.8,0.888888888888889,4,10,0,1,0.8954545454545455,23.068049687756808,23.86468761113225
ratio,1044,15,5,0.3,MLP-Trust,0.9333333333333333,1.0,0.8,0.888888888888889,4,10,0,1,0.7772727272727272,22.06688805487442,39.91529361661
ratio,1044,15,5,0.3,MTIM,1.0,1.0,1.0,1.0,5,10,0,0,0.9045454545454545,35.173605234169834,57.47495779997661
ratio,1045,15,5,0.3,MFA,0.8,0.6666666666666666,0.8,0.7272727272727272,4,8,2,1,0.8272727272727273,9.814474751916572,3.9542926121284383
ratio,1045,15,5,0.3,FUBA,0.9333333333333333,0.8333333333333334,1.0,0.9090909090909091,5,9,1,0,0.8409090909090909,15.860621106564794,24.618803956075727
ratio,1045,15,5,0.3,GALTrust,0.7333333333333333,1.0,0.2,0.33333333333333337,1,10,0,4,0.7727272727272727,34.032148814239655,38.94840551771725
ratio,1045,15,5,0.3,GDM-DTM,0.7333333333333333,0.6,0.6,0.6,3,8,2,2,0.7681818181818182,20.77010307315166,20.335876542876928
ratio,1045,15,5,0.3,LR-Trust,0.8666666666666667,0.7142857142857143,1.0,0.8333333333333333,5,8,2,0,0.8954545454545455,22.679415779836596,25.10543969356638
ratio,1045,15,5,0.3,MLP-Trust,1.0,1.0,1.0,1.0,5,10,0,0,0.9454545454545454,26.7255249807413,37.35759216788901
ratio,1045,15,5,0.3,MTIM,1.0,1.0,1.0,1.0,5,10,0,0,0.9681818181818181,36.201460280289034,58.047228019015634
ratio,1046,15,5,0.3,MFA,0.6666666666666666,0.5,0.6,0.5454545454545454,3,7,3,2,0.7227272727272728,10.24890932590791,20.75381752912663
ratio,1046,15,5,0.3,FUBA,0.8,0.6666666666666666,0.8,0.7272727272727272,4,8,2,1,0.8090909090909091,18.160077569163803,13.741806720286089
ratio,1046,15,5,0.3,GALTrust,0.8,1.0,0.4,0.5714285714285715,2,10,0,3,0.7727272727272727,31.364131131360285,39.30100356625045
ratio,1046,15,5,0.3,GDM-DTM,0.7333333333333333,0.5714285714285714,0.8,0.6666666666666666,4,7,3,1,0.8045454545454546,18.07050486241332,19.84799228398203
ratio,1046,15,5,0.3,LR-Trust,0.8,0.6666666666666666,0.8,0.7272727272727272,4,8,2,1,0.9136363636363637,23.246202524533718,21.06928023806773
ratio,1046,15,5,0.3,MLP-Trust,1.0,1.0,1.0,1.0,5,10,0,0,0.9136363636363637,26.708078195441857,38.590127993161424
ratio,1046,15,5,0.3,MTIM,1.0,1.0,1.0,1.0,5,10,0,0,0.8954545454545455,36.79130891480335,55.39071632787308
ratio,1047,15,5,0.3,MFA,0.9333333333333333,0.8333333333333334,1.0,0.9090909090909091,5,9,1,0,0.8545454545454545,10.493422000164816,12.082678131741687
ratio,1047,15,5,0.3,FUBA,0.8,0.625,1.0,0.7692307692307693,5,7,3,0,0.8545454545454545,17.338590285844866,17.725026019744114
ratio,1047,15,5,0.3,GALTrust,0.8,1.0,0.4,0.5714285714285715,2,10,0,3,0.7363636363636363,32.66392455124445,42.936105818792285
ratio,1047,15,5,0.3,GDM-DTM,0.8,0.6666666666666666,0.8,0.7272727272727272,4,8,2,1,0.7818181818181819,21.38645379247053,22.570114881764553
ratio,1047,15,5,0.3,LR-Trust,0.7333333333333333,0.5714285714285714,0.8,0.6666666666666666,4,7,3,1,0.8409090909090909,21.795388255521416,27.441361987148262
ratio,1047,15,5,0.3,MLP-Trust,0.9333333333333333,1.0,0.8,0.888888888888889,4,10,0,1,0.8272727272727273,22.500826706219655,42.190353371124104
ratio,1047,15,5,0.3,MTIM,1.0,1.0,1.0,1.0,5,10,0,0,0.9090909090909091,31.73425325879854,52.40181177354723
ratio,1048,15,5,0.3,MFA,0.7333333333333333,0.6666666666666666,0.4,0.5,2,9,1,3,0.7090909090909091,9.275259414971817,6.177629031285131
ratio,1048,15,5,0.3,FUBA,0.8666666666666667,0.7142857142857143,1.0,0.8333333333333333,5,8,2,0,0.9,14.792809778824239,18.773534485996766
ratio,1048,15,5,0.3,GALTrust,0.7333333333333333,1.0,0.2,0.33333333333333337,1,10,0,4,0.7272727272727273,31.667556674496506,42.50854607747449
ratio,1048,15,5,0.3,GDM-DTM,0.8666666666666667,0.8,0.8,0.8000000000000002,4,9,1,1,0.8090909090909091,17.983544680421833,24.26185078771119
ratio,1048,15,5,0.3,LR-Trust,0.9333333333333333,1.0,0.8,0.888888888888889,4,10,0,1,0.9,21.316179339549013,31.945969216454586
ratio,1048,15,5,0.3,MLP-Trust,0.9333333333333333,1.0,0.8,0.888888888888889,4,10,0,1,0.8272727272727273,25.500010830963223,36.61367718301942
ratio,1048,15,5,0.3,MTIM,0.9333333333333333,1.0,0.8,0.888888888888889,4,10,0,1,0.8454545454545455,32.37283276204429,63.1239080552582
ratio,1049,15,5,0.3,MFA,0.8666666666666667,0.8,0.8,0.8000000000000002,4,9,1,1,0.8272727272727273,12.188052040204507,10.55455005685543
ratio,1049,15,5,0.3,FUBA,1.0,1.0,1.0,1.0,5,10,0,0,0.8727272727272727,16.751346709726306,16.031022674198205
ratio,1049,15,5,0.3,GALTrust,0.8666666666666667,1.0,0.6,0.7499999999999999,3,10,0,2,0.8090909090909091,30.887400510212196,36.48398805716052
ratio,1049,15,5,0.3,GDM-DTM,1.0,1.0,1.0,1.0,5,10,0,0,0.8545454545454545,19.73593635325064,26.09063657945711
ratio,1049,15,5,0.3,LR-Trust,1.0,1.0,1.0,1.0,5,10,0,0,0.9409090909090909,19.61182557045013,35.04557060699612
ratio,1049,15,5,0.3,MLP-Trust,1.0,1.0,1.0,1.0,5,10,0,0,0.9136363636363637,24.963986207096326,38.71342264337308
ratio,1049,15,5,0.3,MTIM,1.0,1.0,1.0,1.0,5,10,0,0,0.9181818181818182,32.68104974660018,58.28973869522459
scalability,1000,15,5,0.3,MFA,0.7333333333333333,0.6,0.6,0.6,3,8,2,2,0.7772727272727272,8.851641650304934,19.684003035393246
scalability,1000,15,5,0.3,FUBA,0.8666666666666667,0.7142857142857143,1.0,0.8333333333333333,5,8,2,0,0.8409090909090909,16.948506438164266,18.9642867029369
scalability,1000,15,5,0.3,GALTrust,0.7333333333333333,1.0,0.2,0.33333333333333337,1,10,0,4,0.6772727272727272,27.94664068678791,46.322772982871726
scalability,1000,15,5,0.3,GDM-DTM,0.8666666666666667,0.7142857142857143,1.0,0.8333333333333333,5,8,2,0,0.8681818181818182,19.754795859177193,24.072907619742704
scalability,1000,15,5,0.3,LR-Trust,0.9333333333333333,0.8333333333333334,1.0,0.9090909090909091,5,9,1,0,0.8909090909090909,21.330602447051096,27.590290428662314
scalability,1000,15,5,0.3,MLP-Trust,0.9333333333333333,0.8333333333333334,1.0,0.9090909090909091,5,9,1,0,0.8863636363636364,25.9475890120982,38.24642754144285
scalability,1000,15,5,0.3,MTIM,0.9333333333333333,0.8333333333333334,1.0,0.9090909090909091,5,9,1,0,0.9136363636363637,37.58606634986547,60.579199701434156
scalability,1001,15,5,0.3,MFA,0.6666666666666666,0.5,0.4,0.4444444444444445,2,8,2,3,0.7772727272727272,11.585739319846324,9.233210815902632
scalability,1001,15,5,0.3,FUBA,0.8666666666666667,1.0,0.6,0.7499999999999999,3,10,0,2,0.8318181818181818,16.525035690581465,14.563581286766844
scalability,1001,15,5,0.3,GALTrust,0.7333333333333333,1.0,0.2,0.33333333333333337,1,10,0,4,0.740909090909091,31.40035539756998,35.16495337893679
scalability,1001,15,5,0.3,GDM-DTM,0.8,0.6666666666666666,0.8,0.7272727272727272,4,8,2,1,0.759090909090909,17.966260832269235,16.70430684593421
scalability,1001,15,5,0.3,LR-Trust,1.0,1.0,1.0,1.0,5,10,0,0,0.9045454545454545,23.186021259572325,21.45610652482243
scalability,1001,15,5,0.3,MLP-Trust,0.8666666666666667,0.7142857142857143,1.0,0.8333333333333333,5,8,2,0,0.9,27.316306813611448,37.9885138085915
scalability,1001,15,5,0.3,MTIM,0.9333333333333333,0.8333333333333334,1.0,0.9090909090909091,5,9,1,0,0.9227272727272727,30.626725089439727,58.67577962583009
scalability,1002,15,5,0.3,MFA,0.8666666666666667,1.0,0.6,0.7499999999999999,3,10,0,2,0.7727272727272727,11.853604084000175,3.8582519520100274
scalability,1002,15,5,0.3,FUBA,0.6,0.42857142857142855,0.6,0.5,3,6,4,2,0.8545454545454545,15.920500595905825,23.452486072285513
scalability,1002,15,5,0.3,GALTrust,0.6666666666666666,0.0,0.0,0.0,0,10,0,5,0.6909090909090909,27.235042886433853,40.93783428968736
scalability,1002,15,5,0.3,GDM-DTM,0.8666666666666667,1.0,0.6,0.7499999999999999,3,10,0,2,0.7954545454545454,23.05018303418806,22.423958225121048
scalability,1002,15,5,0.3,LR-Trust,0.8,0.75,0.6,0.6666666666666665,3,9,1,2,0.8409090909090909,23.118305579626945,29.197771828591616
scalability,1002,15,5,0.3,MLP-Trust,0.9333333333333333,0.8333333333333334,1.0,0.9090909090909091,5,9,1,0,0.8818181818181818,26.636697840286878,39.59072096939671
scalability,1002,15,5,0.3,MTIM,0.9333333333333333,0.8333333333333334,1.0,0.9090909090909091,5,9,1,0,0.9409090909090909,35.50997199711533,64.72280211341274
scalability,1003,15,5,0.3,MFA,0.8,0.6666666666666666,0.8,0.7272727272727272,4,8,2,1,0.8090909090909091,11.253957966095408,10.30493089559924
scalability,1003,15,5,0.3,FUBA,0.7333333333333333,0.5714285714285714,0.8,0.6666666666666666,4,7,3,1,0.8272727272727273,15.617253215601474,17.180218391121127
scalability,1003,15,5,0.3,GALTrust,0.7333333333333333,1.0,0.2,0.33333333333333337,1,10,0,4,0.7272727272727273,32.338600142427495,42.58222702895827
scalability,1003,15,5,0.3,GDM-DTM,0.9333333333333333,0.8333333333333334,1.0,0.9090909090909091,5,9,1,0,0.8318181818181818,18.860825789656847,19.19030016989285
scalability,1003,15,5,0.3,LR-Trust,0.9333333333333333,0.8333333333333334,1.0,0.9090909090909091,5,9,1,0,0.9136363636363637,19.775038995792777,28.633092907154104
scalability,1003,15,5,0.3,MLP-Trust,0.9333333333333333,1.0,0.8,0.888888888888889,4,10,0,1,0.85,24.00888732378317,38.15316700910308
scalability,1003,15,5,0.3,MTIM,0.9333333333333333,1.0,0.8,0.888888888888889,4,10,0,1,0.8590909090909091,32.456305196360205,60.34636202868339
scalability,1004,15,5,0.3,MFA,0.8,0.625,1.0,0.7692307692307693,5,7,3,0,0.9,13.449893961599276,13.628844626456296
scalability,1004,15,5,0.3,FUBA,0.7333333333333333,0.6,0.6,0.6,3,8,2,2,0.8090909090909091,13.438441178672061,20.55814036696502
scalability,1004,15,5,0.3,GALTrust,0.7333333333333333,1.0,0.2,0.33333333333333337,1,10,0,4,0.6909090909090909,30.107303356968558,44.12705267202752
scalability,1004,15,5,0.3,GDM-DTM,0.8,0.75,0.6,0.6666666666666665,3,9,1,2,0.7454545454545455,17.799568051648503,25.916872106180907
scalability,1004,15,5,0.3,LR-Trust,0.8666666666666667,0.8,0.8,0.8000000000000002,4,9,1,1,0.9181818181818182,21.142424918928512,20.758132690597634
scalability,1004,15,5,0.3,MLP-Trust,0.9333333333333333,1.0,0.8,0.888888888888889,4,10,0,1,0.8818181818181818,23.307795798068543,38.03341039323101
scalability,1004,15,5,0.3,MTIM,0.8666666666666667,0.8,0.8,0.8000000000000002,4,9,1,1,0.8409090909090909,33.13730225276681,56.37615069107371
scalability,1005,15,5,0.3,MFA,0.6666666666666666,0.5,0.2,0.28571428571428575,1,9,1,4,0.740909090909091,9.452511698626079,6.462280276055192
scalability,1005,15,5,0.3,FUBA,0.7333333333333333,0.6666666666666666,0.4,0.5,2,9,1,3,0.759090909090909,14.104970992115145,12.321125456212389
scalability,1005,15,5,0.3,GALTrust,0.6666666666666666,0.0,0.0,0.0,0,10,0,5,0.7227272727272728,32.57811326114124,41.313384966519735
scalability,1005,15,5,0.3,GDM-DTM,0.8,0.75,0.6,0.6666666666666665,3,9,1,2,0.8090909090909091,20.44096663803223,20.14029157901796
scalability,1005,15,5,0.3,LR-Trust,0.7333333333333333,0.6666666666666666,0.4,0.5,2,9,1,3,0.8,18.11907795554641,22.271431154390687
scalability,1005,15,5,0.3,MLP-Trust,0.8666666666666667,1.0,0.6,0.7499999999999999,3,10,0,2,0.8090909090909091,25.29202959735359,33.15036207230356
scalability,1005,15,5,0.3,MTIM,0.8666666666666667,1.0,0.6,0.7499999999999999,3,10,0,2,0.8136363636363636,34.236706719467634,56.2231369777411
scalability,1006,15,5,0.3,MFA,0.9333333333333333,0.8333333333333334,1.0,0.9090909090909091,5,9,1,0,0.8818181818181818,8.981259278441495,4.922776827515596
scalability,1006,15,5,0.3,FUBA,0.7333333333333333,0.5555555555555556,1.0,0.7142857142857143,5,6,4,0,0.8272727272727273,17.870422196578538,13.632018472670525
scalability,1006,15,5,0.3,GALTrust,0.8666666666666667,1.0,0.6,0.7499999999999999,3,10,0,2,0.8,33.73942260178775,42.88217014414031
scalability,1006,15,5,0.3,GDM-DTM,0.8666666666666667,0.8,0.8,0.8000000000000002,4,9,1,1,0.7909090909090909,16.503921879530306,27.062780845454025
scalability,1006,15,5,0.3,LR-Trust,0.8666666666666667,0.7142857142857143,1.0,0.8333333333333333,5,8,2,0,0.8636363636363636,24.670786948983263,26.58194090375264
scalability,1006,15,5,0.3,MLP-Trust,0.8666666666666667,0.7142857142857143,1.0,0.8333333333333333,5,8,2,0,0.8954545454545455,24.693038095986793,31.545779684068464
scalability,1006,15,5,0.3,MTIM,0.8666666666666667,0.7142857142857143,1.0,0.8333333333333333,5,8,2,0,0.9272727272727272,31.963025401950535,62.124969600521396
scalability,1007,15,5,0.3,MFA,0.9333333333333333,0.8333333333333334,1.0,0.9090909090909091,5,9,1,0,0.8909090909090909,10.450606331322266,9.179553871266526
scalability,1007,15,5,0.3,FUBA,0.8,1.0,0.4,0.5714285714285715,2,10,0,3,0.75,15.502400677221903,14.566083896202727
scalability,1007,15,5,0.3,GALTrust,0.7333333333333333,1.0,0.2,0.33333333333333337,1,10,0,4,0.7227272727272728,30.210235752998624,32.43139726727676
scalability,1007,15,5,0.3,GDM-DTM,0.8666666666666667,1.0,0.6,0.7499999999999999,3,10,0,2,0.7954545454545454,19.395770681573687,31.93487395057408
scalability,1007,15,5,0.3,LR-Trust,0.8,0.75,0.6,0.6666666666666665,3,9,1,2,0.8272727272727273,22.450414112142763,23.99089368900234
scalability,1007,15,5,0.3,MLP-Trust,0.9333333333333333,1.0,0.8,0.888888888888889,4,10,0,1,0.8181818181818182,25.10319040930479,40.05162999467708
scalability,1007,15,5,0.3,MTIM,0.9333333333333333,1.0,0.8,0.888888888888889,4,10,0,1,0.8772727272727273,37.07990372896636,57.77026192392041
scalability,1008,15,5,0.3,MFA,0.8,1.0,0.4,0.5714285714285715,2,10,0,3,0.7772727272727272,13.533705347784077,12.341364293207139
scalability,1008,15,5,0.3,FUBA,0.7333333333333333,0.6,0.6,0.6,3,8,2,2,0.7227272727272728,12.663251081582125,6.654588718681314
scalability,1008,15,5,0.3,GALTrust,0.6666666666666666,0.0,0.0,0.0,0,10,0,5,0.7136363636363636,32.65041687873053,38.67458206345009
scalability,1008,15,5,0.3,GDM-DTM,0.8666666666666667,0.8,0.8,0.8000000000000002,4,9,1,1,0.7818181818181819,18.941147408289638,18.39997676199101
scalability,1008,15,5,0.3,LR-Trust,0.8,0.75,0.6,0.6666666666666665,3,9,1,2,0.8363636363636363,24.11335687297183,26.708291261671533
scalability,1008,15,5,0.3,MLP-Trust,0.8666666666666667,0.8,0.8,0.8000000000000002,4,9,1,1,0.85,25.01547690391327,39.174811642589354
scalability,1008,15,5,0.3,MTIM,0.8666666666666667,0.8,0.8,0.8000000000000002,4,9,1,1,0.8681818181818182,32.8021917585565,57.57830549733596
scalability,1009,15,5,0.3,MFA,0.9333333333333333,1.0,0.8,0.888888888888889,4,10,0,1,0.8090909090909091,11.85076505045124,15.69867786697795
scalability,1009,15,5,0.3,FUBA,0.9333333333333333,1.0,0.8,0.888888888888889,4,10,0,1,0.8545454545454545,16.571073986457293,21.95257670360562
scalability,1009,15,5,0.3,GALTrust,0.6666666666666666,0.0,0.0,0.0,0,10,0,5,0.7636363636363637,31.752904596992092,48.02605201975853
scalability,1009,15,5,0.3,GDM-DTM,0.9333333333333333,0.8333333333333334,1.0,0.9090909090909091,5,9,1,0,0.8545454545454545,20.461531473232455,18.250691087805272
scalability,1009,15,5,0.3,LR-Trust,0.9333333333333333,1.0,0.8,0.888888888888889,4,10,0,1,0.8727272727272727,21.538505538649336,31.633006489560806
scalability,1009,15,5,0.3,MLP-Trust,0.8666666666666667,0.8,0.8,0.8000000000000002,4,9,1,1,0.85,22.166118651604123,28.906806445802292
scalability,1009,15,5,0.3,MTIM,0.9333333333333333,0.8333333333333334,1.0,0.9090909090909091,5,9,1,0,0.9090909090909091,34.69933370122343,60.47447375241575
scalability,1010,15,5,0.3,MFA,0.7333333333333333,0.6666666666666666,0.4,0.5,2,9,1,3,0.7454545454545455,12.41360629842454,14.431630303834366
scalability,1010,15,5,0.3,FUBA,0.9333333333333333,0.8333333333333334,1.0,0.9090909090909091,5,9,1,0,0.8318181818181818,16.855238625003658,18.125376197828473
scalability,1010,15,5,0.3,GALTrust,0.7333333333333333,1.0,0.2,0.33333333333333337,1,10,0,4,0.7818181818181819,35.59229165395588,40.83082540552283
scalability,1010,15,5,0.3,GDM-DTM,0.8666666666666667,1.0,0.6,0.7499999999999999,3,10,0,2,0.7681818181818182,21.508811195268514,18.7119561395091
scalability,1010,15,5,0.3,LR-Trust,0.8666666666666667,0.8,0.8,0.8000000000000002,4,9,1,1,0.8818181818181818,22.477033278473968,24.907587974893488
scalability,1010,15,5,0.3,MLP-Trust,1.0,1.0,1.0,1.0,5,10,0,0,0.8636363636363636,28.608151629119234,30.133973750448945
scalability,1010,15,5,0.3,MTIM,1.0,1.0,1.0,1.0,5,10,0,0,0.9090909090909091,36.9453700402446,61.1002417258654
scalability,1011,15,5,0.3,MFA,0.9333333333333333,1.0,0.8,0.888888888888889,4,10,0,1,0.8045454545454546,10.196122033421458,1.8753233459861463
scalability,1011,15,5,0.3,FUBA,0.7333333333333333,0.6666666666666666,0.4,0.5,2,9,1,3,0.7727272727272727,17.50483606805648,17.598969438837017
scalability,1011,15,5,0.3,GALTrust,0.8,1.0,0.4,0.5714285714285715,2,10,0,3,0.7545454545454545,30.12209435097815,42.88981898931936
scalability,1011,15,5,0.3,GDM-DTM,0.7333333333333333,0.6,0.6,0.6,3,8,2,2,0.7818181818181819,19.826751343597067,17.386900961055034
scalability,1011,15,5,0.3,LR-Trust,0.8,0.6666666666666666,0.8,0.7272727272727272,4,8,2,1,0.8045454545454546,23.13697720821185,21.983094389234306
scalability,1011,15,5,0.3,MLP-Trust,1.0,1.0,1.0,1.0,5,10,0,0,0.9,24.792634037670197,38.19174864580198
scalability,1011,15,5,0.3,MTIM,1.0,1.0,1.0,1.0,5,10,0,0,0.9363636363636364,34.935172228012696,55.95352416564387
scalability,1012,15,5,0.3,MFA,0.8,0.6666666666666666,0.8,0.7272727272727272,4,8,2,1,0.8545454545454545,9.375191674621334,7.89930915970305
scalability,1012,15,5,0.3,FUBA,0.8666666666666667,0.7142857142857143,1.0,0.8333333333333333,5,8,2,0,0.8454545454545455,16.027807794617235,19.56449997893478
scalability,1012,15,5,0.3,GALTrust,0.7333333333333333,1.0,0.2,0.33333333333333337,1,10,0,4,0.8045454545454546,33.21388783097024,45.97217862914867
scalability,1012,15,5,0.3,GDM-DTM,0.9333333333333333,0.8333333333333334,1.0,0.9090909090909091,5,9,1,0,0.8318181818181818,19.50346284870245,23.692198849156483
scalability,1012,15,5,0.3,LR-Trust,0.9333333333333333,1.0,0.8,0.888888888888889,4,10,0,1,0.8545454545454545,21.081396404582826,24.046650805141244
scalability,1012,15,5,0.3,MLP-Trust,0.9333333333333333,1.0,0.8,0.888888888888889,4,10,0,1,0.9,26.827085652561625,33.34307533894814
scalability,1012,15,5,0.3,MTIM,0.9333333333333333,1.0,0.8,0.888888888888889,4,10,0,1,0.8772727272727273,34.04707982137022,60.84537539123918
scalability,1013,15,5,0.3,MFA,0.7333333333333333,0.6,0.6,0.6,3,8,2,2,0.8045454545454546,13.78814762437187,9.97401976769356
scalability,1013,15,5,0.3,FUBA,0.8666666666666667,0.8,0.8,0.8000000000000002,4,9,1,1,0.7909090909090909,18.339385041878234,14.53872455134571
scalability,1013,15,5,0.3,GALTrust,0.6666666666666666,0.0,0.0,0.0,0,10,0,5,0.75,31.933440941128886,37.14089420855876
scalability,1013,15,5,0.3,GDM-DTM,0.9333333333333333,0.8333333333333334,1.0,0.9090909090909091,5,9,1,0,0.8454545454545455,18.69332463904539,24.624078037460848
scalability,1013,15,5,0.3,LR-Trust,0.9333333333333333,0.8333333333333334,1.0,0.9090909090909091,5,9,1,0,0.9045454545454545,21.176808479438034,23.126313600856363
scalability,1013,15,5,0.3,MLP-Trust,0.9333333333333333,0.8333333333333334,1.0,0.9090909090909091,5,9,1,0,0.9090909090909091,24.678947422800043,40.692135420740534
scalability,1013,15,5,0.3,MTIM,0.9333333333333333,0.8333333333333334,1.0,0.9090909090909091,5,9,1,0,0.9454545454545454,35.286124007206766,59.57330600945626
scalability,1014,15,5,0.3,MFA,0.8666666666666667,1.0,0.6,0.7499999999999999,3,10,0,2,0.8272727272727273,12.537647350761809,9.148777142708175
scalability,1014,15,5,0.3,FUBA,0.8666666666666667,0.8,0.8,0.8000000000000002,4,9,1,1,0.8409090909090909,16.507765774577788,10.66400883001147
scalability,1014,15,5,0.3,GALTrust,0.7333333333333333,1.0,0.2,0.33333333333333337,1,10,0,4,0.7772727272727272,33.966873942788304,48.024289454083025
scalability,1014,15,5,0.3,GDM-DTM,0.8666666666666667,1.0,0.6,0.7499999999999999,3,10,0,2,0.8318181818181818,17.205208520136967,23.08103378188686
scalability,1014,15,5,0.3,LR-Trust,0.9333333333333333,1.0,0.8,0.888888888888889,4,10,0,1,0.8772727272727273,22.275169016259785,27.969580599543455
scalability,1014,15,5,0.3,MLP-Trust,0.9333333333333333,0.8333333333333334,1.0,0.9090909090909091,5,9,1,0,0.8727272727272727,27.29167173937246,40.26319924941397
scalability,1014,15,5,0.3,MTIM,0.8666666666666667,0.8,0.8,0.8000000000000002,4,9,1,1,0.8727272727272727,34.369199466757316,64.8685152155984
scalability,1015,15,5,0.3,MFA,0.9333333333333333,1.0,0.8,0.888888888888889,4,10,0,1,0.8409090909090909,13.538180876009434,9.749070566205834
scalability,1015,15,5,0.3,FUBA,0.9333333333333333,0.8333333333333334,1.0,0.9090909090909091,5,9,1,0,0.8772727272727273,17.700991175136064,15.242629034463198
scalability,1015,15,5,0.3,GALTrust,0.8,1.0,0.4,0.5714285714285715,2,10,0,3,0.8,34.09599164887044,41.01457383825977
scalability,1015,15,5,0.3,GDM-DTM,1.0,1.0,1.0,1.0,5,10,0,0,0.9,16.422669270219426,20.531267197979865
scalability,1015,15,5,0.3,LR-Trust,1.0,1.0,1.0,1.0,5,10,0,0,0.9181818181818182,16.55425525511406,23.52892059446015
scalability,1015,15,5,0.3,MLP-Trust,1.0,1.0,1.0,1.0,5,10,0,0,0.9318181818181818,25.080641073924866,30.443040999849142
scalability,1015,15,5,0.3,MTIM,1.0,1.0,1.0,1.0,5,10,0,0,0.9454545454545454,33.05568597314505,56.30463009035132
scalability,1016,15,5,0.3,MFA,0.8666666666666667,1.0,0.6,0.7499999999999999,3,10,0,2,0.7681818181818182,9.199978682200372,13.496388599544835
scalability,1016,15,5,0.3,FUBA,0.7333333333333333,0.6666666666666666,0.4,0.5,2,9,1,3,0.7681818181818182,14.24964208020728,19.007037781457818
scalability,1016,15,5,0.3,GALTrust,0.7333333333333333,1.0,0.2,0.33333333333333337,1,10,0,4,0.7545454545454545,30.635727453328954,35.96516639767085
scalability,1016,15,5,0.3,GDM-DTM,0.8,0.75,0.6,0.6666666666666665,3,9,1,2,0.7818181818181819,17.95514176978827,26.85150411625863
scalability,1016,15,5,0.3,LR-Trust,0.7333333333333333,0.6666666666666666,0.4,0.5,2,9,1,3,0.8363636363636363,23.210950034061078,19.366350146281597
scalability,1016,15,5,0.3,MLP-Trust,0.9333333333333333,1.0,0.8,0.888888888888889,4,10,0,1,0.8045454545454546,21.293171994814934,30.621655214622844
scalability,1016,15,5,0.3,MTIM,0.9333333333333333,1.0,0.8,0.888888888888889,4,10,0,1,0.85,33.226628346764805,53.963455045204086
scalability,1017,15,5,0.3,MFA,0.9333333333333333,1.0,0.8,0.888888888888889,4,10,0,1,0.8136363636363636,11.585842935747106,5.148895563440727
scalability,1017,15,5,0.3,FUBA,0.7333333333333333,0.5714285714285714,0.8,0.6666666666666666,4,7,3,1,0.7636363636363637,15.316524058495242,17.589403845235918
scalability,1017,15,5,0.3,GALTrust,0.8,1.0,0.4,0.5714285714285715,2,10,0,3,0.7636363636363637,30.082629123857338,35.230090807262314
scalability,1017,15,5,0.3,GDM-DTM,0.8666666666666667,0.8,0.8,0.8000000000000002,4,9,1,1,0.8136363636363636,19.029672571870886,18.58810928451066
scalability,1017,15,5,0.3,LR-Trust,1.0,1.0,1.0,1.0,5,10,0,0,0.8818181818181818,20.917496682686323,26.39565875376041
scalability,1017,15,5,0.3,MLP-Trust,1.0,1.0,1.0,1.0,5,10,0,0,0.8909090909090909,27.983459827878704,28.632569110986232
scalability,1017,15,5,0.3,MTIM,0.9333333333333333,0.8333333333333334,1.0,0.9090909090909091,5,9,1,0,0.9318181818181818,32.02019866742041,67.79838197974058
scalability,1018,15,5,0.3,MFA,0.8,0.75,0.6,0.6666666666666665,3,9,1,2,0.7681818181818182,10.51431490449109,13.689497239521481
scalability,1018,15,5,0.3,FUBA,0.8666666666666667,0.7142857142857143,1.0,0.8333333333333333,5,8,2,0,0.8227272727272728,19.385672074008394,16.97313657257282
scalability,1018,15,5,0.3,GALTrust,0.8,1.0,0.4,0.5714285714285715,2,10,0,3,0.8136363636363636,30.82707872267705,39.235248761130876
scalability,1018,15,5,0.3,GDM-DTM,1.0,1.0,1.0,1.0,5,10,0,0,0.8681818181818182,21.16895877438625,17.53493244842938
scalability,1018,15,5,0.3,LR-Trust,0.8666666666666667,0.8,0.8,0.8000000000000002,4,9,1,1,0.9227272727272727,17.763563785382075,28.840096709206755
scalability,1018,15,5,0.3,MLP-Trust,0.8,0.6666666666666666,0.8,0.7272727272727272,4,8,2,1,0.85,27.00325243663539,35.51713166235986
scalability,1018,15,5,0.3,MTIM,0.8666666666666667,0.7142857142857143,1.0,0.8333333333333333,5,8,2,0,0.9,35.56612672084859,60.13846847626986
scalability,1019,15,5,0.3,MFA,0.8,0.75,0.6,0.6666666666666665,3,9,1,2,0.7545454545454545,10.612919630642761,12.996882405788824
scalability,1019,15,5,0.3,FUBA,0.8666666666666667,0.8,0.8,0.8000000000000002,4,9,1,1,0.8227272727272728,19.3307333375144,15.79247365858683
scalability,1019,15,5,0.3,GALTrust,0.8,1.0,0.4,0.5714285714285715,2,10,0,3,0.7545454545454545,29.699883918282502,39.70471496723645
scalability,1019,15,5,0.3,GDM-DTM,0.7333333333333333,0.6,0.6,0.6,3,8,2,2,0.7772727272727272,18.93587142449751,22.556421225033937
scalability,1019,15,5,0.3,LR-Trust,0.6666666666666666,0.5,0.4,0.4444444444444445,2,8,2,3,0.7818181818181819,22.85397886752787,19.803240147854535
scalability,1019,15,5,0.3,MLP-Trust,0.8666666666666667,0.8,0.8,0.8000000000000002,4,9,1,1,0.8181818181818182,25.527079294975753,37.835520074158325
scalability,1019,15,5,0.3,MTIM,0.8666666666666667,0.8,0.8,0.8000000000000002,4,9,1,1,0.8227272727272728,34.494541502033485,63.385964620968025
scalability,1020,15,5,0.3,MFA,0.6666666666666666,0.5,0.4,0.4444444444444445,2,8,2,3,0.6909090909090909,11.921689764411331,7.659528549865033
scalability,1020,15,5,0.3,FUBA,0.8,0.75,0.6,0.6666666666666665,3,9,1,2,0.7909090909090909,18.615782176207947,14.47188745673121
scalability,1020,15,5,0.3,GALTrust,0.7333333333333333,1.0,0.2,0.33333333333333337,1,10,0,4,0.75,32.448345712058924,40.319198974268765
scalability,1020,15,5,0.3,GDM-DTM,0.8666666666666667,0.8,0.8,0.8000000000000002,4,9,1,1,0.8181818181818182,17.60952715234482,20.38215897045707
scalability,1020,15,5,0.3,LR-Trust,0.9333333333333333,1.0,0.8,0.888888888888889,4,10,0,1,0.8727272727272727,22.82528957042622,25.892244118018265
scalability,1020,15,5,0.3,MLP-Trust,0.9333333333333333,0.8333333333333334,1.0,0.9090909090909091,5,9,1,0,0.8636363636363636,23.519061409824936,34.609031015899234
scalability,1020,15,5,0.3,MTIM,0.8666666666666667,0.8,0.8,0.8000000000000002,4,9,1,1,0.9090909090909091,34.82275906613788,52.511135792813
scalability,1021,15,5,0.3,MFA,0.8,0.75,0.6,0.6666666666666665,3,9,1,2,0.8181818181818182,7.989694813351067,9.46889514607456
scalability,1021,15,5,0.3,FUBA,0.7333333333333333,0.6,0.6,0.6,3,8,2,2,0.8227272727272728,14.835713202169563,8.990805254150475
scalability,1021,15,5,0.3,GALTrust,0.6666666666666666,0.0,0.0,0.0,0,10,0,5,0.7045454545454546,29.66370647720039,41.586235530895294
scalability,1021,15,5,0.3,GDM-DTM,0.7333333333333333,0.6,0.6,0.6,3,8,2,2,0.7545454545454545,20.246945740453587,23.527894662653566
scalability,1021,15,5,0.3,LR-Trust,0.6666666666666666,0.5,0.4,0.4444444444444445,2,8,2,3,0.8090909090909091,20.65035906330137,25.486247332330173
scalability,1021,15,5,0.3,MLP-Trust,0.9333333333333333,1.0,0.8,0.888888888888889,4,10,0,1,0.8454545454545455,25.61381761964776,36.55590671820137
scalability,1021,15,5,0.3,MTIM,0.9333333333333333,1.0,0.8,0.888888888888889,4,10,0,1,0.8181818181818182,36.00309816927149,58.80257815479069
scalability,1022,15,5,0.3,MFA,0.8666666666666667,0.8,0.8,0.8000000000000002,4,9,1,1,0.7954545454545454,8.599539928004978,1.0
scalability,1022,15,5,0.3,FUBA,0.8666666666666667,0.7142857142857143,1.0,0.8333333333333333,5,8,2,0,0.8454545454545455,17.437393332184726,19.47002352025164
scalability,1022,15,5,0.3,GALTrust,0.7333333333333333,1.0,0.2,0.33333333333333337,1,10,0,4,0.7954545454545454,30.434406151205565,39.778543710166645
scalability,1022,15,5,0.3,GDM-DTM,0.9333333333333333,1.0,0.8,0.888888888888889,4,10,0,1,0.8136363636363636,21.522182463367052,19.21456530125642
scalability,1022,15,5,0.3,LR-Trust,1.0,1.0,1.0,1.0,5,10,0,0,0.9181818181818182,22.11906458480826,22.56163092042473
scalability,1022,15,5,0.3,MLP-Trust,1.0,1.0,1.0,1.0,5,10,0,0,0.9409090909090909,24.905377063356163,33.85203161902835
scalability,1022,15,5,0.3,MTIM,1.0,1.0,1.0,1.0,5,10,0,0,0.9227272727272727,35.3397165042847,61.98066093913579
scalability,1023,15,5,0.3,MFA,0.6666666666666666,0.5,0.4,0.4444444444444445,2,8,2,3,0.7181818181818181,9.208134919373009,9.659765274730692
scalability,1023,15,5,0.3,FUBA,0.8,0.75,0.6,0.6666666666666665,3,9,1,2,0.7727272727272727,17.812503931269703,26.627284154525686
scalability,1023,15,5,0.3,GALTrust,0.6666666666666666,0.5,0.2,0.28571428571428575,1,9,1,4,0.7227272727272728,29.5504795494602,40.874548319767904
scalability,1023,15,5,0.3,GDM-DTM,0.7333333333333333,0.6,0.6,0.6,3,8,2,2,0.7681818181818182,17.786536074043763,23.046250821896102
scalability,1023,15,5,0.3,LR-Trust,0.7333333333333333,0.6666666666666666,0.4,0.5,2,9,1,3,0.8363636363636363,19.830234434492635,17.722566750647612
scalability,1023,15,5,0.3,MLP-Trust,0.9333333333333333,1.0,0.8,0.888888888888889,4,10,0,1,0.9227272727272727,22.70054555464655,34.25877764220185
scalability,1023,15,5,0.3,MTIM,0.9333333333333333,1.0,0.8,0.888888888888889,4,10,0,1,0.8727272727272727,34.64449347920117,51.50718238451068
scalability,1024,15,5,0.3,MFA,0.8,0.6666666666666666,0.8,0.7272727272727272,4,8,2,1,0.8681818181818182,6.701938813466032,14.04853732445411
scalability,1024,15,5,0.3,FUBA,0.8666666666666667,0.8,0.8,0.8000000000000002,4,9,1,1,0.8227272727272728,14.794710080863716,13.849913113064094
scalability,1024,15,5,0.3,GALTrust,0.8,1.0,0.4,0.5714285714285715,2,10,0,3,0.8045454545454546,33.51180242989609,38.88520747584006
scalability,1024,15,5,0.3,GDM-DTM,0.8,0.6666666666666666,0.8,0.7272727272727272,4,8,2,1,0.85,23.17849009668505,20.685416481267758
scalability,1024,15,5,0.3,LR-Trust,0.9333333333333333,1.0,0.8,0.888888888888889,4,10,0,1,0.9181818181818182,21.847896513179496,27.832313965679703
scalability,1024,15,5,0.3,MLP-Trust,1.0,1.0,1.0,1.0,5,10,0,0,0.9409090909090909,25.560414456830806,33.13871391537952
scalability,1024,15,5,0.3,MTIM,1.0,1.0,1.0,1.0,5,10,0,0,0.9363636363636364,34.828117456800186,56.320649366441216
scalability,1025,15,5,0.3,MFA,0.8666666666666667,0.8,0.8,0.8000000000000002,4,9,1,1,0.8,11.736612071611614,10.67587307499436
scalability,1025,15,5,0.3,FUBA,1.0,1.0,1.0,1.0,5,10,0,0,0.8772727272727273,19.62020085805415,16.415664849957118
scalability,1025,15,5,0.3,GALTrust,0.8666666666666667,1.0,0.6,0.7499999999999999,3,10,0,2,0.8772727272727273,32.12193394423344,36.72860598092464
scalability,1025,15,5,0.3,GDM-DTM,0.9333333333333333,1.0,0.8,0.888888888888889,4,10,0,1,0.8,20.702592537605646,29.482032416049694
scalability,1025,15,5,0.3,LR-Trust,0.9333333333333333,0.8333333333333334,1.0,0.9090909090909091,5,9,1,0,0.9090909090909091,19.45308262532683,23.399408072416616
scalability,1025,15,5,0.3,MLP-Trust,0.9333333333333333,0.8333333333333334,1.0,0.9090909090909091,5,9,1,0,0.9090909090909091,27.85281372945868,35.41522593848991
scalability,1025,15,5,0.3,MTIM,0.9333333333333333,0.8333333333333334,1.0,0.9090909090909091,5,9,1,0,0.9272727272727272,32.55880030103473,57.98605622001496
scalability,1026,15,5,0.3,MFA,0.9333333333333333,0.8333333333333334,1.0,0.9090909090909091,5,9,1,0,0.8545454545454545,11.261247727269012,1.5105198147818868
scalability,1026,15,5,0.3,FUBA,0.8666666666666667,0.8,0.8,0.8000000000000002,4,9,1,1,0.8454545454545455,19.30318383109883,18.419124412894558
scalability,1026,15,5,0.3,GALTrust,0.8666666666666667,1.0,0.6,0.7499999999999999,3,10,0,2,0.7681818181818182,31.7099992973359,41.183250760282725
scalability,1026,15,5,0.3,GDM-DTM,0.9333333333333333,0.8333333333333334,1.0,0.9090909090909091,5,9,1,0,0.9181818181818182,19.27013838172441,16.433644069501646
scalability,1026,15,5,0.3,LR-Trust,1.0,1.0,1.0,1.0,5,10,0,0,0.9090909090909091,20.16633142272785,19.58845358750915
scalability,1026,15,5,0.3,MLP-Trust,1.0,1.0,1.0,1.0,5,10,0,0,0.8772727272727273,28.663785902812382,33.35680470986764
scalability,1026,15,5,0.3,MTIM,1.0,1.0,1.0,1.0,5,10,0,0,0.9227272727272727,34.84608167524025,58.31067883382576
scalability,1027,15,5,0.3,MFA,0.8,0.75,0.6,0.6666666666666665,3,9,1,2,0.7818181818181819,13.715284008291361,6.828106678196952
scalability,1027,15,5,0.3,FUBA,0.7333333333333333,0.6666666666666666,0.4,0.5,2,9,1,3,0.7772727272727272,17.28121426895097,19.09256296233915
scalability,1027,15,5,0.3,GALTrust,0.7333333333333333,1.0,0.2,0.33333333333333337,1,10,0,4,0.7363636363636363,31.7883248061673,47.23832482573797
scalability,1027,15,5,0.3,GDM-DTM,0.7333333333333333,0.6,0.6,0.6,3,8,2,2,0.8318181818181818,19.080991332070166,21.568375213014402
scalability,1027,15,5,0.3,LR-Trust,0.8,0.6666666666666666,0.8,0.7272727272727272,4,8,2,1,0.8681818181818182,23.957648243797824,28.73960803268004
scalability,1027,15,5,0.3,MLP-Trust,0.8,0.625,1.0,0.7692307692307693,5,7,3,0,0.8909090909090909,24.912300660124732,30.197374341621483
scalability,1027,15,5,0.3,MTIM,0.8,0.625,1.0,0.7692307692307693,5,7,3,0,0.9227272727272727,32.96190350246606,53.643026824400856
scalability,1028,15,5,0.3,MFA,0.7333333333333333,0.6666666666666666,0.4,0.5,2,9,1,3,0.7727272727272727,14.071726037697868,16.23055426373156
scalability,1028,15,5,0.3,FUBA,0.9333333333333333,1.0,0.8,0.888888888888889,4,10,0,1,0.8227272727272728,16.06885847059717,18.365619705655703
scalability,1028,15,5,0.3,GALTrust,0.8,1.0,0.4,0.5714285714285715,2,10,0,3,0.7454545454545455,29.33909019022455,38.67269962231979
scalability,1028,15,5,0.3,GDM-DTM,0.8666666666666667,0.8,0.8,0.8000000000000002,4,9,1,1,0.8090909090909091,18.42890985810609,17.413212208957518
scalability,1028,15,5,0.3,LR-Trust,0.9333333333333333,0.8333333333333334,1.0,0.9090909090909091,5,9,1,0,0.9045454545454545,21.455674024447728,22.543721068862315
scalability,1028,15,5,0.3,MLP-Trust,1.0,1.0,1.0,1.0,5,10,0,0,0.8954545454545455,27.07881679834042,37.4630765264163
scalability,1028,15,5,0.3,MTIM,1.0,1.0,1.0,1.0,5,10,0,0,0.9227272727272727,33.67227293974743,54.396236430716414
scalability,1029,15,5,0.3,MFA,0.9333333333333333,1.0,0.8,0.888888888888889,4,10,0,1,0.8136363636363636,13.080029257565593,8.438446293730994
scalability,1029,15,5,0.3,FUBA,0.9333333333333333,1.0,0.8,0.888888888888889,4,10,0,1,0.8,17.413426888874103,21.8336644756933
scalability,1029,15,5,0.3,GALTrust,0.8,1.0,0.4,0.5714285714285715,2,10,0,3,0.7363636363636363,31.158351196279895,43.217976793657414
scalability,1029,15,5,0.3,GDM-DTM,0.9333333333333333,1.0,0.8,0.888888888888889,4,10,0,1,0.8318181818181818,20.401853807973094,18.412670742744066
scalability,1029,15,5,0.3,LR-Trust,0.9333333333333333,1.0,0.8,0.888888888888889,4,10,0,1,0.8863636363636364,20.86741968811767,27.189086802581887
scalability,1029,15,5,0.3,MLP-Trust,0.9333333333333333,1.0,0.8,0.888888888888889,4,10,0,1,0.8909090909090909,25.194143188187518,34.99717434808378
scalability,1029,15,5,0.3,MTIM,1.0,1.0,1.0,1.0,5,10,0,0,0.9136363636363637,32.57038478498561,60.713236843351226
scalability,1030,15,5,0.3,MFA,0.8666666666666667,1.0,0.6,0.7499999999999999,3,10,0,2,0.7772727272727272,15.292970347912657,4.791867535335294
scalability,1030,15,5,0.3,FUBA,0.9333333333333333,0.8333333333333334,1.0,0.9090909090909091,5,9,1,0,0.8727272727272727,16.955386938615177,16.68792260726568
scalability,1030,15,5,0.3,GALTrust,0.7333333333333333,1.0,0.2,0.33333333333333337,1,10,0,4,0.7909090909090909,31.64801644052489,39.57218363354466
scalability,1030,15,5,0.3,GDM-DTM,0.8666666666666667,0.8,0.8,0.8000000000000002,4,9,1,1,0.8136363636363636,20.275445758147217,16.67511378289072
scalability,1030,15,5,0.3,LR-Trust,0.9333333333333333,1.0,0.8,0.888888888888889,4,10,0,1,0.8681818181818182,20.173343796412144,18.98280971305831
scalability,1030,15,5,0.3,MLP-Trust,1.0,1.0,1.0,1.0,5,10,0,0,0.8954545454545455,23.979929129416554,36.254936483154395
scalability,1030,15,5,0.3,MTIM,1.0,1.0,1.0,1.0,5,10,0,0,0.9318181818181818,32.715726936159584,61.986849924642044
scalability,1031,15,5,0.3,MFA,0.6666666666666666,0.5,0.8,0.6153846153846154,4,6,4,1,0.8227272727272728,11.918670241734235,16.734514795329574
scalability,1031,15,5,0.3,FUBA,0.7333333333333333,0.5714285714285714,0.8,0.6666666666666666,4,7,3,1,0.8136363636363636,18.250494752507464,14.499825602280858
scalability,1031,15,5,0.3,GALTrust,0.8,1.0,0.4,0.5714285714285715,2,10,0,3,0.7681818181818182,31.297514814158028,37.635829879122284
scalability,1031,15,5,0.3,GDM-DTM,0.6666666666666666,0.5,0.4,0.4444444444444445,2,8,2,3,0.7772727272727272,20.48468448618188,23.01975743808603
scalability,1031,15,5,0.3,LR-Trust,0.6666666666666666,0.5,0.8,0.6153846153846154,4,6,4,1,0.85,21.891563303362606,22.321806709141825
scalability,1031,15,5,0.3,MLP-Trust,0.8666666666666667,0.8,0.8,0.8000000000000002,4,9,1,1,0.8590909090909091,25.25571653697031,36.05466753657948
scalability,1031,15,5,0.3,MTIM,0.8,0.6666666666666666,0.8,0.7272727272727272,4,8,2,1,0.8863636363636364,38.4280486811674,52.191062053989874
scalability,1032,15,5,0.3,MFA,0.7333333333333333,0.6,0.6,0.6,3,8,2,2,0.7272727272727273,13.295918065932012,14.067393870946585
scalability,1032,15,5,0.3,FUBA,1.0,1.0,1.0,1.0,5,10,0,0,0.8772727272727273,21.03734958252152,22.222879386357658
scalability,1032,15,5,0.3,GALTrust,0.7333333333333333,1.0,0.2,0.33333333333333337,1,10,0,4,0.7636363636363637,30.182182666544723,37.52741093944035
scalability,1032,15,5,0.3,GDM-DTM,0.8666666666666667,1.0,0.6,0.7499999999999999,3,10,0,2,0.7863636363636364,15.68987308323605,25.83739993392641
scalability,1032,15,5,0.3,LR-Trust,0.9333333333333333,1.0,0.8,0.888888888888889,4,10,0,1,0.8772727272727273,20.08348280308578,20.968754994212603
scalability,1032,15,5,0.3,MLP-Trust,1.0,1.0,1.0,1.0,5,10,0,0,0.9045454545454545,25.91364006873211,37.091575147121645
scalability,1032,15,5,0.3,MTIM,1.0,1.0,1.0,1.0,5,10,0,0,0.9545454545454546,32.14117351417565,56.07429345582324
scalability,1033,15,5,0.3,MFA,0.6666666666666666,0.5,0.8,0.6153846153846154,4,6,4,1,0.8,12.884676948706048,10.437293082405565
scalability,1033,15,5,0.3,FUBA,0.8,0.625,1.0,0.7692307692307693,5,7,3,0,0.8681818181818182,13.612922223239059,17.702960348115305
scalability,1033,15,5,0.3,GALTrust,0.7333333333333333,1.0,0.2,0.33333333333333337,1,10,0,4,0.6863636363636364,31.082613361985164,42.02400365302007
scalability,1033,15,5,0.3,GDM-DTM,0.9333333333333333,1.0,0.8,0.888888888888889,4,10,0,1,0.8045454545454546,20.463191542623786,23.054243118054085
scalability,1033,15,5,0.3,LR-Trust,0.8,0.75,0.6,0.6666666666666665,3,9,1,2,0.9,21.018501530948992,21.226424527658427
scalability,1033,15,5,0.3,MLP-Trust,1.0,1.0,1.0,1.0,5,10,0,0,0.9363636363636364,26.823763578794765,38.00321387468656
scalability,1033,15,5,0.3,MTIM,1.0,1.0,1.0,1.0,5,10,0,0,0.9272727272727272,31.73609395927847,57.99845509347321
scalability,1034,15,5,0.3,MFA,1.0,1.0,1.0,1.0,5,10,0,0,0.8409090909090909,10.82255154672464,6.68954341333317
scalability,1034,15,5,0.3,FUBA,0.9333333333333333,1.0,0.8,0.888888888888889,4,10,0,1,0.8090909090909091,17.122812639657546,22.72389306830309
scalability,1034,15,5,0.3,GALTrust,0.7333333333333333,1.0,0.2,0.33333333333333337,1,10,0,4,0.7181818181818181,27.7730795186511,39.15702652945475
scalability,1034,15,5,0.3,GDM-DTM,1.0,1.0,1.0,1.0,5,10,0,0,0.8863636363636364,15.469668213694863,21.0253335400277
scalability,1034,15,5,0.3,LR-Trust,1.0,1.0,1.0,1.0,5,10,0,0,0.8909090909090909,22.881158020233478,26.61731164169278
scalability,1034,15,5,0.3,MLP-Trust,1.0,1.0,1.0,1.0,5,10,0,0,0.8954545454545455,25.57610409874492,31.84152874897592
scalability,1034,15,5,0.3,MTIM,1.0,1.0,1.0,1.0,5,10,0,0,0.9363636363636364,32.906843011146584,50.613948136328126
scalability,1035,15,5,0.3,MFA,0.6,0.4444444444444444,0.8,0.5714285714285714,4,5,5,1,0.7090909090909091,9.842530949037167,6.418133691924274
scalability,1035,15,5,0.3,FUBA,0.8,0.75,0.6,0.6666666666666665,3,9,1,2,0.8181818181818182,16.875936390934044,22.774770779137498
scalability,1035,15,5,0.3,GALTrust,0.7333333333333333,1.0,0.2,0.33333333333333337,1,10,0,4,0.6909090909090909,30.61044133239919,40.003060638526605
scalability,1035,15,5,0.3,GDM-DTM,0.7333333333333333,0.5714285714285714,0.8,0.6666666666666666,4,7,3,1,0.7772727272727272,22.594285734490022,18.283482155252365
scalability,1035,15,5,0.3,LR-Trust,0.9333333333333333,1.0,0.8,0.888888888888889,4,10,0,1,0.8727272727272727,22.037757440272546,22.952778817729012
scalability,1035,15,5,0.3,MLP-Trust,0.9333333333333333,0.8333333333333334,1.0,0.9090909090909091,5,9,1,0,0.9227272727272727,29.268445410280947,37.987660543522196
scalability,1035,15,5,0.3,MTIM,0.9333333333333333,0.8333333333333334,1.0,0.9090909090909091,5,9,1,0,0.9454545454545454,33.97844983610001,53.489052486569555
scalability,1036,15,5,0.3,MFA,0.8666666666666667,1.0,0.6,0.7499999999999999,3,10,0,2,0.8227272727272728,12.619726149006011,16.3185008941294
scalability,1036,15,5,0.3,FUBA,0.9333333333333333,1.0,0.8,0.888888888888889,4,10,0,1,0.8272727272727273,17.736163785640212,21.156890535078578
scalability,1036,15,5,0.3,GALTrust,0.8,1.0,0.4,0.5714285714285715,2,10,0,3,0.7727272727272727,34.25515646855347,48.99639600088119
scalability,1036,15,5,0.3,GDM-DTM,0.8,0.75,0.6,0.6666666666666665,3,9,1,2,0.8,18.7259907342573,18.995504694165575
scalability,1036,15,5,0.3,LR-Trust,0.9333333333333333,1.0,0.8,0.888888888888889,4,10,0,1,0.8590909090909091,21.61703652115322,25.07730219616793
scalability,1036,15,5,0.3,MLP-Trust,1.0,1.0,1.0,1.0,5,10,0,0,0.9090909090909091,23.357374140883604,46.9743660401187
scalability,1036,15,5,0.3,MTIM,1.0,1.0,1.0,1.0,5,10,0,0,0.95,32.3871070353975,64.88380680731268
scalability,1037,15,5,0.3,MFA,0.8,0.75,0.6,0.6666666666666665,3,9,1,2,0.7772727272727272,12.378720082838878,10.896594948040063
scalability,1037,15,5,0.3,FUBA,0.8,0.6666666666666666,0.8,0.7272727272727272,4,8,2,1,0.8363636363636363,13.964230303064667,16.074888625430418
scalability,1037,15,5,0.3,GALTrust,0.8,1.0,0.4,0.5714285714285715,2,10,0,3,0.7909090909090909,33.43920335853237,44.33556859902686
scalability,1037,15,5,0.3,GDM-DTM,0.8,0.6666666666666666,0.8,0.7272727272727272,4,8,2,1,0.8136363636363636,19.003959737260722,12.248459191280128
scalability,1037,15,5,0.3,LR-Trust,0.8666666666666667,1.0,0.6,0.7499999999999999,3,10,0,2,0.8272727272727273,18.259041076567016,18.392389645832584
scalability,1037,15,5,0.3,MLP-Trust,1.0,1.0,1.0,1.0,5,10,0,0,0.9,28.020587274882907,35.145881996215735
scalability,1037,15,5,0.3,MTIM,1.0,1.0,1.0,1.0,5,10,0,0,0.9272727272727272,32.16954430587606,58.25491547409792
scalability,1038,15,5,0.3,MFA,0.7333333333333333,0.6666666666666666,0.4,0.5,2,9,1,3,0.7636363636363637,9.898804837575545,13.076270860105703
scalability,1038,15,5,0.3,FUBA,1.0,1.0,1.0,1.0,5,10,0,0,0.9,16.815050087947586,14.208953687081582
scalability,1038,15,5,0.3,GALTrust,0.8,1.0,0.4,0.5714285714285715,2,10,0,3,0.7954545454545454,29.602145110377613,34.953957325910515
scalability,1038,15,5,0.3,GDM-DTM,0.8666666666666667,0.8,0.8,0.8000000000000002,4,9,1,1,0.8090909090909091,19.380864311681844,19.782787133186513
scalability,1038,15,5,0.3,LR-Trust,0.9333333333333333,1.0,0.8,0.888888888888889,4,10,0,1,0.8909090909090909,20.26566301199317,25.247132376685556
scalability,1038,15,5,0.3,MLP-Trust,1.0,1.0,1.0,1.0,5,10,0,0,0.9136363636363637,20.820738160361685,36.59945545769618
scalability,1038,15,5,0.3,MTIM,1.0,1.0,1.0,1.0,5,10,0,0,0.9272727272727272,36.433891935343745,69.12072853311102
scalability,1039,15,5,0.3,MFA,0.7333333333333333,0.5714285714285714,0.8,0.6666666666666666,4,7,3,1,0.8181818181818182,10.817149283645438,10.086326752844704
scalability,1039,15,5,0.3,FUBA,0.7333333333333333,0.6,0.6,0.6,3,8,2,2,0.7909090909090909,15.045133123914272,8.575069880169957
scalability,1039,15,5,0.3,GALTrust,0.8666666666666667,1.0,0.6,0.7499999999999999,3,10,0,2,0.8227272727272728,31.962433539987835,41.91198570539241
scalability,1039,15,5,0.3,GDM-DTM,0.8,0.75,0.6,0.6666666666666665,3,9,1,2,0.7954545454545454,19.54326407403008,17.503856819024083
scalability,1039,15,5,0.3,LR-Trust,0.8,0.6666666666666666,0.8,0.7272727272727272,4,8,2,1,0.8454545454545455,17.97328417797451,25.327103384369178
scalability,1039,15,5,0.3,MLP-Trust,1.0,1.0,1.0,1.0,5,10,0,0,0.8772727272727273,25.37802961705508,36.90220604517003
scalability,1039,15,5,0.3,MTIM,0.9333333333333333,1.0,0.8,0.888888888888889,4,10,0,1,0.8636363636363636,33.46184853693849,53.265698142946135
scalability,1040,15,5,0.3,MFA,0.6,0.42857142857142855,0.6,0.5,3,6,4,2,0.75,13.318810590504436,12.463102985984555
scalability,1040,15,5,0.3,FUBA,0.8666666666666667,0.8,0.8,0.8000000000000002,4,9,1,1,0.8636363636363636,17.419227747488435,17.816405183652567
scalability,1040,15,5,0.3,GALTrust,0.7333333333333333,1.0,0.2,0.33333333333333337,1,10,0,4,0.7136363636363636,29.193862449733384,29.440523675287338
scalability,1040,15,5,0.3,GDM-DTM,0.8666666666666667,0.7142857142857143,1.0,0.8333333333333333,5,8,2,0,0.8363636363636363,19.752541988020077,25.496920482545423
scalability,1040,15,5,0.3,LR-Trust,0.8666666666666667,0.8,0.8,0.8000000000000002,4,9,1,1,0.8772727272727273,23.10794719224815,22.036455779786085
scalability,1040,15,5,0.3,MLP-Trust,1.0,1.0,1.0,1.0,5,10,0,0,0.9,23.86300509473792,33.947523955989446
scalability,1040,15,5,0.3,MTIM,0.9333333333333333,0.8333333333333334,1.0,0.9090909090909091,5,9,1,0,0.9181818181818182,32.82670239862179,61.485974710953656
scalability,1041,15,5,0.3,MFA,0.6666666666666666,0.5,0.6,0.5454545454545454,3,7,3,2,0.8,11.586127668418042,9.586912093040356
scalability,1041,15,5,0.3,FUBA,0.9333333333333333,1.0,0.8,0.888888888888889,4,10,0,1,0.85,17.05609341718392,13.763334375502563
scalability,1041,15,5,0.3,GALTrust,0.8666666666666667,1.0,0.6,0.7499999999999999,3,10,0,2,0.7727272727272727,31.073692215392505,37.478834655265295
scalability,1041,15,5,0.3,GDM-DTM,0.8666666666666667,1.0,0.6,0.7499999999999999,3,10,0,2,0.7636363636363637,20.78950394456832,23.978728876644546
scalability,1041,15,5,0.3,LR-Trust,0.9333333333333333,1.0,0.8,0.888888888888889,4,10,0,1,0.8863636363636364,18.66664223047984,25.042498168935737
scalability,1041,15,5,0.3,MLP-Trust,0.9333333333333333,1.0,0.8,0.888888888888889,4,10,0,1,0.8590909090909091,22.40372357920032,38.64999574321322
scalability,1041,15,5,0.3,MTIM,0.9333333333333333,1.0,0.8,0.888888888888889,4,10,0,1,0.8772727272727273,33.77370435302314,55.120550341759895
scalability,1042,15,5,0.3,MFA,0.8666666666666667,0.8,0.8,0.8000000000000002,4,9,1,1,0.7909090909090909,12.772300625704263,10.518524185388403
scalability,1042,15,5,0.3,FUBA,0.8,0.6666666666666666,0.8,0.7272727272727272,4,8,2,1,0.85,16.604005159867395,19.60586183356481
scalability,1042,15,5,0.3,GALTrust,0.8666666666666667,1.0,0.6,0.7499999999999999,3,10,0,2,0.8136363636363636,32.504709538501466,42.70375119526139
scalability,1042,15,5,0.3,GDM-DTM,0.8,0.75,0.6,0.6666666666666665,3,9,1,2,0.8227272727272728,17.450642216637092,21.866624418670682
scalability,1042,15,5,0.3,LR-Trust,1.0,1.0,1.0,1.0,5,10,0,0,0.9090909090909091,20.705069542019523,19.57655937931092
scalability,1042,15,5,0.3,MLP-Trust,0.9333333333333333,0.8333333333333334,1.0,0.9090909090909091,5,9,1,0,0.9181818181818182,25.993140091780127,37.9515880030987
scalability,1042,15,5,0.3,MTIM,0.9333333333333333,0.8333333333333334,1.0,0.9090909090909091,5,9,1,0,0.9227272727272727,33.700994735918364,58.96112588945433
scalability,1043,15,5,0.3,MFA,1.0,1.0,1.0,1.0,5,10,0,0,0.85,12.993987539946321,16.21097649346283
scalability,1043,15,5,0.3,FUBA,0.9333333333333333,0.8333333333333334,1.0,0.9090909090909091,5,9,1,0,0.8727272727272727,15.860454435881438,16.334622145785847
scalability,1043,15,5,0.3,GALTrust,0.7333333333333333,1.0,0.2,0.33333333333333337,1,10,0,4,0.7818181818181819,29.93248664409274,46.91758482138761
scalability,1043,15,5,0.3,GDM-DTM,0.9333333333333333,0.8333333333333334,1.0,0.9090909090909091,5,9,1,0,0.8454545454545455,20.444210051990453,21.686246065226513
scalability,1043,15,5,0.3,LR-Trust,0.9333333333333333,0.8333333333333334,1.0,0.9090909090909091,5,9,1,0,0.8863636363636364,21.364265594970437,28.141836686354388
scalability,1043,15,5,0.3,MLP-Trust,1.0,1.0,1.0,1.0,5,10,0,0,0.9227272727272727,22.01511363267936,33.105623314533695
scalability,1043,15,5,0.3,MTIM,0.9333333333333333,0.8333333333333334,1.0,0.9090909090909091,5,9,1,0,0.9272727272727272,31.611243746150173,50.1506944322719
scalability,1044,15,5,0.3,MFA,0.7333333333333333,0.6,0.6,0.6,3,8,2,2,0.8181818181818182,9.531671232438093,8.679717748576214
scalability,1044,15,5,0.3,FUBA,0.8,1.0,0.4,0.5714285714285715,2,10,0,3,0.7272727272727273,17.576798542976032,14.3354266011594
scalability,1044,15,5,0.3,GALTrust,0.7333333333333333,1.0,0.2,0.33333333333333337,1,10,0,4,0.7090909090909091,32.34080971407276,41.54888722368573
scalability,1044,15,5,0.3,GDM-DTM,0.8,0.625,1.0,0.7692307692307693,5,7,3,0,0.8818181818181818,20.562408654345788,25.737135631301335
scalability,1044,15,5,0.3,LR-Trust,0.9333333333333333,1.0,0.8,0.888888888888889,4,10,0,1,0.8954545454545455,23.068049687756808,23.86468761113225
scalability,1044,15,5,0.3,MLP-Trust,0.9333333333333333,1.0,0.8,0.888888888888889,4,10,0,1,0.7772727272727272,22.06688805487442,39.91529361661
scalability,1044,15,5,0.3,MTIM,1.0,1.0,1.0,1.0,5,10,0,0,0.9045454545454545,35.173605234169834,57.47495779997661
scalability,1045,15,5,0.3,MFA,0.8,0.6666666666666666,0.8,0.7272727272727272,4,8,2,1,0.8272727272727273,9.814474751916572,3.9542926121284383
scalability,1045,15,5,0.3,FUBA,0.9333333333333333,0.8333333333333334,1.0,0.9090909090909091,5,9,1,0,0.8409090909090909,15.860621106564794,24.618803956075727
scalability,1045,15,5,0.3,GALTrust,0.7333333333333333,1.0,0.2,0.33333333333333337,1,10,0,4,0.7727272727272727,34.032148814239655,38.94840551771725
scalability,1045,15,5,0.3,GDM-DTM,0.7333333333333333,0.6,0.6,0.6,3,8,2,2,0.7681818181818182,20.77010307315166,20.335876542876928
scalability,1045,15,5,0.3,LR-Trust,0.8666666666666667,0.7142857142857143,1.0,0.8333333333333333,5,8,2,0,0.8954545454545455,22.679415779836596,25.10543969356638
scalability,1045,15,5,0.3,MLP-Trust,1.0,1.0,1.0,1.0,5,10,0,0,0.9454545454545454,26.7255249807413,37.35759216788901
scalability,1045,15,5,0.3,MTIM,1.0,1.0,1.0,1.0,5,10,0,0,0.9681818181818181,36.201460280289034,58.047228019015634
scalability,1046,15,5,0.3,MFA,0.6666666666666666,0.5,0.6,0.5454545454545454,3,7,3,2,0.7227272727272728,10.24890932590791,20.75381752912663
scalability,1046,15,5,0.3,FUBA,0.8,0.6666666666666666,0.8,0.7272727272727272,4,8,2,1,0.8090909090909091,18.160077569163803,13.741806720286089
scalability,1046,15,5,0.3,GALTrust,0.8,1.0,0.4,0.5714285714285715,2,10,0,3,0.7727272727272727,31.364131131360285,39.30100356625045
scalability,1046,15,5,0.3,GDM-DTM,0.7333333333333333,0.5714285714285714,0.8,0.6666666666666666,4,7,3,1,0.8045454545454546,18.07050486241332,19.84799228398203
scalability,1046,15,5,0.3,LR-Trust,0.8,0.6666666666666666,0.8,0.7272727272727272,4,8,2,1,0.9136363636363637,23.246202524533718,21.06928023806773
scalability,1046,15,5,0.3,MLP-Trust,1.0,1.0,1.0,1.0,5,10,0,0,0.9136363636363637,26.708078195441857,38.590127993161424
scalability,1046,15,5,0.3,MTIM,1.0,1.0,1.0,1.0,5,10,0,0,0.8954545454545455,36.79130891480335,55.39071632787308
scalability,1047,15,5,0.3,MFA,0.9333333333333333,0.8333333333333334,1.0,0.9090909090909091,5,9,1,0,0.8545454545454545,10.493422000164816,12.082678131741687
scalability,1047,15,5,0.3,FUBA,0.8,0.625,1.0,0.7692307692307693,5,7,3,0,0.8545454545454545,17.338590285844866,17.725026019744114
scalability,1047,15,5,0.3,GALTrust,0.8,1.0,0.4,0.5714285714285715,2,10,0,3,0.7363636363636363,32.66392455124445,42.936105818792285
scalability,1047,15,5,0.3,GDM-DTM,0.8,0.6666666666666666,0.8,0.7272727272727272,4,8,2,1,0.7818181818181819,21.38645379247053,22.570114881764553
scalability,1047,15,5,0.3,LR-Trust,0.7333333333333333,0.5714285714285714,0.8,0.6666666666666666,4,7,3,1,0.8409090909090909,21.795388255521416,27.441361987148262
scalability,1047,15,5,0.3,MLP-Trust,0.9333333333333333,1.0,0.8,0.888888888888889,4,10,0,1,0.8272727272727273,22.500826706219655,42.190353371124104
scalability,1047,15,5,0.3,MTIM,1.0,1.0,1.0,1.0,5,10,0,0,0.9090909090909091,31.73425325879854,52.40181177354723
scalability,1048,15,5,0.3,MFA,0.7333333333333333,0.6666666666666666,0.4,0.5,2,9,1,3,0.7090909090909091,9.275259414971817,6.177629031285131
scalability,1048,15,5,0.3,FUBA,0.8666666666666667,0.7142857142857143,1.0,0.8333333333333333,5,8,2,0,0.9,14.792809778824239,18.773534485996766
scalability,1048,15,5,0.3,GALTrust,0.7333333333333333,1.0,0.2,0.33333333333333337,1,10,0,4,0.7272727272727273,31.667556674496506,42.50854607747449
scalability,1048,15,5,0.3,GDM-DTM,0.8666666666666667,0.8,0.8,0.8000000000000002,4,9,1,1,0.8090909090909091,17.983544680421833,24.26185078771119
scalability,1048,15,5,0.3,LR-Trust,0.9333333333333333,1.0,0.8,0.888888888888889,4,10,0,1,0.9,21.316179339549013,31.945969216454586
scalability,1048,15,5,0.3,MLP-Trust,0.9333333333333333,1.0,0.8,0.888888888888889,4,10,0,1,0.8272727272727273,25.500010830963223,36.61367718301942
scalability,1048,15,5,0.3,MTIM,0.9333333333333333,1.0,0.8,0.888888888888889,4,10,0,1,0.8454545454545455,32.37283276204429,63.1239080552582
scalability,1049,15,5,0.3,MFA,0.8666666666666667,0.8,0.8,0.8000000000000002,4,9,1,1,0.8272727272727273,12.188052040204507,10.55455005685543
scalability,1049,15,5,0.3,FUBA,1.0,1.0,1.0,1.0,5,10,0,0,0.8727272727272727,16.751346709726306,16.031022674198205
scalability,1049,15,5,0.3,GALTrust,0.8666666666666667,1.0,0.6,0.7499999999999999,3,10,0,2,0.8090909090909091,30.887400510212196,36.48398805716052
scalability,1049,15,5,0.3,GDM-DTM,1.0,1.0,1.0,1.0,5,10,0,0,0.8545454545454545,19.73593635325064,26.09063657945711
scalability,1049,15,5,0.3,LR-Trust,1.0,1.0,1.0,1.0,5,10,0,0,0.9409090909090909,19.61182557045013,35.04557060699612
scalability,1049,15,5,0.3,MLP-Trust,1.0,1.0,1.0,1.0,5,10,0,0,0.9136363636363637,24.963986207096326,38.71342264337308
scalability,1049,15,5,0.3,MTIM,1.0,1.0,1.0,1.0,5,10,0,0,0.9181818181818182,32.68104974660018,58.28973869522459
figure_ratio,1000,15,5,0.4,MFA,0.9333333333333333,1.0,0.8333333333333334,0.9090909090909091,5,9,0,1,0.7818181818181819,8.851641650304934,19.684003035393246
figure_ratio,1000,15,5,0.4,FUBA,0.8666666666666667,0.8333333333333334,0.8333333333333334,0.8333333333333334,5,8,1,1,0.7909090909090909,16.948506438164266,18.9642867029369
figure_ratio,1000,15,5,0.4,GALTrust,0.6666666666666666,1.0,0.16666666666666666,0.2857142857142857,1,9,0,5,0.7636363636363637,27.94664068678791,46.322772982871726
figure_ratio,1000,15,5,0.4,GDM-DTM,0.9333333333333333,1.0,0.8333333333333334,0.9090909090909091,5,9,0,1,0.8272727272727273,19.754795859177193,24.072907619742704
figure_ratio,1000,15,5,0.4,LR-Trust,1.0,1.0,1.0,1.0,6,9,0,0,0.9,21.330602447051096,27.590290428662314
figure_ratio,1000,15,5,0.4,MLP-Trust,1.0,1.0,1.0,1.0,6,9,0,0,0.8954545454545455,25.9475890120982,38.24642754144285
figure_ratio,1000,15,5,0.4,MTIM,1.0,1.0,1.0,1.0,6,9,0,0,0.9136363636363637,37.58606634986547,60.579199701434156
figure_ratio,1001,15,5,0.4,MFA,0.6666666666666666,0.5555555555555556,0.8333333333333334,0.6666666666666667,5,5,4,1,0.7772727272727272,11.585739319846324,9.233210815902632
figure_ratio,1001,15,5,0.4,FUBA,0.6666666666666666,0.5714285714285714,0.6666666666666666,0.6153846153846153,4,6,3,2,0.759090909090909,16.525035690581465,14.563581286766844
figure_ratio,1001,15,5,0.4,GALTrust,0.6,0.5,0.16666666666666666,0.25,1,8,1,5,0.6863636363636364,31.40035539756998,35.16495337893679
figure_ratio,1001,15,5,0.4,GDM-DTM,0.7333333333333333,0.6666666666666666,0.6666666666666666,0.6666666666666666,4,7,2,2,0.7090909090909091,17.966260832269235,16.70430684593421
figure_ratio,1001,15,5,0.4,LR-Trust,0.6666666666666666,0.5714285714285714,0.6666666666666666,0.6153846153846153,4,6,3,2,0.7545454545454545,23.186021259572325,21.45610652482243
figure_ratio,1001,15,5,0.4,MLP-Trust,0.9333333333333333,1.0,0.8333333333333334,0.9090909090909091,5,9,0,1,0.8318181818181818,27.316306813611448,37.9885138085915
figure_ratio,1001,15,5,0.4,MTIM,0.9333333333333333,1.0,0.8333333333333334,0.9090909090909091,5,9,0,1,0.8681818181818182,30.626725089439727,58.67577962583009
figure_ratio,1002,15,5,0.4,MFA,0.8666666666666667,0.75,1.0,0.8571428571428571,6,7,2,0,0.8545454545454545,11.853604084000175,3.8582519520100274
figure_ratio,1002,15,5,0.4,FUBA,0.8,0.7142857142857143,0.8333333333333334,0.7692307692307692,5,7,2,1,0.8409090909090909,15.920500595905825,23.452486072285513
figure_ratio,1002,15,5,0.4,GALTrust,0.7333333333333333,1.0,0.3333333333333333,0.5,2,9,0,4,0.7090909090909091,27.235042886433853,40.93783428968736
figure_ratio,1002,15,5,0.4,GDM-DTM,0.8666666666666667,0.8333333333333334,0.8333333333333334,0.8333333333333334,5,8,1,1,0.8454545454545455,23.05018303418806,22.423958225121048
figure_ratio,1002,15,5,0.4,LR-Trust,0.9333333333333333,0.8571428571428571,1.0,0.923076923076923,6,8,1,0,0.9181818181818182,23.118305579626945,29.197771828591616
figure_ratio,1002,15,5,0.4,MLP-Trust,1.0,1.0,1.0,1.0,6,9,0,0,0.8727272727272727,26.636697840286878,39.59072096939671
figure_ratio,1002,15,5,0.4,MTIM,0.9333333333333333,0.8571428571428571,1.0,0.923076923076923,6,8,1,0,0.9409090909090909,35.50997199711533,64.72280211341274
figure_ratio,1003,15,5,0.4,MFA,0.7333333333333333,0.75,0.5,0.6,3,8,1,3,0.7636363636363637,11.253957966095408,10.30493089559924
figure_ratio,1003,15,5,0.4,FUBA,0.8666666666666667,0.8333333333333334,0.8333333333333334,0.8333333333333334,5,8,1,1,0.8181818181818182,15.617253215601474,17.180218391121127
figure_ratio,1003,15,5,0.4,GALTrust,0.6666666666666666,1.0,0.16666666666666666,0.2857142857142857,1,9,0,5,0.7363636363636363,32.338600142427495,42.58222702895827
figure_ratio,1003,15,5,0.4,GDM-DTM,0.7333333333333333,0.6666666666666666,0.6666666666666666,0.6666666666666666,4,7,2,2,0.7318181818181818,18.860825789656847,19.19030016989285
figure_ratio,1003,15,5,0.4,LR-Trust,0.9333333333333333,0.8571428571428571,1.0,0.923076923076923,6,8,1,0,0.9181818181818182,19.775038995792777,28.633092907154104
figure_ratio,1003,15,5,0.4,MLP-Trust,1.0,1.0,1.0,1.0,6,9,0,0,0.9045454545454545,24.00888732378317,38.15316700910308
figure_ratio,1003,15,5,0.4,MTIM,1.0,1.0,1.0,1.0,6,9,0,0,0.9090909090909091,32.456305196360205,60.34636202868339
figure_ratio,1004,15,5,0.4,MFA,0.9333333333333333,1.0,0.8333333333333334,0.9090909090909091,5,9,0,1,0.8727272727272727,13.449893961599276,13.628844626456296
figure_ratio,1004,15,5,0.4,FUBA,0.7333333333333333,0.6666666666666666,0.6666666666666666,0.6666666666666666,4,7,2,2,0.7863636363636364,13.438441178672061,20.55814036696502
figure_ratio,1004,15,5,0.4,GALTrust,0.6666666666666666,1.0,0.16666666666666666,0.2857142857142857,1,9,0,5,0.65,30.107303356968558,44.12705267202752
figure_ratio,1004,15,5,0.4,GDM-DTM,0.8,0.8,0.6666666666666666,0.7272727272727272,4,8,1,2,0.740909090909091,17.799568051648503,25.916872106180907
figure_ratio,1004,15,5,0.4,LR-Trust,0.8,0.7142857142857143,0.8333333333333334,0.7692307692307692,5,7,2,1,0.9136363636363637,21.142424918928512,20.758132690597634
figure_ratio,1004,15,5,0.4,MLP-Trust,0.9333333333333333,1.0,0.8333333333333334,0.9090909090909091,5,9,0,1,0.8727272727272727,23.307795798068543,38.03341039323101
figure_ratio,1004,15,5,0.4,MTIM,0.9333333333333333,1.0,0.8333333333333334,0.9090909090909091,5,9,0,1,0.8681818181818182,33.13730225276681,56.37615069107371
figure_ratio,1005,15,5,0.4,MFA,0.6666666666666666,0.6,0.5,0.5454545454545454,3,7,2,3,0.7045454545454546,9.452511698626079,6.462280276055192
figure_ratio,1005,15,5,0.4,FUBA,0.7333333333333333,0.6666666666666666,0.6666666666666666,0.6666666666666666,4,7,2,2,0.7863636363636364,14.104970992115145,12.321125456212389
figure_ratio,1005,15,5,0.4,GALTrust,0.7333333333333333,1.0,0.3333333333333333,0.5,2,9,0,4,0.7,32.57811326114124,41.313384966519735
figure_ratio,1005,15,5,0.4,GDM-DTM,0.8,0.7142857142857143,0.8333333333333334,0.7692307692307692,5,7,2,1,0.8318181818181818,20.44096663803223,20.14029157901796
figure_ratio,1005,15,5,0.4,LR-Trust,1.0,1.0,1.0,1.0,6,9,0,0,0.8772727272727273,18.11907795554641,22.271431154390687
figure_ratio,1005,15,5,0.4,MLP-Trust,1.0,1.0,1.0,1.0,6,9,0,0,0.8909090909090909,25.29202959735359,33.15036207230356
figure_ratio,1005,15,5,0.4,MTIM,1.0,1.0,1.0,1.0,6,9,0,0,0.9227272727272727,34.236706719467634,56.2231369777411
figure_ratio,1006,15,5,0.4,MFA,0.8666666666666667,1.0,0.6666666666666666,0.8,4,9,0,2,0.7954545454545454,8.981259278441495,4.922776827515596
figure_ratio,1006,15,5,0.4,FUBA,0.8,0.8,0.6666666666666666,0.7272727272727272,4,8,1,2,0.7636363636363637,17.870422196578538,13.632018472670525
figure_ratio,1006,15,5,0.4,GALTrust,0.8,1.0,0.5,0.6666666666666666,3,9,0,3,0.6954545454545454,33.73942260178775,42.88217014414031
figure_ratio,1006,15,5,0.4,GDM-DTM,0.8,1.0,0.5,0.6666666666666666,3,9,0,3,0.7863636363636364,16.503921879530306,27.062780845454025
figure_ratio,1006,15,5,0.4,LR-Trust,0.8666666666666667,1.0,0.6666666666666666,0.8,4,9,0,2,0.8090909090909091,24.670786948983263,26.58194090375264
figure_ratio,1006,15,5,0.4,MLP-Trust,1.0,1.0,1.0,1.0,6,9,0,0,0.9136363636363637,24.693038095986793,31.545779684068464
figure_ratio,1006,15,5,0.4,MTIM,1.0,1.0,1.0,1.0,6,9,0,0,0.9272727272727272,31.963025401950535,62.124969600521396
figure_ratio,1007,15,5,0.4,MFA,0.7333333333333333,0.6666666666666666,0.6666666666666666,0.6666666666666666,4,7,2,2,0.7863636363636364,10.450606331322266,9.179553871266526
figure_ratio,1007,15,5,0.4,FUBA,0.8,0.8,0.6666666666666666,0.7272727272727272,4,8,1,2,0.7909090909090909,15.502400677221903,14.566083896202727
figure_ratio,1007,15,5,0.4,GALTrust,0.8,1.0,0.5,0.6666666666666666,3,9,0,3,0.7181818181818181,30.210235752998624,32.43139726727676
figure_ratio,1007,15,5,0.4,GDM-DTM,0.8,0.8,0.6666666666666666,0.7272727272727272,4,8,1,2,0.7545454545454545,19.395770681573687,31.93487395057408
figure_ratio,1007,15,5,0.4,LR-Trust,0.9333333333333333,1.0,0.8333333333333334,0.9090909090909091,5,9,0,1,0.8636363636363636,22.450414112142763,23.99089368900234
figure_ratio,1007,15,5,0.4,MLP-Trust,1.0,1.0,1.0,1.0,6,9,0,0,0.8772727272727273,25.10319040930479,40.05162999467708
figure_ratio,1007,15,5,0.4,MTIM,1.0,1.0,1.0,1.0,6,9,0,0,0.9363636363636364,37.07990372896636,57.77026192392041
figure_ratio,1008,15,5,0.4,MFA,0.7333333333333333,0.6666666666666666,0.6666666666666666,0.6666666666666666,4,7,2,2,0.7454545454545455,13.533705347784077,12.341364293207139
figure_ratio,1008,15,5,0.4,FUBA,0.6666666666666666,0.5714285714285714,0.6666666666666666,0.6153846153846153,4,6,3,2,0.7363636363636363,12.663251081582125,6.654588718681314
figure_ratio,1008,15,5,0.4,GALTrust,0.6666666666666666,1.0,0.16666666666666666,0.2857142857142857,1,9,0,5,0.6590909090909091,32.65041687873053,38.67458206345009
figure_ratio,1008,15,5,0.4,GDM-DTM,0.9333333333333333,1.0,0.8333333333333334,0.9090909090909091,5,9,0,1,0.8,18.941147408289638,18.39997676199101
figure_ratio,1008,15,5,0.4,LR-Trust,0.9333333333333333,1.0,0.8333333333333334,0.9090909090909091,5,9,0,1,0.8318181818181818,24.11335687297183,26.708291261671533
figure_ratio,1008,15,5,0.4,MLP-Trust,0.9333333333333333,1.0,0.8333333333333334,0.9090909090909091,5,9,0,1,0.8772727272727273,25.01547690391327,39.174811642589354
figure_ratio,1008,15,5,0.4,MTIM,0.8666666666666667,0.8333333333333334,0.8333333333333334,0.8333333333333334,5,8,1,1,0.8681818181818182,32.8021917585565,57.57830549733596
figure_ratio,1009,15,5,0.4,MFA,0.9333333333333333,1.0,0.8333333333333334,0.9090909090909091,5,9,0,1,0.8545454545454545,11.85076505045124,15.69867786697795
figure_ratio,1009,15,5,0.4,FUBA,0.9333333333333333,1.0,0.8333333333333334,0.9090909090909091,5,9,0,1,0.8545454545454545,16.571073986457293,21.95257670360562
figure_ratio,1009,15,5,0.4,GALTrust,0.8,1.0,0.5,0.6666666666666666,3,9,0,3,0.7818181818181819,31.752904596992092,48.02605201975853
figure_ratio,1009,15,5,0.4,GDM-DTM,0.9333333333333333,1.0,0.8333333333333334,0.9090909090909091,5,9,0,1,0.8181818181818182,20.461531473232455,18.250691087805272
figure_ratio,1009,15,5,0.4,LR-Trust,1.0,1.0,1.0,1.0,6,9,0,0,0.8863636363636364,21.538505538649336,31.633006489560806
figure_ratio,1009,15,5,0.4,MLP-Trust,1.0,1.0,1.0,1.0,6,9,0,0,0.8909090909090909,22.166118651604123,28.906806445802292
figure_ratio,1009,15,5,0.4,MTIM,1.0,1.0,1.0,1.0,6,9,0,0,0.9227272727272727,34.69933370122343,60.47447375241575
figure_ratio,1010,15,5,0.4,MFA,0.8,1.0,0.5,0.6666666666666666,3,9,0,3,0.6909090909090909,12.41360629842454,14.431630303834366
figure_ratio,1010,15,5,0.4,FUBA,0.8666666666666667,0.8333333333333334,0.8333333333333334,0.8333333333333334,5,8,1,1,0.8136363636363636,16.855238625003658,18.125376197828473
figure_ratio,1010,15,5,0.4,GALTrust,0.7333333333333333,1.0,0.3333333333333333,0.5,2,9,0,4,0.759090909090909,35.59229165395588,40.83082540552283
figure_ratio,1010,15,5,0.4,GDM-DTM,0.8666666666666667,1.0,0.6666666666666666,0.8,4,9,0,2,0.740909090909091,21.508811195268514,18.7119561395091
figure_ratio,1010,15,5,0.4,LR-Trust,1.0,1.0,1.0,1.0,6,9,0,0,0.8954545454545455,22.477033278473968,24.907587974893488
figure_ratio,1010,15,5,0.4,MLP-Trust,1.0,1.0,1.0,1.0,6,9,0,0,0.8545454545454545,28.608151629119234,30.133973750448945
figure_ratio,1010,15,5,0.4,MTIM,1.0,1.0,1.0,1.0,6,9,0,0,0.9090909090909091,36.9453700402446,61.1002417258654
figure_ratio,1011,15,5,0.4,MFA,0.8666666666666667,0.8333333333333334,0.8333333333333334,0.8333333333333334,5,8,1,1,0.8272727272727273,10.196122033421458,1.8753233459861463
figure_ratio,1011,15,5,0.4,FUBA,0.8,0.7142857142857143,0.8333333333333334,0.7692307692307692,5,7,2,1,0.7909090909090909,17.50483606805648,17.598969438837017
figure_ratio,1011,15,5,0.4,GALTrust,0.7333333333333333,1.0,0.3333333333333333,0.5,2,9,0,4,0.740909090909091,30.12209435097815,42.88981898931936
figure_ratio,1011,15,5,0.4,GDM-DTM,0.9333333333333333,1.0,0.8333333333333334,0.9090909090909091,5,9,0,1,0.8272727272727273,19.826751343597067,17.386900961055034
figure_ratio,1011,15,5,0.4,LR-Trust,0.8666666666666667,0.8333333333333334,0.8333333333333334,0.8333333333333334,5,8,1,1,0.8454545454545455,23.13697720821185,21.983094389234306
figure_ratio,1011,15,5,0.4,MLP-Trust,1.0,1.0,1.0,1.0,6,9,0,0,0.9,24.792634037670197,38.19174864580198
figure_ratio,1011,15,5,0.4,MTIM,1.0,1.0,1.0,1.0,6,9,0,0,0.9272727272727272,34.935172228012696,55.95352416564387
figure_ratio,1012,15,5,0.4,MFA,0.8,1.0,0.5,0.6666666666666666,3,9,0,3,0.7681818181818182,9.375191674621334,7.89930915970305
figure_ratio,1012,15,5,0.4,FUBA,0.8666666666666667,1.0,0.6666666666666666,0.8,4,9,0,2,0.8181818181818182,16.027807794617235,19.56449997893478
figure_ratio,1012,15,5,0.4,GALTrust,0.6,0.0,0.0,0.0,0,9,0,6,0.7318181818181818,33.21388783097024,45.97217862914867
figure_ratio,1012,15,5,0.4,GDM-DTM,0.9333333333333333,1.0,0.8333333333333334,0.9090909090909091,5,9,0,1,0.7545454545454545,19.50346284870245,23.692198849156483
figure_ratio,1012,15,5,0.4,LR-Trust,1.0,1.0,1.0,1.0,6,9,0,0,0.8772727272727273,21.081396404582826,24.046650805141244
figure_ratio,1012,15,5,0.4,MLP-Trust,1.0,1.0,1.0,1.0,6,9,0,0,0.9181818181818182,26.827085652561625,33.34307533894814
figure_ratio,1012,15,5,0.4,MTIM,1.0,1.0,1.0,1.0,6,9,0,0,0.9545454545454546,34.04707982137022,60.84537539123918
figure_ratio,1013,15,5,0.4,MFA,0.9333333333333333,1.0,0.8333333333333334,0.9090909090909091,5,9,0,1,0.8181818181818182,13.78814762437187,9.97401976769356
figure_ratio,1013,15,5,0.4,FUBA,0.8,0.8,0.6666666666666666,0.7272727272727272,4,8,1,2,0.7863636363636364,18.339385041878234,14.53872455134571
figure_ratio,1013,15,5,0.4,GALTrust,0.7333333333333333,1.0,0.3333333333333333,0.5,2,9,0,4,0.7454545454545455,31.933440941128886,37.14089420855876
figure_ratio,1013,15,5,0.4,GDM-DTM,0.9333333333333333,1.0,0.8333333333333334,0.9090909090909091,5,9,0,1,0.8636363636363636,18.69332463904539,24.624078037460848
figure_ratio,1013,15,5,0.4,LR-Trust,1.0,1.0,1.0,1.0,6,9,0,0,0.9045454545454545,21.176808479438034,23.126313600856363
figure_ratio,1013,15,5,0.4,MLP-Trust,1.0,1.0,1.0,1.0,6,9,0,0,0.9,24.678947422800043,40.692135420740534
figure_ratio,1013,15,5,0.4,MTIM,1.0,1.0,1.0,1.0,6,9,0,0,0.9409090909090909,35.286124007206766,59.57330600945626
figure_ratio,1014,15,5,0.4,MFA,0.8,0.8,0.6666666666666666,0.7272727272727272,4,8,1,2,0.759090909090909,12.537647350761809,9.148777142708175
figure_ratio,1014,15,5,0.4,FUBA,0.7333333333333333,0.625,0.8333333333333334,0.7142857142857143,5,6,3,1,0.75,16.507765774577788,10.66400883001147
figure_ratio,1014,15,5,0.4,GALTrust,0.5333333333333333,0.0,0.0,0.0,0,8,1,6,0.7045454545454546,33.966873942788304,48.024289454083025
figure_ratio,1014,15,5,0.4,GDM-DTM,0.7333333333333333,0.6666666666666666,0.6666666666666666,0.6666666666666666,4,7,2,2,0.7818181818181819,17.205208520136967,23.08103378188686
figure_ratio,1014,15,5,0.4,LR-Trust,0.8,0.7142857142857143,0.8333333333333334,0.7692307692307692,5,7,2,1,0.8590909090909091,22.275169016259785,27.969580599543455
figure_ratio,1014,15,5,0.4,MLP-Trust,1.0,1.0,1.0,1.0,6,9,0,0,0.8636363636363636,27.29167173937246,40.26319924941397
figure_ratio,1014,15,5,0.4,MTIM,0.9333333333333333,0.8571428571428571,1.0,0.923076923076923,6,8,1,0,0.9318181818181818,34.369199466757316,64.8685152155984
figure_ratio,1015,15,5,0.4,MFA,0.8,0.8,0.6666666666666666,0.7272727272727272,4,8,1,2,0.7727272727272727,13.538180876009434,9.749070566205834
figure_ratio,1015,15,5,0.4,FUBA,0.6,0.5,0.5,0.5,3,6,3,3,0.6863636363636364,17.700991175136064,15.242629034463198
figure_ratio,1015,15,5,0.4,GALTrust,0.8,1.0,0.5,0.6666666666666666,3,9,0,3,0.759090909090909,34.09599164887044,41.01457383825977
figure_ratio,1015,15,5,0.4,GDM-DTM,0.8,0.6666666666666666,1.0,0.8,6,6,3,0,0.8818181818181818,16.422669270219426,20.531267197979865
figure_ratio,1015,15,5,0.4,LR-Trust,0.8,0.7142857142857143,0.8333333333333334,0.7692307692307692,5,7,2,1,0.9,16.55425525511406,23.52892059446015
figure_ratio,1015,15,5,0.4,MLP-Trust,1.0,1.0,1.0,1.0,6,9,0,0,0.9363636363636364,25.080641073924866,30.443040999849142
figure_ratio,1015,15,5,0.4,MTIM,0.9333333333333333,1.0,0.8333333333333334,0.9090909090909091,5,9,0,1,0.9136363636363637,33.05568597314505,56.30463009035132
figure_ratio,1016,15,5,0.4,MFA,0.7333333333333333,0.75,0.5,0.6,3,8,1,3,0.7909090909090909,9.199978682200372,13.496388599544835
figure_ratio,1016,15,5,0.4,FUBA,0.8,0.8,0.6666666666666666,0.7272727272727272,4,8,1,2,0.75,14.24964208020728,19.007037781457818
figure_ratio,1016,15,5,0.4,GALTrust,0.6666666666666666,1.0,0.16666666666666666,0.2857142857142857,1,9,0,5,0.759090909090909,30.635727453328954,35.96516639767085
figure_ratio,1016,15,5,0.4,GDM-DTM,0.8666666666666667,0.8333333333333334,0.8333333333333334,0.8333333333333334,5,8,1,1,0.8272727272727273,17.95514176978827,26.85150411625863
figure_ratio,1016,15,5,0.4,LR-Trust,0.8666666666666667,0.8333333333333334,0.8333333333333334,0.8333333333333334,5,8,1,1,0.8863636363636364,23.210950034061078,19.366350146281597
figure_ratio,1016,15,5,0.4,MLP-Trust,1.0,1.0,1.0,1.0,6,9,0,0,0.9045454545454545,21.293171994814934,30.621655214622844
figure_ratio,1016,15,5,0.4,MTIM,1.0,1.0,1.0,1.0,6,9,0,0,0.8954545454545455,33.226628346764805,53.963455045204086
figure_ratio,1017,15,5,0.4,MFA,0.6,0.5,0.5,0.5,3,6,3,3,0.7045454545454546,11.585842935747106,5.148895563440727
figure_ratio,1017,15,5,0.4,FUBA,0.8666666666666667,0.8333333333333334,0.8333333333333334,0.8333333333333334,5,8,1,1,0.7954545454545454,15.316524058495242,17.589403845235918
figure_ratio,1017,15,5,0.4,GALTrust,0.7333333333333333,1.0,0.3333333333333333,0.5,2,9,0,4,0.75,30.082629123857338,35.230090807262314
figure_ratio,1017,15,5,0.4,GDM-DTM,0.8,0.8,0.6666666666666666,0.7272727272727272,4,8,1,2,0.8181818181818182,19.029672571870886,18.58810928451066
figure_ratio,1017,15,5,0.4,LR-Trust,0.8,0.7142857142857143,0.8333333333333334,0.7692307692307692,5,7,2,1,0.7863636363636364,20.917496682686323,26.39565875376041
figure_ratio,1017,15,5,0.4,MLP-Trust,0.8666666666666667,0.8333333333333334,0.8333333333333334,0.8333333333333334,5,8,1,1,0.8590909090909091,27.983459827878704,28.632569110986232
figure_ratio,1017,15,5,0.4,MTIM,0.8666666666666667,0.8333333333333334,0.8333333333333334,0.8333333333333334,5,8,1,1,0.8318181818181818,32.02019866742041,67.79838197974058
figure_ratio,1018,15,5,0.4,MFA,0.6666666666666666,0.6666666666666666,0.3333333333333333,0.4444444444444444,2,8,1,4,0.6818181818181818,10.51431490449109,13.689497239521481
figure_ratio,1018,15,5,0.4,FUBA,0.8666666666666667,0.8333333333333334,0.8333333333333334,0.8333333333333334,5,8,1,1,0.7954545454545454,19.385672074008394,16.97313657257282
figure_ratio,1018,15,5,0.4,GALTrust,0.6666666666666666,1.0,0.16666666666666666,0.2857142857142857,1,9,0,5,0.7045454545454546,30.82707872267705,39.235248761130876
figure_ratio,1018,15,5,0.4,GDM-DTM,0.9333333333333333,1.0,0.8333333333333334,0.9090909090909091,5,9,0,1,0.8545454545454545,21.16895877438625,17.53493244842938
figure_ratio,1018,15,5,0.4,LR-Trust,0.8666666666666667,0.8333333333333334,0.8333333333333334,0.8333333333333334,5,8,1,1,0.9318181818181818,17.763563785382075,28.840096709206755
figure_ratio,1018,15,5,0.4,MLP-Trust,1.0,1.0,1.0,1.0,6,9,0,0,0.9227272727272727,27.00325243663539,35.51713166235986
figure_ratio,1018,15,5,0.4,MTIM,1.0,1.0,1.0,1.0,6,9,0,0,0.9,35.56612672084859,60.13846847626986
figure_ratio,1019,15,5,0.4,MFA,0.8666666666666667,1.0,0.6666666666666666,0.8,4,9,0,2,0.7363636363636363,10.612919630642761,12.996882405788824
figure_ratio,1019,15,5,0.4,FUBA,0.9333333333333333,1.0,0.8333333333333334,0.9090909090909091,5,9,0,1,0.8090909090909091,19.3307333375144,15.79247365858683
figure_ratio,1019,15,5,0.4,GALTrust,0.8,1.0,0.5,0.6666666666666666,3,9,0,3,0.7454545454545455,29.699883918282502,39.70471496723645
figure_ratio,1019,15,5,0.4,GDM-DTM,0.8666666666666667,1.0,0.6666666666666666,0.8,4,9,0,2,0.8045454545454546,18.93587142449751,22.556421225033937
figure_ratio,1019,15,5,0.4,LR-Trust,0.9333333333333333,1.0,0.8333333333333334,0.9090909090909091,5,9,0,1,0.9181818181818182,22.85397886752787,19.803240147854535
figure_ratio,1019,15,5,0.4,MLP-Trust,0.9333333333333333,1.0,0.8333333333333334,0.9090909090909091,5,9,0,1,0.8545454545454545,25.527079294975753,37.835520074158325
figure_ratio,1019,15,5,0.4,MTIM,0.9333333333333333,1.0,0.8333333333333334,0.9090909090909091,5,9,0,1,0.8590909090909091,34.494541502033485,63.385964620968025
figure_ratio,1020,15,5,0.4,MFA,0.7333333333333333,0.625,0.8333333333333334,0.7142857142857143,5,6,3,1,0.7818181818181819,11.921689764411331,7.659528549865033
figure_ratio,1020,15,5,0.4,FUBA,0.8,0.6666666666666666,1.0,0.8,6,6,3,0,0.8454545454545455,18.615782176207947,14.47188745673121
figure_ratio,1020,15,5,0.4,GALTrust,0.6666666666666666,1.0,0.16666666666666666,0.2857142857142857,1,9,0,5,0.7227272727272728,32.448345712058924,40.319198974268765
figure_ratio,1020,15,5,0.4,GDM-DTM,0.7333333333333333,0.6666666666666666,0.6666666666666666,0.6666666666666666,4,7,2,2,0.7454545454545455,17.60952715234482,20.38215897045707
figure_ratio,1020,15,5,0.4,LR-Trust,0.8666666666666667,0.8333333333333334,0.8333333333333334,0.8333333333333334,5,8,1,1,0.8272727272727273,22.82528957042622,25.892244118018265
figure_ratio,1020,15,5,0.4,MLP-Trust,0.8666666666666667,0.8333333333333334,0.8333333333333334,0.8333333333333334,5,8,1,1,0.8045454545454546,23.519061409824936,34.609031015899234
figure_ratio,1020,15,5,0.4,MTIM,0.8666666666666667,0.8333333333333334,0.8333333333333334,0.8333333333333334,5,8,1,1,0.8363636363636363,34.82275906613788,52.511135792813
figure_ratio,1021,15,5,0.4,MFA,0.7333333333333333,0.6666666666666666,0.6666666666666666,0.6666666666666666,4,7,2,2,0.8090909090909091,7.989694813351067,9.46889514607456
figure_ratio,1021,15,5,0.4,FUBA,0.8666666666666667,0.8333333333333334,0.8333333333333334,0.8333333333333334,5,8,1,1,0.7909090909090909,14.835713202169563,8.990805254150475
figure_ratio,1021,15,5,0.4,GALTrust,0.8,1.0,0.5,0.6666666666666666,3,9,0,3,0.740909090909091,29.66370647720039,41.586235530895294
figure_ratio,1021,15,5,0.4,GDM-DTM,0.9333333333333333,0.8571428571428571,1.0,0.923076923076923,6,8,1,0,0.8363636363636363,20.246945740453587,23.527894662653566
figure_ratio,1021,15,5,0.4,LR-Trust,1.0,1.0,1.0,1.0,6,9,0,0,0.9090909090909091,20.65035906330137,25.486247332330173
figure_ratio,1021,15,5,0.4,MLP-Trust,1.0,1.0,1.0,1.0,6,9,0,0,0.9227272727272727,25.61381761964776,36.55590671820137
figure_ratio,1021,15,5,0.4,MTIM,1.0,1.0,1.0,1.0,6,9,0,0,0.9181818181818182,36.00309816927149,58.80257815479069
figure_ratio,1022,15,5,0.4,MFA,0.7333333333333333,0.6666666666666666,0.6666666666666666,0.6666666666666666,4,7,2,2,0.7363636363636363,8.599539928004978,1.0
figure_ratio,1022,15,5,0.4,FUBA,0.8666666666666667,0.8333333333333334,0.8333333333333334,0.8333333333333334,5,8,1,1,0.8136363636363636,17.437393332184726,19.47002352025164
figure_ratio,1022,15,5,0.4,GALTrust,0.8,1.0,0.5,0.6666666666666666,3,9,0,3,0.7636363636363637,30.434406151205565,39.778543710166645
figure_ratio,1022,15,5,0.4,GDM-DTM,0.8,0.8,0.6666666666666666,0.7272727272727272,4,8,1,2,0.7863636363636364,21.522182463367052,19.21456530125642
figure_ratio,1022,15,5,0.4,LR-Trust,0.9333333333333333,1.0,0.8333333333333334,0.9090909090909091,5,9,0,1,0.8863636363636364,22.11906458480826,22.56163092042473
figure_ratio,1022,15,5,0.4,MLP-Trust,0.9333333333333333,1.0,0.8333333333333334,0.9090909090909091,5,9,0,1,0.8545454545454545,24.905377063356163,33.85203161902835
figure_ratio,1022,15,5,0.4,MTIM,0.9333333333333333,1.0,0.8333333333333334,0.9090909090909091,5,9,0,1,0.8409090909090909,35.3397165042847,61.98066093913579
figure_ratio,1023,15,5,0.4,MFA,0.9333333333333333,1.0,0.8333333333333334,0.9090909090909091,5,9,0,1,0.7363636363636363,9.208134919373009,9.659765274730692
figure_ratio,1023,15,5,0.4,FUBA,0.8666666666666667,0.8333333333333334,0.8333333333333334,0.8333333333333334,5,8,1,1,0.8318181818181818,17.812503931269703,26.627284154525686
figure_ratio,1023,15,5,0.4,GALTrust,0.8,1.0,0.5,0.6666666666666666,3,9,0,3,0.75,29.5504795494602,40.874548319767904
figure_ratio,1023,15,5,0.4,GDM-DTM,0.8,0.8,0.6666666666666666,0.7272727272727272,4,8,1,2,0.8136363636363636,17.786536074043763,23.046250821896102
figure_ratio,1023,15,5,0.4,LR-Trust,1.0,1.0,1.0,1.0,6,9,0,0,0.8909090909090909,19.830234434492635,17.722566750647612
figure_ratio,1023,15,5,0.4,MLP-Trust,1.0,1.0,1.0,1.0,6,9,0,0,0.9136363636363637,22.70054555464655,34.25877764220185
figure_ratio,1023,15,5,0.4,MTIM,1.0,1.0,1.0,1.0,6,9,0,0,0.9090909090909091,34.64449347920117,51.50718238451068
figure_ratio,1024,15,5,0.4,MFA,0.7333333333333333,0.625,0.8333333333333334,0.7142857142857143,5,6,3,1,0.8090909090909091,6.701938813466032,14.04853732445411
figure_ratio,1024,15,5,0.4,FUBA,0.8666666666666667,0.8333333333333334,0.8333333333333334,0.8333333333333334,5,8,1,1,0.7772727272727272,14.794710080863716,13.849913113064094
figure_ratio,1024,15,5,0.4,GALTrust,0.6,0.5,0.16666666666666666,0.25,1,8,1,5,0.6909090909090909,33.51180242989609,38.88520747584006
figure_ratio,1024,15,5,0.4,GDM-DTM,0.7333333333333333,0.6666666666666666,0.6666666666666666,0.6666666666666666,4,7,2,2,0.7772727272727272,23.17849009668505,20.685416481267758
figure_ratio,1024,15,5,0.4,LR-Trust,0.8,0.7142857142857143,0.8333333333333334,0.7692307692307692,5,7,2,1,0.8954545454545455,21.847896513179496,27.832313965679703
figure_ratio,1024,15,5,0.4,MLP-Trust,1.0,1.0,1.0,1.0,6,9,0,0,0.9363636363636364,25.560414456830806,33.13871391537952
figure_ratio,1024,15,5,0.4,MTIM,0.9333333333333333,0.8571428571428571,1.0,0.923076923076923,6,8,1,0,0.9318181818181818,34.828117456800186,56.320649366441216
figure_ratio,1025,15,5,0.4,MFA,0.6666666666666666,0.6666666666666666,0.3333333333333333,0.4444444444444444,2,8,1,4,0.7,11.736612071611614,10.67587307499436
figure_ratio,1025,15,5,0.4,FUBA,0.8666666666666667,1.0,0.6666666666666666,0.8,4,9,0,2,0.7818181818181819,19.62020085805415,16.415664849957118
figure_ratio,1025,15,5,0.4,GALTrust,0.6,0.0,0.0,0.0,0,9,0,6,0.6818181818181818,32.12193394423344,36.72860598092464
figure_ratio,1025,15,5,0.4,GDM-DTM,0.8666666666666667,1.0,0.6666666666666666,0.8,4,9,0,2,0.8045454545454546,20.702592537605646,29.482032416049694
figure_ratio,1025,15,5,0.4,LR-Trust,0.8666666666666667,1.0,0.6666666666666666,0.8,4,9,0,2,0.8636363636363636,19.45308262532683,23.399408072416616
figure_ratio,1025,15,5,0.4,MLP-Trust,0.8666666666666667,1.0,0.6666666666666666,0.8,4,9,0,2,0.8,27.85281372945868,35.41522593848991
figure_ratio,1025,15,5,0.4,MTIM,0.8666666666666667,1.0,0.6666666666666666,0.8,4,9,0,2,0.8136363636363636,32.55880030103473,57.98605622001496
figure_ratio,1026,15,5,0.4,MFA,0.8,0.8,0.6666666666666666,0.7272727272727272,4,8,1,2,0.8090909090909091,11.261247727269012,1.5105198147818868
figure_ratio,1026,15,5,0.4,FUBA,0.8,0.7142857142857143,0.8333333333333334,0.7692307692307692,5,7,2,1,0.8272727272727273,19.30318383109883,18.419124412894558
figure_ratio,1026,15,5,0.4,GALTrust,0.7333333333333333,1.0,0.3333333333333333,0.5,2,9,0,4,0.7318181818181818,31.7099992973359,41.183250760282725
figure_ratio,1026,15,5,0.4,GDM-DTM,0.7333333333333333,0.75,0.5,0.6,3,8,1,3,0.740909090909091,19.27013838172441,16.433644069501646
figure_ratio,1026,15,5,0.4,LR-Trust,0.8666666666666667,1.0,0.6666666666666666,0.8,4,9,0,2,0.8590909090909091,20.16633142272785,19.58845358750915
figure_ratio,1026,15,5,0.4,MLP-Trust,0.9333333333333333,1.0,0.8333333333333334,0.9090909090909091,5,9,0,1,0.8454545454545455,28.663785902812382,33.35680470986764
figure_ratio,1026,15,5,0.4,MTIM,1.0,1.0,1.0,1.0,6,9,0,0,0.9181818181818182,34.84608167524025,58.31067883382576
figure_ratio,1027,15,5,0.4,MFA,0.7333333333333333,1.0,0.3333333333333333,0.5,2,9,0,4,0.7272727272727273,13.715284008291361,6.828106678196952
figure_ratio,1027,15,5,0.4,FUBA,0.7333333333333333,0.75,0.5,0.6,3,8,1,3,0.740909090909091,17.28121426895097,19.09256296233915
figure_ratio,1027,15,5,0.4,GALTrust,0.7333333333333333,1.0,0.3333333333333333,0.5,2,9,0,4,0.6909090909090909,31.7883248061673,47.23832482573797
figure_ratio,1027,15,5,0.4,GDM-DTM,0.7333333333333333,0.75,0.5,0.6,3,8,1,3,0.740909090909091,19.080991332070166,21.568375213014402
figure_ratio,1027,15,5,0.4,LR-Trust,0.8666666666666667,0.8333333333333334,0.8333333333333334,0.8333333333333334,5,8,1,1,0.8227272727272728,23.957648243797824,28.73960803268004
figure_ratio,1027,15,5,0.4,MLP-Trust,0.9333333333333333,1.0,0.8333333333333334,0.9090909090909091,5,9,0,1,0.8409090909090909,24.912300660124732,30.197374341621483
figure_ratio,1027,15,5,0.4,MTIM,0.9333333333333333,0.8571428571428571,1.0,0.923076923076923,6,8,1,0,0.9181818181818182,32.96190350246606,53.643026824400856
figure_ratio,1028,15,5,0.4,MFA,0.6666666666666666,0.6666666666666666,0.3333333333333333,0.4444444444444444,2,8,1,4,0.740909090909091,14.071726037697868,16.23055426373156
figure_ratio,1028,15,5,0.4,FUBA,0.8,1.0,0.5,0.6666666666666666,3,9,0,3,0.7272727272727273,16.06885847059717,18.365619705655703
figure_ratio,1028,15,5,0.4,GALTrust,0.6666666666666666,0.6666666666666666,0.3333333333333333,0.4444444444444444,2,8,1,4,0.7272727272727273,29.33909019022455,38.67269962231979
figure_ratio,1028,15,5,0.4,GDM-DTM,0.7333333333333333,0.6666666666666666,0.6666666666666666,0.6666666666666666,4,7,2,2,0.7818181818181819,18.42890985810609,17.413212208957518
figure_ratio,1028,15,5,0.4,LR-Trust,0.7333333333333333,0.75,0.5,0.6,3,8,1,3,0.7954545454545454,21.455674024447728,22.543721068862315
figure_ratio,1028,15,5,0.4,MLP-Trust,0.8666666666666667,1.0,0.6666666666666666,0.8,4,9,0,2,0.75,27.07881679834042,37.4630765264163
figure_ratio,1028,15,5,0.4,MTIM,0.8666666666666667,1.0,0.6666666666666666,0.8,4,9,0,2,0.8318181818181818,33.67227293974743,54.396236430716414
figure_ratio,1029,15,5,0.4,MFA,0.6666666666666666,0.6666666666666666,0.3333333333333333,0.4444444444444444,2,8,1,4,0.6863636363636364,13.080029257565593,8.438446293730994
figure_ratio,1029,15,5,0.4,FUBA,0.6,0.5,0.3333333333333333,0.4,2,7,2,4,0.6818181818181818,17.413426888874103,21.8336644756933
figure_ratio,1029,15,5,0.4,GALTrust,0.5333333333333333,0.0,0.0,0.0,0,8,1,6,0.7090909090909091,31.158351196279895,43.217976793657414
figure_ratio,1029,15,5,0.4,GDM-DTM,0.7333333333333333,0.75,0.5,0.6,3,8,1,3,0.7454545454545455,20.401853807973094,18.412670742744066
figure_ratio,1029,15,5,0.4,LR-Trust,0.7333333333333333,0.75,0.5,0.6,3,8,1,3,0.8681818181818182,20.86741968811767,27.189086802581887
figure_ratio,1029,15,5,0.4,MLP-Trust,0.8666666666666667,0.8333333333333334,0.8333333333333334,0.8333333333333334,5,8,1,1,0.8772727272727273,25.194143188187518,34.99717434808378
figure_ratio,1029,15,5,0.4,MTIM,0.8666666666666667,0.8333333333333334,0.8333333333333334,0.8333333333333334,5,8,1,1,0.8227272727272728,32.57038478498561,60.713236843351226
figure_ratio,1030,15,5,0.4,MFA,0.7333333333333333,1.0,0.3333333333333333,0.5,2,9,0,4,0.7227272727272728,15.292970347912657,4.791867535335294
figure_ratio,1030,15,5,0.4,FUBA,0.8,1.0,0.5,0.6666666666666666,3,9,0,3,0.75,16.955386938615177,16.68792260726568
figure_ratio,1030,15,5,0.4,GALTrust,0.6666666666666666,1.0,0.16666666666666666,0.2857142857142857,1,9,0,5,0.7045454545454546,31.64801644052489,39.57218363354466
figure_ratio,1030,15,5,0.4,GDM-DTM,0.8,0.8,0.6666666666666666,0.7272727272727272,4,8,1,2,0.7727272727272727,20.275445758147217,16.67511378289072
figure_ratio,1030,15,5,0.4,LR-Trust,0.8666666666666667,1.0,0.6666666666666666,0.8,4,9,0,2,0.8636363636363636,20.173343796412144,18.98280971305831
figure_ratio,1030,15,5,0.4,MLP-Trust,0.9333333333333333,1.0,0.8333333333333334,0.9090909090909091,5,9,0,1,0.8181818181818182,23.979929129416554,36.254936483154395
figure_ratio,1030,15,5,0.4,MTIM,0.9333333333333333,1.0,0.8333333333333334,0.9090909090909091,5,9,0,1,0.8818181818181818,32.715726936159584,61.986849924642044
figure_ratio,1031,15,5,0.4,MFA,0.8666666666666667,1.0,0.6666666666666666,0.8,4,9,0,2,0.7545454545454545,11.918670241734235,16.734514795329574
figure_ratio,1031,15,5,0.4,FUBA,0.8,0.8,0.6666666666666666,0.7272727272727272,4,8,1,2,0.7818181818181819,18.250494752507464,14.499825602280858
figure_ratio,1031,15,5,0.4,GALTrust,0.8,1.0,0.5,0.6666666666666666,3,9,0,3,0.759090909090909,31.297514814158028,37.635829879122284
figure_ratio,1031,15,5,0.4,GDM-DTM,0.8,1.0,0.5,0.6666666666666666,3,9,0,3,0.7636363636363637,20.48468448618188,23.01975743808603
figure_ratio,1031,15,5,0.4,LR-Trust,0.8666666666666667,1.0,0.6666666666666666,0.8,4,9,0,2,0.8772727272727273,21.891563303362606,22.321806709141825
figure_ratio,1031,15,5,0.4,MLP-Trust,0.9333333333333333,1.0,0.8333333333333334,0.9090909090909091,5,9,0,1,0.8636363636363636,25.25571653697031,36.05466753657948
figure_ratio,1031,15,5,0.4,MTIM,1.0,1.0,1.0,1.0,6,9,0,0,0.9227272727272727,38.4280486811674,52.191062053989874
figure_ratio,1032,15,5,0.4,MFA,0.6666666666666666,0.6,0.5,0.5454545454545454,3,7,2,3,0.6954545454545454,13.295918065932012,14.067393870946585
figure_ratio,1032,15,5,0.4,FUBA,0.8,0.8,0.6666666666666666,0.7272727272727272,4,8,1,2,0.7636363636363637,21.03734958252152,22.222879386357658
figure_ratio,1032,15,5,0.4,GALTrust,0.6666666666666666,1.0,0.16666666666666666,0.2857142857142857,1,9,0,5,0.6863636363636364,30.182182666544723,37.52741093944035
figure_ratio,1032,15,5,0.4,GDM-DTM,0.6666666666666666,0.6,0.5,0.5454545454545454,3,7,2,3,0.7545454545454545,15.68987308323605,25.83739993392641
figure_ratio,1032,15,5,0.4,LR-Trust,0.8666666666666667,1.0,0.6666666666666666,0.8,4,9,0,2,0.8363636363636363,20.08348280308578,20.968754994212603
figure_ratio,1032,15,5,0.4,MLP-Trust,0.8666666666666667,1.0,0.6666666666666666,0.8,4,9,0,2,0.7909090909090909,25.91364006873211,37.091575147121645
figure_ratio,1032,15,5,0.4,MTIM,0.8666666666666667,1.0,0.6666666666666666,0.8,4,9,0,2,0.8363636363636363,32.14117351417565,56.07429345582324
figure_ratio,1033,15,5,0.4,MFA,0.7333333333333333,0.6666666666666666,0.6666666666666666,0.6666666666666666,4,7,2,2,0.7681818181818182,12.884676948706048,10.437293082405565
figure_ratio,1033,15,5,0.4,FUBA,0.6,0.5,0.6666666666666666,0.5714285714285715,4,5,4,2,0.6954545454545454,13.612922223239059,17.702960348115305
figure_ratio,1033,15,5,0.4,GALTrust,0.6666666666666666,1.0,0.16666666666666666,0.2857142857142857,1,9,0,5,0.6590909090909091,31.082613361985164,42.02400365302007
figure_ratio,1033,15,5,0.4,GDM-DTM,0.7333333333333333,0.6666666666666666,0.6666666666666666,0.6666666666666666,4,7,2,2,0.7636363636363637,20.463191542623786,23.054243118054085
figure_ratio,1033,15,5,0.4,LR-Trust,0.8,0.7142857142857143,0.8333333333333334,0.7692307692307692,5,7,2,1,0.8954545454545455,21.018501530948992,21.226424527658427
figure_ratio,1033,15,5,0.4,MLP-Trust,0.9333333333333333,0.8571428571428571,1.0,0.923076923076923,6,8,1,0,0.9318181818181818,26.823763578794765,38.00321387468656
figure_ratio,1033,15,5,0.4,MTIM,0.9333333333333333,1.0,0.8333333333333334,0.9090909090909091,5,9,0,1,0.9,31.73609395927847,57.99845509347321
figure_ratio,1034,15,5,0.4,MFA,0.6666666666666666,0.5714285714285714,0.6666666666666666,0.6153846153846153,4,6,3,2,0.7318181818181818,10.82255154672464,6.68954341333317
figure_ratio,1034,15,5,0.4,FUBA,0.7333333333333333,0.6666666666666666,0.6666666666666666,0.6666666666666666,4,7,2,2,0.75,17.122812639657546,22.72389306830309
figure_ratio,1034,15,5,0.4,GALTrust,0.6666666666666666,1.0,0.16666666666666666,0.2857142857142857,1,9,0,5,0.6909090909090909,27.7730795186511,39.15702652945475
figure_ratio,1034,15,5,0.4,GDM-DTM,0.9333333333333333,1.0,0.8333333333333334,0.9090909090909091,5,9,0,1,0.8090909090909091,15.469668213694863,21.0253335400277
figure_ratio,1034,15,5,0.4,LR-Trust,0.8666666666666667,1.0,0.6666666666666666,0.8,4,9,0,2,0.8545454545454545,22.881158020233478,26.61731164169278
figure_ratio,1034,15,5,0.4,MLP-Trust,1.0,1.0,1.0,1.0,6,9,0,0,0.8954545454545455,25.57610409874492,31.84152874897592
figure_ratio,1034,15,5,0.4,MTIM,1.0,1.0,1.0,1.0,6,9,0,0,0.9409090909090909,32.906843011146584,50.613948136328126
figure_ratio,1035,15,5,0.4,MFA,0.7333333333333333,0.6666666666666666,0.6666666666666666,0.6666666666666666,4,7,2,2,0.7272727272727273,9.842530949037167,6.418133691924274
figure_ratio,1035,15,5,0.4,FUBA,0.8,0.7142857142857143,0.8333333333333334,0.7692307692307692,5,7,2,1,0.8136363636363636,16.875936390934044,22.774770779137498
figure_ratio,1035,15,5,0.4,GALTrust,0.8,1.0,0.5,0.6666666666666666,3,9,0,3,0.6863636363636364,30.61044133239919,40.003060638526605
figure_ratio,1035,15,5,0.4,GDM-DTM,0.6666666666666666,0.5555555555555556,0.8333333333333334,0.6666666666666667,5,5,4,1,0.8,22.594285734490022,18.283482155252365
figure_ratio,1035,15,5,0.4,LR-Trust,0.8666666666666667,0.75,1.0,0.8571428571428571,6,7,2,0,0.8818181818181818,22.037757440272546,22.952778817729012
figure_ratio,1035,15,5,0.4,MLP-Trust,0.9333333333333333,1.0,0.8333333333333334,0.9090909090909091,5,9,0,1,0.8681818181818182,29.268445410280947,37.987660543522196
figure_ratio,1035,15,5,0.4,MTIM,0.9333333333333333,1.0,0.8333333333333334,0.9090909090909091,5,9,0,1,0.8636363636363636,33.97844983610001,53.489052486569555
figure_ratio,1036,15,5,0.4,MFA,0.6,0.5,0.16666666666666666,0.25,1,8,1,5,0.6954545454545454,12.619726149006011,16.3185008941294
figure_ratio,1036,15,5,0.4,FUBA,0.8,0.7142857142857143,0.8333333333333334,0.7692307692307692,5,7,2,1,0.7863636363636364,17.736163785640212,21.156890535078578
figure_ratio,1036,15,5,0.4,GALTrust,0.6,0.5,0.16666666666666666,0.25,1,8,1,5,0.7318181818181818,34.25515646855347,48.99639600088119
figure_ratio,1036,15,5,0.4,GDM-DTM,0.7333333333333333,0.6666666666666666,0.6666666666666666,0.6666666666666666,4,7,2,2,0.7363636363636363,18.7259907342573,18.995504694165575
figure_ratio,1036,15,5,0.4,LR-Trust,0.8666666666666667,0.75,1.0,0.8571428571428571,6,7,2,0,0.8818181818181818,21.61703652115322,25.07730219616793
figure_ratio,1036,15,5,0.4,MLP-Trust,0.9333333333333333,0.8571428571428571,1.0,0.923076923076923,6,8,1,0,0.9090909090909091,23.357374140883604,46.9743660401187
figure_ratio,1036,15,5,0.4,MTIM,0.9333333333333333,0.8571428571428571,1.0,0.923076923076923,6,8,1,0,0.9363636363636364,32.3871070353975,64.88380680731268
figure_ratio,1037,15,5,0.4,MFA,0.6,0.5,0.3333333333333333,0.4,2,7,2,4,0.6727272727272727,12.378720082838878,10.896594948040063
figure_ratio,1037,15,5,0.4,FUBA,0.8,0.8,0.6666666666666666,0.7272727272727272,4,8,1,2,0.8090909090909091,13.964230303064667,16.074888625430418
figure_ratio,1037,15,5,0.4,GALTrust,0.6666666666666666,1.0,0.16666666666666666,0.2857142857142857,1,9,0,5,0.7227272727272728,33.43920335853237,44.33556859902686
figure_ratio,1037,15,5,0.4,GDM-DTM,0.6666666666666666,0.5555555555555556,0.8333333333333334,0.6666666666666667,5,5,4,1,0.7727272727272727,19.003959737260722,12.248459191280128
figure_ratio,1037,15,5,0.4,LR-Trust,0.8666666666666667,0.8333333333333334,0.8333333333333334,0.8333333333333334,5,8,1,1,0.8545454545454545,18.259041076567016,18.392389645832584
figure_ratio,1037,15,5,0.4,MLP-Trust,0.9333333333333333,1.0,0.8333333333333334,0.9090909090909091,5,9,0,1,0.8409090909090909,28.020587274882907,35.145881996215735
figure_ratio,1037,15,5,0.4,MTIM,0.9333333333333333,1.0,0.8333333333333334,0.9090909090909091,5,9,0,1,0.8772727272727273,32.16954430587606,58.25491547409792
figure_ratio,1038,15,5,0.4,MFA,0.8666666666666667,1.0,0.6666666666666666,0.8,4,9,0,2,0.7954545454545454,9.898804837575545,13.076270860105703
figure_ratio,1038,15,5,0.4,FUBA,0.8666666666666667,0.8333333333333334,0.8333333333333334,0.8333333333333334,5,8,1,1,0.85,16.815050087947586,14.208953687081582
figure_ratio,1038,15,5,0.4,GALTrust,0.7333333333333333,1.0,0.3333333333333333,0.5,2,9,0,4,0.7,29.602145110377613,34.953957325910515
figure_ratio,1038,15,5,0.4,GDM-DTM,0.9333333333333333,0.8571428571428571,1.0,0.923076923076923,6,8,1,0,0.8181818181818182,19.380864311681844,19.782787133186513
figure_ratio,1038,15,5,0.4,LR-Trust,0.8,0.7142857142857143,0.8333333333333334,0.7692307692307692,5,7,2,1,0.8863636363636364,20.26566301199317,25.247132376685556
figure_ratio,1038,15,5,0.4,MLP-Trust,1.0,1.0,1.0,1.0,6,9,0,0,0.9045454545454545,20.820738160361685,36.59945545769618
figure_ratio,1038,15,5,0.4,MTIM,1.0,1.0,1.0,1.0,6,9,0,0,0.9090909090909091,36.433891935343745,69.12072853311102
figure_ratio,1039,15,5,0.4,MFA,0.7333333333333333,0.6666666666666666,0.6666666666666666,0.6666666666666666,4,7,2,2,0.740909090909091,10.817149283645438,10.086326752844704
figure_ratio,1039,15,5,0.4,FUBA,0.8,0.8,0.6666666666666666,0.7272727272727272,4,8,1,2,0.7363636363636363,15.045133123914272,8.575069880169957
figure_ratio,1039,15,5,0.4,GALTrust,0.6666666666666666,1.0,0.16666666666666666,0.2857142857142857,1,9,0,5,0.6954545454545454,31.962433539987835,41.91198570539241
figure_ratio,1039,15,5,0.4,GDM-DTM,0.6666666666666666,0.5714285714285714,0.6666666666666666,0.6153846153846153,4,6,3,2,0.7545454545454545,19.54326407403008,17.503856819024083
figure_ratio,1039,15,5,0.4,LR-Trust,0.8,0.7142857142857143,0.8333333333333334,0.7692307692307692,5,7,2,1,0.7954545454545454,17.97328417797451,25.327103384369178
figure_ratio,1039,15,5,0.4,MLP-Trust,0.8666666666666667,0.8333333333333334,0.8333333333333334,0.8333333333333334,5,8,1,1,0.7954545454545454,25.37802961705508,36.90220604517003
figure_ratio,1039,15,5,0.4,MTIM,0.8666666666666667,0.8333333333333334,0.8333333333333334,0.8333333333333334,5,8,1,1,0.8545454545454545,33.46184853693849,53.265698142946135
figure_ratio,1040,15,5,0.4,MFA,0.7333333333333333,0.6666666666666666,0.6666666666666666,0.6666666666666666,4,7,2,2,0.7772727272727272,13.318810590504436,12.463102985984555
figure_ratio,1040,15,5,0.4,FUBA,0.9333333333333333,1.0,0.8333333333333334,0.9090909090909091,5,9,0,1,0.8772727272727273,17.419227747488435,17.816405183652567
figure_ratio,1040,15,5,0.4,GALTrust,0.7333333333333333,1.0,0.3333333333333333,0.5,2,9,0,4,0.7045454545454546,29.193862449733384,29.440523675287338
figure_ratio,1040,15,5,0.4,GDM-DTM,0.9333333333333333,1.0,0.8333333333333334,0.9090909090909091,5,9,0,1,0.7818181818181819,19.752541988020077,25.496920482545423
figure_ratio,1040,15,5,0.4,LR-Trust,0.9333333333333333,1.0,0.8333333333333334,0.9090909090909091,5,9,0,1,0.8363636363636363,23.10794719224815,22.036455779786085
figure_ratio,1040,15,5,0.4,MLP-Trust,0.9333333333333333,1.0,0.8333333333333334,0.9090909090909091,5,9,0,1,0.8409090909090909,23.86300509473792,33.947523955989446
figure_ratio,1040,15,5,0.4,MTIM,0.9333333333333333,1.0,0.8333333333333334,0.9090909090909091,5,9,0,1,0.8772727272727273,32.82670239862179,61.485974710953656
figure_ratio,1041,15,5,0.4,MFA,0.8,0.8,0.6666666666666666,0.7272727272727272,4,8,1,2,0.8272727272727273,11.586127668418042,9.586912093040356
figure_ratio,1041,15,5,0.4,FUBA,0.9333333333333333,1.0,0.8333333333333334,0.9090909090909091,5,9,0,1,0.8181818181818182,17.05609341718392,13.763334375502563
figure_ratio,1041,15,5,0.4,GALTrust,0.8666666666666667,1.0,0.6666666666666666,0.8,4,9,0,2,0.7954545454545454,31.073692215392505,37.478834655265295
figure_ratio,1041,15,5,0.4,GDM-DTM,0.8,0.7142857142857143,0.8333333333333334,0.7692307692307692,5,7,2,1,0.8318181818181818,20.78950394456832,23.978728876644546
figure_ratio,1041,15,5,0.4,LR-Trust,0.8666666666666667,0.8333333333333334,0.8333333333333334,0.8333333333333334,5,8,1,1,0.8772727272727273,18.66664223047984,25.042498168935737
figure_ratio,1041,15,5,0.4,MLP-Trust,1.0,1.0,1.0,1.0,6,9,0,0,0.8909090909090909,22.40372357920032,38.64999574321322
figure_ratio,1041,15,5,0.4,MTIM,1.0,1.0,1.0,1.0,6,9,0,0,0.9454545454545454,33.77370435302314,55.120550341759895
figure_ratio,1042,15,5,0.4,MFA,0.8666666666666667,1.0,0.6666666666666666,0.8,4,9,0,2,0.7727272727272727,12.772300625704263,10.518524185388403
figure_ratio,1042,15,5,0.4,FUBA,0.7333333333333333,0.75,0.5,0.6,3,8,1,3,0.7681818181818182,16.604005159867395,19.60586183356481
figure_ratio,1042,15,5,0.4,GALTrust,0.7333333333333333,1.0,0.3333333333333333,0.5,2,9,0,4,0.7136363636363636,32.504709538501466,42.70375119526139
figure_ratio,1042,15,5,0.4,GDM-DTM,0.8,1.0,0.5,0.6666666666666666,3,9,0,3,0.8409090909090909,17.450642216637092,21.866624418670682
figure_ratio,1042,15,5,0.4,LR-Trust,0.8666666666666667,1.0,0.6666666666666666,0.8,4,9,0,2,0.8909090909090909,20.705069542019523,19.57655937931092
figure_ratio,1042,15,5,0.4,MLP-Trust,1.0,1.0,1.0,1.0,6,9,0,0,0.9045454545454545,25.993140091780127,37.9515880030987
figure_ratio,1042,15,5,0.4,MTIM,1.0,1.0,1.0,1.0,6,9,0,0,0.9227272727272727,33.700994735918364,58.96112588945433
figure_ratio,1043,15,5,0.4,MFA,0.8,0.8,0.6666666666666666,0.7272727272727272,4,8,1,2,0.75,12.993987539946321,16.21097649346283
figure_ratio,1043,15,5,0.4,FUBA,0.8,0.8,0.6666666666666666,0.7272727272727272,4,8,1,2,0.7727272727272727,15.860454435881438,16.334622145785847
figure_ratio,1043,15,5,0.4,GALTrust,0.8,1.0,0.5,0.6666666666666666,3,9,0,3,0.7772727272727272,29.93248664409274,46.91758482138761
figure_ratio,1043,15,5,0.4,GDM-DTM,0.8,0.8,0.6666666666666666,0.7272727272727272,4,8,1,2,0.7545454545454545,20.444210051990453,21.686246065226513
figure_ratio,1043,15,5,0.4,LR-Trust,0.9333333333333333,1.0,0.8333333333333334,0.9090909090909091,5,9,0,1,0.8272727272727273,21.364265594970437,28.141836686354388
figure_ratio,1043,15,5,0.4,MLP-Trust,0.8666666666666667,0.8333333333333334,0.8333333333333334,0.8333333333333334,5,8,1,1,0.8545454545454545,22.01511363267936,33.105623314533695
figure_ratio,1043,15,5,0.4,MTIM,0.9333333333333333,1.0,0.8333333333333334,0.9090909090909091,5,9,0,1,0.8454545454545455,31.611243746150173,50.1506944322719
figure_ratio,1044,15,5,0.4,MFA,0.8666666666666667,1.0,0.6666666666666666,0.8,4,9,0,2,0.8272727272727273,9.531671232438093,8.679717748576214
figure_ratio,1044,15,5,0.4,FUBA,0.8,0.8,0.6666666666666666,0.7272727272727272,4,8,1,2,0.7863636363636364,17.576798542976032,14.3354266011594
figure_ratio,1044,15,5,0.4,GALTrust,0.8,1.0,0.5,0.6666666666666666,3,9,0,3,0.6818181818181818,32.34080971407276,41.54888722368573
figure_ratio,1044,15,5,0.4,GDM-DTM,0.8,0.8,0.6666666666666666,0.7272727272727272,4,8,1,2,0.8045454545454546,20.562408654345788,25.737135631301335
figure_ratio,1044,15,5,0.4,LR-Trust,0.8666666666666667,1.0,0.6666666666666666,0.8,4,9,0,2,0.8863636363636364,23.068049687756808,23.86468761113225
figure_ratio,1044,15,5,0.4,MLP-Trust,0.9333333333333333,1.0,0.8333333333333334,0.9090909090909091,5,9,0,1,0.8181818181818182,22.06688805487442,39.91529361661
figure_ratio,1044,15,5,0.4,MTIM,1.0,1.0,1.0,1.0,6,9,0,0,0.8818181818181818,35.173605234169834,57.47495779997661
figure_ratio,1045,15,5,0.4,MFA,0.8,0.8,0.6666666666666666,0.7272727272727272,4,8,1,2,0.7363636363636363,9.814474751916572,3.9542926121284383
figure_ratio,1045,15,5,0.4,FUBA,0.6,0.5,0.5,0.5,3,6,3,3,0.6272727272727273,15.860621106564794,24.618803956075727
figure_ratio,1045,15,5,0.4,GALTrust,0.6666666666666666,1.0,0.16666666666666666,0.2857142857142857,1,9,0,5,0.6863636363636364,34.032148814239655,38.94840551771725
figure_ratio,1045,15,5,0.4,GDM-DTM,0.7333333333333333,0.75,0.5,0.6,3,8,1,3,0.7363636363636363,20.77010307315166,20.335876542876928
figure_ratio,1045,15,5,0.4,LR-Trust,0.8,0.8,0.6666666666666666,0.7272727272727272,4,8,1,2,0.8272727272727273,22.679415779836596,25.10543969356638
figure_ratio,1045,15,5,0.4,MLP-Trust,0.8,0.8,0.6666666666666666,0.7272727272727272,4,8,1,2,0.8409090909090909,26.7255249807413,37.35759216788901
figure_ratio,1045,15,5,0.4,MTIM,0.7333333333333333,0.6666666666666666,0.6666666666666666,0.6666666666666666,4,7,2,2,0.9272727272727272,36.201460280289034,58.047228019015634
figure_ratio,1046,15,5,0.4,MFA,0.6666666666666666,0.6,0.5,0.5454545454545454,3,7,2,3,0.7,10.24890932590791,20.75381752912663
figure_ratio,1046,15,5,0.4,FUBA,0.8,0.8,0.6666666666666666,0.7272727272727272,4,8,1,2,0.8045454545454546,18.160077569163803,13.741806720286089
figure_ratio,1046,15,5,0.4,GALTrust,0.7333333333333333,1.0,0.3333333333333333,0.5,2,9,0,4,0.7681818181818182,31.364131131360285,39.30100356625045
figure_ratio,1046,15,5,0.4,GDM-DTM,0.8666666666666667,1.0,0.6666666666666666,0.8,4,9,0,2,0.7909090909090909,18.07050486241332,19.84799228398203
figure_ratio,1046,15,5,0.4,LR-Trust,1.0,1.0,1.0,1.0,6,9,0,0,0.9181818181818182,23.246202524533718,21.06928023806773
figure_ratio,1046,15,5,0.4,MLP-Trust,0.8666666666666667,1.0,0.6666666666666666,0.8,4,9,0,2,0.8090909090909091,26.708078195441857,38.590127993161424
figure_ratio,1046,15,5,0.4,MTIM,0.9333333333333333,1.0,0.8333333333333334,0.9090909090909091,5,9,0,1,0.8045454545454546,36.79130891480335,55.39071632787308
figure_ratio,1047,15,5,0.4,MFA,0.8,0.7142857142857143,0.8333333333333334,0.7692307692307692,5,7,2,1,0.7681818181818182,10.493422000164816,12.082678131741687
figure_ratio,1047,15,5,0.4,FUBA,0.8666666666666667,0.75,1.0,0.8571428571428571,6,7,2,0,0.8318181818181818,17.338590285844866,17.725026019744114
figure_ratio,1047,15,5,0.4,GALTrust,0.6666666666666666,1.0,0.16666666666666666,0.2857142857142857,1,9,0,5,0.6863636363636364,32.66392455124445,42.936105818792285
figure_ratio,1047,15,5,0.4,GDM-DTM,0.8666666666666667,0.75,1.0,0.8571428571428571,6,7,2,0,0.8409090909090909,21.38645379247053,22.570114881764553
figure_ratio,1047,15,5,0.4,LR-Trust,0.9333333333333333,0.8571428571428571,1.0,0.923076923076923,6,8,1,0,0.9,21.795388255521416,27.441361987148262
figure_ratio,1047,15,5,0.4,MLP-Trust,1.0,1.0,1.0,1.0,6,9,0,0,0.8772727272727273,22.500826706219655,42.190353371124104
figure_ratio,1047,15,5,0.4,MTIM,1.0,1.0,1.0,1.0,6,9,0,0,0.9181818181818182,31.73425325879854,52.40181177354723
figure_ratio,1048,15,5,0.4,MFA,0.8,0.8,0.6666666666666666,0.7272727272727272,4,8,1,2,0.7772727272727272,9.275259414971817,6.177629031285131
figure_ratio,1048,15,5,0.4,FUBA,0.8,0.8,0.6666666666666666,0.7272727272727272,4,8,1,2,0.7818181818181819,14.792809778824239,18.773534485996766
figure_ratio,1048,15,5,0.4,GALTrust,0.7333333333333333,1.0,0.3333333333333333,0.5,2,9,0,4,0.6772727272727272,31.667556674496506,42.50854607747449
figure_ratio,1048,15,5,0.4,GDM-DTM,0.8666666666666667,1.0,0.6666666666666666,0.8,4,9,0,2,0.7954545454545454,17.983544680421833,24.26185078771119
figure_ratio,1048,15,5,0.4,LR-Trust,1.0,1.0,1.0,1.0,6,9,0,0,0.8954545454545455,21.316179339549013,31.945969216454586
figure_ratio,1048,15,5,0.4,MLP-Trust,1.0,1.0,1.0,1.0,6,9,0,0,0.8954545454545455,25.500010830963223,36.61367718301942
figure_ratio,1048,15,5,0.4,MTIM,1.0,1.0,1.0,1.0,6,9,0,0,0.9045454545454545,32.37283276204429,63.1239080552582
figure_ratio,1049,15,5,0.4,MFA,0.8666666666666667,0.8333333333333334,0.8333333333333334,0.8333333333333334,5,8,1,1,0.8318181818181818,12.188052040204507,10.55455005685543
figure_ratio,1049,15,5,0.4,FUBA,0.8666666666666667,1.0,0.6666666666666666,0.8,4,9,0,2,0.7818181818181819,16.751346709726306,16.031022674198205
figure_ratio,1049,15,5,0.4,GALTrust,0.6666666666666666,1.0,0.16666666666666666,0.2857142857142857,1,9,0,5,0.7,30.887400510212196,36.48398805716052
figure_ratio,1049,15,5,0.4,GDM-DTM,0.8666666666666667,0.8333333333333334,0.8333333333333334,0.8333333333333334,5,8,1,1,0.7954545454545454,19.73593635325064,26.09063657945711
figure_ratio,1049,15,5,0.4,LR-Trust,0.8,0.8,0.6666666666666666,0.7272727272727272,4,8,1,2,0.9136363636363637,19.61182557045013,35.04557060699612
figure_ratio,1049,15,5,0.4,MLP-Trust,1.0,1.0,1.0,1.0,6,9,0,0,0.9045454545454545,24.963986207096326,38.71342264337308
figure_ratio,1049,15,5,0.4,MTIM,1.0,1.0,1.0,1.0,6,9,0,0,0.9227272727272727,32.68104974660018,58.28973869522459
figure_ratio,1000,15,5,0.5,MFA,0.7333333333333333,0.8333333333333334,0.625,0.7142857142857143,5,6,1,3,0.6772727272727272,8.851641650304934,19.684003035393246
figure_ratio,1000,15,5,0.5,FUBA,0.8666666666666667,1.0,0.75,0.8571428571428571,6,7,0,2,0.7772727272727272,16.948506438164266,18.9642867029369
figure_ratio,1000,15,5,0.5,GALTrust,0.5333333333333333,1.0,0.125,0.2222222222222222,1,7,0,7,0.6,27.94664068678791,46.322772982871726
figure_ratio,1000,15,5,0.5,GDM-DTM,0.8666666666666667,1.0,0.75,0.8571428571428571,6,7,0,2,0.7545454545454545,19.754795859177193,24.072907619742704
figure_ratio,1000,15,5,0.5,LR-Trust,0.8,0.8571428571428571,0.75,0.7999999999999999,6,6,1,2,0.8136363636363636,21.330602447051096,27.590290428662314
figure_ratio,1000,15,5,0.5,MLP-Trust,0.8666666666666667,1.0,0.75,0.8571428571428571,6,7,0,2,0.740909090909091,25.9475890120982,38.24642754144285
figure_ratio,1000,15,5,0.5,MTIM,0.8666666666666667,1.0,0.75,0.8571428571428571,6,7,0,2,0.8,37.58606634986547,60.579199701434156
figure_ratio,1001,15,5,0.5,MFA,0.7333333333333333,0.75,0.75,0.75,6,5,2,2,0.7363636363636363,11.585739319846324,9.233210815902632
figure_ratio,1001,15,5,0.5,FUBA,0.7333333333333333,0.8333333333333334,0.625,0.7142857142857143,5,6,1,3,0.7045454545454546,16.525035690581465,14.563581286766844
figure_ratio,1001,15,5,0.5,GALTrust,0.8,1.0,0.625,0.7692307692307693,5,7,0,3,0.7045454545454546,31.40035539756998,35.16495337893679
figure_ratio,1001,15,5,0.5,GDM-DTM,0.8666666666666667,0.875,0.875,0.875,7,6,1,1,0.7363636363636363,17.966260832269235,16.70430684593421
figure_ratio,1001,15,5,0.5,LR-Trust,0.9333333333333333,1.0,0.875,0.9333333333333333,7,7,0,1,0.8,23.186021259572325,21.45610652482243
figure_ratio,1001,15,5,0.5,MLP-Trust,0.9333333333333333,1.0,0.875,0.9333333333333333,7,7,0,1,0.8409090909090909,27.316306813611448,37.9885138085915
figure_ratio,1001,15,5,0.5,MTIM,0.9333333333333333,1.0,0.875,0.9333333333333333,7,7,0,1,0.8409090909090909,30.626725089439727,58.67577962583009
figure_ratio,1002,15,5,0.5,MFA,0.8,1.0,0.625,0.7692307692307693,5,7,0,3,0.740909090909091,11.853604084000175,3.8582519520100274
figure_ratio,1002,15,5,0.5,FUBA,0.8666666666666667,0.875,0.875,0.875,7,6,1,1,0.8,15.920500595905825,23.452486072285513
figure_ratio,1002,15,5,0.5,GALTrust,0.6,1.0,0.25,0.4,2,7,0,6,0.6363636363636364,27.235042886433853,40.93783428968736
figure_ratio,1002,15,5,0.5,GDM-DTM,0.8,0.8571428571428571,0.75,0.7999999999999999,6,6,1,2,0.7181818181818181,23.05018303418806,22.423958225121048
figure_ratio,1002,15,5,0.5,LR-Trust,0.8666666666666667,0.875,0.875,0.875,7,6,1,1,0.8636363636363636,23.118305579626945,29.197771828591616
figure_ratio,1002,15,5,0.5,MLP-Trust,0.9333333333333333,0.8888888888888888,1.0,0.9411764705882353,8,6,1,0,0.8636363636363636,26.636697840286878,39.59072096939671
figure_ratio,1002,15,5,0.5,MTIM,0.9333333333333333,0.8888888888888888,1.0,0.9411764705882353,8,6,1,0,0.9409090909090909,35.50997199711533,64.72280211341274
figure_ratio,1003,15,5,0.5,MFA,0.6666666666666666,0.8,0.5,0.6153846153846154,4,6,1,4,0.7090909090909091,11.253957966095408,10.30493089559924
figure_ratio,1003,15,5,0.5,FUBA,0.8,0.8571428571428571,0.75,0.7999999999999999,6,6,1,2,0.7363636363636363,15.617253215601474,17.180218391121127
figure_ratio,1003,15,5,0.5,GALTrust,0.6,1.0,0.25,0.4,2,7,0,6,0.5727272727272728,32.338600142427495,42.58222702895827
figure_ratio,1003,15,5,0.5,GDM-DTM,0.7333333333333333,0.8333333333333334,0.625,0.7142857142857143,5,6,1,3,0.6818181818181818,18.860825789656847,19.19030016989285
figure_ratio,1003,15,5,0.5,LR-Trust,0.8,0.8571428571428571,0.75,0.7999999999999999,6,6,1,2,0.7954545454545454,19.775038995792777,28.633092907154104
figure_ratio,1003,15,5,0.5,MLP-Trust,0.8666666666666667,1.0,0.75,0.8571428571428571,6,7,0,2,0.8181818181818182,24.00888732378317,38.15316700910308
figure_ratio,1003,15,5,0.5,MTIM,0.8666666666666667,1.0,0.75,0.8571428571428571,6,7,0,2,0.7727272727272727,32.456305196360205,60.34636202868339
figure_ratio,1004,15,5,0.5,MFA,0.8,0.8571428571428571,0.75,0.7999999999999999,6,6,1,2,0.7681818181818182,13.449893961599276,13.628844626456296
figure_ratio,1004,15,5,0.5,FUBA,0.8,0.8571428571428571,0.75,0.7999999999999999,6,6,1,2,0.7045454545454546,13.438441178672061,20.55814036696502
figure_ratio,1004,15,5,0.5,GALTrust,0.7333333333333333,1.0,0.5,0.6666666666666666,4,7,0,4,0.6545454545454545,30.107303356968558,44.12705267202752
figure_ratio,1004,15,5,0.5,GDM-DTM,0.8666666666666667,1.0,0.75,0.8571428571428571,6,7,0,2,0.740909090909091,17.799568051648503,25.916872106180907
figure_ratio,1004,15,5,0.5,LR-Trust,0.8666666666666667,0.875,0.875,0.875,7,6,1,1,0.8772727272727273,21.142424918928512,20.758132690597634
figure_ratio,1004,15,5,0.5,MLP-Trust,0.9333333333333333,1.0,0.875,0.9333333333333333,7,7,0,1,0.8454545454545455,23.307795798068543,38.03341039323101
figure_ratio,1004,15,5,0.5,MTIM,0.9333333333333333,1.0,0.875,0.9333333333333333,7,7,0,1,0.8590909090909091,33.13730225276681,56.37615069107371
figure_ratio,1005,15,5,0.5,MFA,0.7333333333333333,1.0,0.5,0.6666666666666666,4,7,0,4,0.6454545454545455,9.452511698626079,6.462280276055192
figure_ratio,1005,15,5,0.5,FUBA,0.5333333333333333,0.5714285714285714,0.5,0.5333333333333333,4,4,3,4,0.5909090909090909,14.104970992115145,12.321125456212389
figure_ratio,1005,15,5,0.5,GALTrust,0.6,1.0,0.25,0.4,2,7,0,6,0.6090909090909091,32.57811326114124,41.313384966519735
figure_ratio,1005,15,5,0.5,GDM-DTM,0.6666666666666666,0.8,0.5,0.6153846153846154,4,6,1,4,0.6909090909090909,20.44096663803223,20.14029157901796
figure_ratio,1005,15,5,0.5,LR-Trust,0.6666666666666666,0.8,0.5,0.6153846153846154,4,6,1,4,0.7318181818181818,18.11907795554641,22.271431154390687
figure_ratio,1005,15,5,0.5,MLP-Trust,0.8666666666666667,1.0,0.75,0.8571428571428571,6,7,0,2,0.740909090909091,25.29202959735359,33.15036207230356
figure_ratio,1005,15,5,0.5,MTIM,0.9333333333333333,1.0,0.875,0.9333333333333333,7,7,0,1,0.8363636363636363,34.236706719467634,56.2231369777411
figure_ratio,1006,15,5,0.5,MFA,0.8,1.0,0.625,0.7692307692307693,5,7,0,3,0.7545454545454545,8.981259278441495,4.922776827515596
figure_ratio,1006,15,5,0.5,FUBA,0.8,0.7777777777777778,0.875,0.823529411764706,7,5,2,1,0.7318181818181818,17.870422196578538,13.632018472670525
figure_ratio,1006,15,5,0.5,GALTrust,0.7333333333333333,1.0,0.5,0.6666666666666666,4,7,0,4,0.6636363636363637,33.73942260178775,42.88217014414031
figure_ratio,1006,15,5,0.5,GDM-DTM,0.8666666666666667,1.0,0.75,0.8571428571428571,6,7,0,2,0.7227272727272728,16.503921879530306,27.062780845454025
figure_ratio,1006,15,5,0.5,LR-Trust,0.8666666666666667,0.875,0.875,0.875,7,6,1,1,0.8363636363636363,24.670786948983263,26.58194090375264
figure_ratio,1006,15,5,0.5,MLP-Trust,1.0,1.0,1.0,1.0,8,7,0,0,0.9090909090909091,24.693038095986793,31.545779684068464
figure_ratio,1006,15,5,0.5,MTIM,1.0,1.0,1.0,1.0,8,7,0,0,0.9227272727272727,31.963025401950535,62.124969600521396
figure_ratio,1007,15,5,0.5,MFA,0.8666666666666667,0.875,0.875,0.875,7,6,1,1,0.8136363636363636,10.450606331322266,9.179553871266526
figure_ratio,1007,15,5,0.5,FUBA,0.7333333333333333,0.8333333333333334,0.625,0.7142857142857143,5,6,1,3,0.740909090909091,15.502400677221903,14.566083896202727
figure_ratio,1007,15,5,0.5,GALTrust,0.7333333333333333,1.0,0.5,0.6666666666666666,4,7,0,4,0.6681818181818182,30.210235752998624,32.43139726727676
figure_ratio,1007,15,5,0.5,GDM-DTM,0.8,1.0,0.625,0.7692307692307693,5,7,0,3,0.7045454545454546,19.395770681573687,31.93487395057408
figure_ratio,1007,15,5,0.5,LR-Trust,1.0,1.0,1.0,1.0,8,7,0,0,0.8772727272727273,22.450414112142763,23.99089368900234
figure_ratio,1007,15,5,0.5,MLP-Trust,0.9333333333333333,1.0,0.875,0.9333333333333333,7,7,0,1,0.8045454545454546,25.10319040930479,40.05162999467708
figure_ratio,1007,15,5,0.5,MTIM,1.0,1.0,1.0,1.0,8,7,0,0,0.9136363636363637,37.07990372896636,57.77026192392041
figure_ratio,1008,15,5,0.5,MFA,0.6666666666666666,0.8,0.5,0.6153846153846154,4,6,1,4,0.6454545454545455,13.533705347784077,12.341364293207139
figure_ratio,1008,15,5,0.5,FUBA,0.7333333333333333,0.7,0.875,0.7777777777777777,7,4,3,1,0.7227272727272728,12.663251081582125,6.654588718681314
figure_ratio,1008,15,5,0.5,GALTrust,0.5333333333333333,1.0,0.125,0.2222222222222222,1,7,0,7,0.6136363636363636,32.65041687873053,38.67458206345009
figure_ratio,1008,15,5,0.5,GDM-DTM,0.7333333333333333,0.75,0.75,0.75,6,5,2,2,0.6772727272727272,18.941147408289638,18.39997676199101
figure_ratio,1008,15,5,0.5,LR-Trust,0.8,0.7777777777777778,0.875,0.823529411764706,7,5,2,1,0.7727272727272727,24.11335687297183,26.708291261671533
figure_ratio,1008,15,5,0.5,MLP-Trust,1.0,1.0,1.0,1.0,8,7,0,0,0.9318181818181818,25.01547690391327,39.174811642589354
figure_ratio,1008,15,5,0.5,MTIM,0.9333333333333333,0.8888888888888888,1.0,0.9411764705882353,8,6,1,0,0.8772727272727273,32.8021917585565,57.57830549733596
figure_ratio,1009,15,5,0.5,MFA,0.7333333333333333,0.8333333333333334,0.625,0.7142857142857143,5,6,1,3,0.6636363636363637,11.85076505045124,15.69867786697795
figure_ratio,1009,15,5,0.5,FUBA,0.8666666666666667,0.875,0.875,0.875,7,6,1,1,0.8318181818181818,16.571073986457293,21.95257670360562
figure_ratio,1009,15,5,0.5,GALTrust,0.6666666666666666,1.0,0.375,0.5454545454545454,3,7,0,5,0.7136363636363636,31.752904596992092,48.02605201975853
figure_ratio,1009,15,5,0.5,GDM-DTM,0.8,0.8571428571428571,0.75,0.7999999999999999,6,6,1,2,0.6681818181818182,20.461531473232455,18.250691087805272
figure_ratio,1009,15,5,0.5,LR-Trust,0.9333333333333333,1.0,0.875,0.9333333333333333,7,7,0,1,0.8454545454545455,21.538505538649336,31.633006489560806
figure_ratio,1009,15,5,0.5,MLP-Trust,1.0,1.0,1.0,1.0,8,7,0,0,0.8909090909090909,22.166118651604123,28.906806445802292
figure_ratio,1009,15,5,0.5,MTIM,1.0,1.0,1.0,1.0,8,7,0,0,0.8954545454545455,34.69933370122343,60.47447375241575
figure_ratio,1010,15,5,0.5,MFA,0.7333333333333333,1.0,0.5,0.6666666666666666,4,7,0,4,0.5909090909090909,12.41360629842454,14.431630303834366
figure_ratio,1010,15,5,0.5,FUBA,0.7333333333333333,0.8333333333333334,0.625,0.7142857142857143,5,6,1,3,0.6636363636363637,16.855238625003658,18.125376197828473
figure_ratio,1010,15,5,0.5,GALTrust,0.6,1.0,0.25,0.4,2,7,0,6,0.6863636363636364,35.59229165395588,40.83082540552283
figure_ratio,1010,15,5,0.5,GDM-DTM,0.7333333333333333,1.0,0.5,0.6666666666666666,4,7,0,4,0.6636363636363637,21.508811195268514,18.7119561395091
figure_ratio,1010,15,5,0.5,LR-Trust,0.9333333333333333,1.0,0.875,0.9333333333333333,7,7,0,1,0.8681818181818182,22.477033278473968,24.907587974893488
figure_ratio,1010,15,5,0.5,MLP-Trust,1.0,1.0,1.0,1.0,8,7,0,0,0.8590909090909091,28.608151629119234,30.133973750448945
figure_ratio,1010,15,5,0.5,MTIM,1.0,1.0,1.0,1.0,8,7,0,0,0.9136363636363637,36.9453700402446,61.1002417258654
figure_ratio,1011,15,5,0.5,MFA,0.6666666666666666,0.8,0.5,0.6153846153846154,4,6,1,4,0.6818181818181818,10.196122033421458,1.8753233459861463
figure_ratio,1011,15,5,0.5,FUBA,0.6666666666666666,0.7142857142857143,0.625,0.6666666666666666,5,5,2,3,0.6772727272727272,17.50483606805648,17.598969438837017
figure_ratio,1011,15,5,0.5,GALTrust,0.6,1.0,0.25,0.4,2,7,0,6,0.6363636363636364,30.12209435097815,42.88981898931936
figure_ratio,1011,15,5,0.5,GDM-DTM,0.9333333333333333,1.0,0.875,0.9333333333333333,7,7,0,1,0.8,19.826751343597067,17.386900961055034
figure_ratio,1011,15,5,0.5,LR-Trust,0.9333333333333333,0.8888888888888888,1.0,0.9411764705882353,8,6,1,0,0.8863636363636364,23.13697720821185,21.983094389234306
figure_ratio,1011,15,5,0.5,MLP-Trust,1.0,1.0,1.0,1.0,8,7,0,0,0.8909090909090909,24.792634037670197,38.19174864580198
figure_ratio,1011,15,5,0.5,MTIM,1.0,1.0,1.0,1.0,8,7,0,0,0.9227272727272727,34.935172228012696,55.95352416564387
figure_ratio,1012,15,5,0.5,MFA,0.7333333333333333,1.0,0.5,0.6666666666666666,4,7,0,4,0.75,9.375191674621334,7.89930915970305
figure_ratio,1012,15,5,0.5,FUBA,0.8,0.8571428571428571,0.75,0.7999999999999999,6,6,1,2,0.7227272727272728,16.027807794617235,19.56449997893478
figure_ratio,1012,15,5,0.5,GALTrust,0.6,1.0,0.25,0.4,2,7,0,6,0.6272727272727273,33.21388783097024,45.97217862914867
figure_ratio,1012,15,5,0.5,GDM-DTM,0.9333333333333333,1.0,0.875,0.9333333333333333,7,7,0,1,0.8045454545454546,19.50346284870245,23.692198849156483
figure_ratio,1012,15,5,0.5,LR-Trust,0.8666666666666667,1.0,0.75,0.8571428571428571,6,7,0,2,0.8181818181818182,21.081396404582826,24.046650805141244
figure_ratio,1012,15,5,0.5,MLP-Trust,0.9333333333333333,1.0,0.875,0.9333333333333333,7,7,0,1,0.8227272727272728,26.827085652561625,33.34307533894814
figure_ratio,1012,15,5,0.5,MTIM,0.9333333333333333,1.0,0.875,0.9333333333333333,7,7,0,1,0.8681818181818182,34.04707982137022,60.84537539123918
figure_ratio,1013,15,5,0.5,MFA,0.9333333333333333,1.0,0.875,0.9333333333333333,7,7,0,1,0.740909090909091,13.78814762437187,9.97401976769356
figure_ratio,1013,15,5,0.5,FUBA,0.8666666666666667,1.0,0.75,0.8571428571428571,6,7,0,2,0.7363636363636363,18.339385041878234,14.53872455134571
figure_ratio,1013,15,5,0.5,GALTrust,0.6,1.0,0.25,0.4,2,7,0,6,0.65,31.933440941128886,37.14089420855876
figure_ratio,1013,15,5,0.5,GDM-DTM,0.8666666666666667,1.0,0.75,0.8571428571428571,6,7,0,2,0.7272727272727273,18.69332463904539,24.624078037460848
figure_ratio,1013,15,5,0.5,LR-Trust,0.8666666666666667,1.0,0.75,0.8571428571428571,6,7,0,2,0.8727272727272727,21.176808479438034,23.126313600856363
figure_ratio,1013,15,5,0.5,MLP-Trust,0.8666666666666667,1.0,0.75,0.8571428571428571,6,7,0,2,0.7636363636363637,24.678947422800043,40.692135420740534
figure_ratio,1013,15,5,0.5,MTIM,0.9333333333333333,1.0,0.875,0.9333333333333333,7,7,0,1,0.8636363636363636,35.286124007206766,59.57330600945626
figure_ratio,1014,15,5,0.5,MFA,0.8,1.0,0.625,0.7692307692307693,5,7,0,3,0.740909090909091,12.537647350761809,9.148777142708175
figure_ratio,1014,15,5,0.5,FUBA,0.8666666666666667,0.875,0.875,0.875,7,6,1,1,0.7681818181818182,16.507765774577788,10.66400883001147
figure_ratio,1014,15,5,0.5,GALTrust,0.6,1.0,0.25,0.4,2,7,0,6,0.6318181818181818,33.966873942788304,48.024289454083025
figure_ratio,1014,15,5,0.5,GDM-DTM,0.8,1.0,0.625,0.7692307692307693,5,7,0,3,0.7363636363636363,17.205208520136967,23.08103378188686
figure_ratio,1014,15,5,0.5,LR-Trust,0.8,1.0,0.625,0.7692307692307693,5,7,0,3,0.8227272727272728,22.275169016259785,27.969580599543455
figure_ratio,1014,15,5,0.5,MLP-Trust,1.0,1.0,1.0,1.0,8,7,0,0,0.85,27.29167173937246,40.26319924941397
figure_ratio,1014,15,5,0.5,MTIM,1.0,1.0,1.0,1.0,8,7,0,0,0.9363636363636364,34.369199466757316,64.8685152155984
figure_ratio,1015,15,5,0.5,MFA,0.8666666666666667,1.0,0.75,0.8571428571428571,6,7,0,2,0.7818181818181819,13.538180876009434,9.749070566205834
figure_ratio,1015,15,5,0.5,FUBA,0.9333333333333333,1.0,0.875,0.9333333333333333,7,7,0,1,0.7681818181818182,17.700991175136064,15.242629034463198
figure_ratio,1015,15,5,0.5,GALTrust,0.5333333333333333,1.0,0.125,0.2222222222222222,1,7,0,7,0.6909090909090909,34.09599164887044,41.01457383825977
figure_ratio,1015,15,5,0.5,GDM-DTM,1.0,1.0,1.0,1.0,8,7,0,0,0.85,16.422669270219426,20.531267197979865
figure_ratio,1015,15,5,0.5,LR-Trust,0.9333333333333333,1.0,0.875,0.9333333333333333,7,7,0,1,0.8954545454545455,16.55425525511406,23.52892059446015
figure_ratio,1015,15,5,0.5,MLP-Trust,1.0,1.0,1.0,1.0,8,7,0,0,0.9272727272727272,25.080641073924866,30.443040999849142
figure_ratio,1015,15,5,0.5,MTIM,1.0,1.0,1.0,1.0,8,7,0,0,0.9454545454545454,33.05568597314505,56.30463009035132
figure_ratio,1016,15,5,0.5,MFA,0.6666666666666666,0.7142857142857143,0.625,0.6666666666666666,5,5,2,3,0.6863636363636364,9.199978682200372,13.496388599544835
figure_ratio,1016,15,5,0.5,FUBA,0.8666666666666667,1.0,0.75,0.8571428571428571,6,7,0,2,0.7181818181818181,14.24964208020728,19.007037781457818
figure_ratio,1016,15,5,0.5,GALTrust,0.7333333333333333,1.0,0.5,0.6666666666666666,4,7,0,4,0.7272727272727273,30.635727453328954,35.96516639767085
figure_ratio,1016,15,5,0.5,GDM-DTM,0.9333333333333333,0.8888888888888888,1.0,0.9411764705882353,8,6,1,0,0.8227272727272728,17.95514176978827,26.85150411625863
figure_ratio,1016,15,5,0.5,LR-Trust,1.0,1.0,1.0,1.0,8,7,0,0,0.9090909090909091,23.210950034061078,19.366350146281597
figure_ratio,1016,15,5,0.5,MLP-Trust,1.0,1.0,1.0,1.0,8,7,0,0,0.8818181818181818,21.293171994814934,30.621655214622844
figure_ratio,1016,15,5,0.5,MTIM,1.0,1.0,1.0,1.0,8,7,0,0,0.9090909090909091,33.226628346764805,53.963455045204086
figure_ratio,1017,15,5,0.5,MFA,0.8,1.0,0.625,0.7692307692307693,5,7,0,3,0.7363636363636363,11.585842935747106,5.148895563440727
figure_ratio,1017,15,5,0.5,FUBA,0.8,1.0,0.625,0.7692307692307693,5,7,0,3,0.6818181818181818,15.316524058495242,17.589403845235918
figure_ratio,1017,15,5,0.5,GALTrust,0.6,1.0,0.25,0.4,2,7,0,6,0.6818181818181818,30.082629123857338,35.230090807262314
figure_ratio,1017,15,5,0.5,GDM-DTM,0.8,0.8571428571428571,0.75,0.7999999999999999,6,6,1,2,0.75,19.029672571870886,18.58810928451066
figure_ratio,1017,15,5,0.5,LR-Trust,0.9333333333333333,1.0,0.875,0.9333333333333333,7,7,0,1,0.8681818181818182,20.917496682686323,26.39565875376041
figure_ratio,1017,15,5,0.5,MLP-Trust,0.9333333333333333,1.0,0.875,0.9333333333333333,7,7,0,1,0.8318181818181818,27.983459827878704,28.632569110986232
figure_ratio,1017,15,5,0.5,MTIM,0.9333333333333333,1.0,0.875,0.9333333333333333,7,7,0,1,0.85,32.02019866742041,67.79838197974058
figure_ratio,1018,15,5,0.5,MFA,0.8666666666666667,1.0,0.75,0.8571428571428571,6,7,0,2,0.7,10.51431490449109,13.689497239521481
figure_ratio,1018,15,5,0.5,FUBA,0.8666666666666667,0.875,0.875,0.875,7,6,1,1,0.8,19.385672074008394,16.97313657257282
figure_ratio,1018,15,5,0.5,GALTrust,0.7333333333333333,1.0,0.5,0.6666666666666666,4,7,0,4,0.6954545454545454,30.82707872267705,39.235248761130876
figure_ratio,1018,15,5,0.5,GDM-DTM,0.7333333333333333,0.75,0.75,0.75,6,5,2,2,0.7772727272727272,21.16895877438625,17.53493244842938
figure_ratio,1018,15,5,0.5,LR-Trust,0.7333333333333333,0.7,0.875,0.7777777777777777,7,4,3,1,0.7727272727272727,17.763563785382075,28.840096709206755
figure_ratio,1018,15,5,0.5,MLP-Trust,0.9333333333333333,1.0,0.875,0.9333333333333333,7,7,0,1,0.8318181818181818,27.00325243663539,35.51713166235986
figure_ratio,1018,15,5,0.5,MTIM,0.9333333333333333,1.0,0.875,0.9333333333333333,7,7,0,1,0.8590909090909091,35.56612672084859,60.13846847626986
figure_ratio,1019,15,5,0.5,MFA,0.7333333333333333,0.8333333333333334,0.625,0.7142857142857143,5,6,1,3,0.7181818181818181,10.612919630642761,12.996882405788824
figure_ratio,1019,15,5,0.5,FUBA,0.8666666666666667,1.0,0.75,0.8571428571428571,6,7,0,2,0.7772727272727272,19.3307333375144,15.79247365858683
figure_ratio,1019,15,5,0.5,GALTrust,0.6666666666666666,1.0,0.375,0.5454545454545454,3,7,0,5,0.6636363636363637,29.699883918282502,39.70471496723645
figure_ratio,1019,15,5,0.5,GDM-DTM,0.8666666666666667,1.0,0.75,0.8571428571428571,6,7,0,2,0.7636363636363637,18.93587142449751,22.556421225033937
figure_ratio,1019,15,5,0.5,LR-Trust,0.9333333333333333,1.0,0.875,0.9333333333333333,7,7,0,1,0.9045454545454545,22.85397886752787,19.803240147854535
figure_ratio,1019,15,5,0.5,MLP-Trust,0.8666666666666667,1.0,0.75,0.8571428571428571,6,7,0,2,0.8318181818181818,25.527079294975753,37.835520074158325
figure_ratio,1019,15,5,0.5,MTIM,0.8666666666666667,1.0,0.75,0.8571428571428571,6,7,0,2,0.8227272727272728,34.494541502033485,63.385964620968025
figure_ratio,1020,15,5,0.5,MFA,0.9333333333333333,1.0,0.875,0.9333333333333333,7,7,0,1,0.7363636363636363,11.921689764411331,7.659528549865033
figure_ratio,1020,15,5,0.5,FUBA,0.8,0.8571428571428571,0.75,0.7999999999999999,6,6,1,2,0.7363636363636363,18.615782176207947,14.47188745673121
figure_ratio,1020,15,5,0.5,GALTrust,0.6,1.0,0.25,0.4,2,7,0,6,0.6590909090909091,32.448345712058924,40.319198974268765
figure_ratio,1020,15,5,0.5,GDM-DTM,0.8666666666666667,0.875,0.875,0.875,7,6,1,1,0.7681818181818182,17.60952715234482,20.38215897045707
figure_ratio,1020,15,5,0.5,LR-Trust,0.8666666666666667,0.875,0.875,0.875,7,6,1,1,0.8909090909090909,22.82528957042622,25.892244118018265
figure_ratio,1020,15,5,0.5,MLP-Trust,0.9333333333333333,1.0,0.875,0.9333333333333333,7,7,0,1,0.7909090909090909,23.519061409824936,34.609031015899234
figure_ratio,1020,15,5,0.5,MTIM,0.9333333333333333,1.0,0.875,0.9333333333333333,7,7,0,1,0.8409090909090909,34.82275906613788,52.511135792813
figure_ratio,1021,15,5,0.5,MFA,0.8,0.8571428571428571,0.75,0.7999999999999999,6,6,1,2,0.7954545454545454,7.989694813351067,9.46889514607456
figure_ratio,1021,15,5,0.5,FUBA,0.8,0.8571428571428571,0.75,0.7999999999999999,6,6,1,2,0.6818181818181818,14.835713202169563,8.990805254150475
figure_ratio,1021,15,5,0.5,GALTrust,0.6,1.0,0.25,0.4,2,7,0,6,0.6272727272727273,29.66370647720039,41.586235530895294
figure_ratio,1021,15,5,0.5,GDM-DTM,0.9333333333333333,1.0,0.875,0.9333333333333333,7,7,0,1,0.7363636363636363,20.246945740453587,23.527894662653566
figure_ratio,1021,15,5,0.5,LR-Trust,1.0,1.0,1.0,1.0,8,7,0,0,0.8909090909090909,20.65035906330137,25.486247332330173
figure_ratio,1021,15,5,0.5,MLP-Trust,1.0,1.0,1.0,1.0,8,7,0,0,0.9090909090909091,25.61381761964776,36.55590671820137
figure_ratio,1021,15,5,0.5,MTIM,1.0,1.0,1.0,1.0,8,7,0,0,0.9136363636363637,36.00309816927149,58.80257815479069
figure_ratio,1022,15,5,0.5,MFA,0.8666666666666667,0.875,0.875,0.875,7,6,1,1,0.7227272727272728,8.599539928004978,1.0
figure_ratio,1022,15,5,0.5,FUBA,0.9333333333333333,0.8888888888888888,1.0,0.9411764705882353,8,6,1,0,0.7909090909090909,17.437393332184726,19.47002352025164
figure_ratio,1022,15,5,0.5,GALTrust,0.6666666666666666,1.0,0.375,0.5454545454545454,3,7,0,5,0.7045454545454546,30.434406151205565,39.778543710166645
figure_ratio,1022,15,5,0.5,GDM-DTM,0.8,0.8571428571428571,0.75,0.7999999999999999,6,6,1,2,0.7045454545454546,21.522182463367052,19.21456530125642
figure_ratio,1022,15,5,0.5,LR-Trust,0.9333333333333333,0.8888888888888888,1.0,0.9411764705882353,8,6,1,0,0.9,22.11906458480826,22.56163092042473
figure_ratio,1022,15,5,0.5,MLP-Trust,1.0,1.0,1.0,1.0,8,7,0,0,0.9363636363636364,24.905377063356163,33.85203161902835
figure_ratio,1022,15,5,0.5,MTIM,1.0,1.0,1.0,1.0,8,7,0,0,0.9181818181818182,35.3397165042847,61.98066093913579
figure_ratio,1023,15,5,0.5,MFA,0.8666666666666667,1.0,0.75,0.8571428571428571,6,7,0,2,0.7136363636363636,9.208134919373009,9.659765274730692
figure_ratio,1023,15,5,0.5,FUBA,0.9333333333333333,1.0,0.875,0.9333333333333333,7,7,0,1,0.75,17.812503931269703,26.627284154525686
figure_ratio,1023,15,5,0.5,GALTrust,0.6,1.0,0.25,0.4,2,7,0,6,0.6454545454545455,29.5504795494602,40.874548319767904
figure_ratio,1023,15,5,0.5,GDM-DTM,0.7333333333333333,0.8333333333333334,0.625,0.7142857142857143,5,6,1,3,0.6863636363636364,17.786536074043763,23.046250821896102
figure_ratio,1023,15,5,0.5,LR-Trust,0.9333333333333333,1.0,0.875,0.9333333333333333,7,7,0,1,0.8863636363636364,19.830234434492635,17.722566750647612
figure_ratio,1023,15,5,0.5,MLP-Trust,0.9333333333333333,1.0,0.875,0.9333333333333333,7,7,0,1,0.8363636363636363,22.70054555464655,34.25877764220185
figure_ratio,1023,15,5,0.5,MTIM,0.9333333333333333,1.0,0.875,0.9333333333333333,7,7,0,1,0.8363636363636363,34.64449347920117,51.50718238451068
figure_ratio,1024,15,5,0.5,MFA,0.8,1.0,0.625,0.7692307692307693,5,7,0,3,0.7363636363636363,6.701938813466032,14.04853732445411
figure_ratio,1024,15,5,0.5,FUBA,0.8,0.8571428571428571,0.75,0.7999999999999999,6,6,1,2,0.75,14.794710080863716,13.849913113064094
figure_ratio,1024,15,5,0.5,GALTrust,0.8,1.0,0.625,0.7692307692307693,5,7,0,3,0.6863636363636364,33.51180242989609,38.88520747584006
figure_ratio,1024,15,5,0.5,GDM-DTM,0.8,0.7777777777777778,0.875,0.823529411764706,7,5,2,1,0.7818181818181819,23.17849009668505,20.685416481267758
figure_ratio,1024,15,5,0.5,LR-Trust,0.9333333333333333,0.8888888888888888,1.0,0.9411764705882353,8,6,1,0,0.9136363636363637,21.847896513179496,27.832313965679703
figure_ratio,1024,15,5,0.5,MLP-Trust,1.0,1.0,1.0,1.0,8,7,0,0,0.9272727272727272,25.560414456830806,33.13871391537952
figure_ratio,1024,15,5,0.5,MTIM,0.9333333333333333,0.8888888888888888,1.0,0.9411764705882353,8,6,1,0,0.9272727272727272,34.828117456800186,56.320649366441216
figure_ratio,1025,15,5,0.5,MFA,0.6,1.0,0.25,0.4,2,7,0,6,0.6136363636363636,11.736612071611614,10.67587307499436
figure_ratio,1025,15,5,0.5,FUBA,0.8666666666666667,1.0,0.75,0.8571428571428571,6,7,0,2,0.759090909090909,19.62020085805415,16.415664849957118
figure_ratio,1025,15,5,0.5,GALTrust,0.6,1.0,0.25,0.4,2,7,0,6,0.6545454545454545,32.12193394423344,36.72860598092464
figure_ratio,1025,15,5,0.5,GDM-DTM,0.8,1.0,0.625,0.7692307692307693,5,7,0,3,0.7,20.702592537605646,29.482032416049694
figure_ratio,1025,15,5,0.5,LR-Trust,0.8666666666666667,1.0,0.75,0.8571428571428571,6,7,0,2,0.8545454545454545,19.45308262532683,23.399408072416616
figure_ratio,1025,15,5,0.5,MLP-Trust,1.0,1.0,1.0,1.0,8,7,0,0,0.9090909090909091,27.85281372945868,35.41522593848991
figure_ratio,1025,15,5,0.5,MTIM,1.0,1.0,1.0,1.0,8,7,0,0,0.9318181818181818,32.55880030103473,57.98605622001496
figure_ratio,1026,15,5,0.5,MFA,0.8666666666666667,1.0,0.75,0.8571428571428571,6,7,0,2,0.7363636363636363,11.261247727269012,1.5105198147818868
figure_ratio,1026,15,5,0.5,FUBA,0.8666666666666667,1.0,0.75,0.8571428571428571,6,7,0,2,0.75,19.30318383109883,18.419124412894558
figure_ratio,1026,15,5,0.5,GALTrust,0.7333333333333333,1.0,0.5,0.6666666666666666,4,7,0,4,0.6727272727272727,31.7099992973359,41.183250760282725
figure_ratio,1026,15,5,0.5,GDM-DTM,0.9333333333333333,1.0,0.875,0.9333333333333333,7,7,0,1,0.7909090909090909,19.27013838172441,16.433644069501646
figure_ratio,1026,15,5,0.5,LR-Trust,0.9333333333333333,1.0,0.875,0.9333333333333333,7,7,0,1,0.8818181818181818,20.16633142272785,19.58845358750915
figure_ratio,1026,15,5,0.5,MLP-Trust,1.0,1.0,1.0,1.0,8,7,0,0,0.8772727272727273,28.663785902812382,33.35680470986764
figure_ratio,1026,15,5,0.5,MTIM,1.0,1.0,1.0,1.0,8,7,0,0,0.9136363636363637,34.84608167524025,58.31067883382576
figure_ratio,1027,15,5,0.5,MFA,0.8,1.0,0.625,0.7692307692307693,5,7,0,3,0.7045454545454546,13.715284008291361,6.828106678196952
figure_ratio,1027,15,5,0.5,FUBA,0.8,0.8571428571428571,0.75,0.7999999999999999,6,6,1,2,0.7636363636363637,17.28121426895097,19.09256296233915
figure_ratio,1027,15,5,0.5,GALTrust,0.6666666666666666,1.0,0.375,0.5454545454545454,3,7,0,5,0.6454545454545455,31.7883248061673,47.23832482573797
figure_ratio,1027,15,5,0.5,GDM-DTM,0.8,0.8571428571428571,0.75,0.7999999999999999,6,6,1,2,0.7772727272727272,19.080991332070166,21.568375213014402
figure_ratio,1027,15,5,0.5,LR-Trust,0.9333333333333333,0.8888888888888888,1.0,0.9411764705882353,8,6,1,0,0.8636363636363636,23.957648243797824,28.73960803268004
figure_ratio,1027,15,5,0.5,MLP-Trust,0.9333333333333333,0.8888888888888888,1.0,0.9411764705882353,8,6,1,0,0.8818181818181818,24.912300660124732,30.197374341621483
figure_ratio,1027,15,5,0.5,MTIM,0.9333333333333333,0.8888888888888888,1.0,0.9411764705882353,8,6,1,0,0.9181818181818182,32.96190350246606,53.643026824400856
figure_ratio,1028,15,5,0.5,MFA,0.6666666666666666,0.8,0.5,0.6153846153846154,4,6,1,4,0.7090909090909091,14.071726037697868,16.23055426373156
figure_ratio,1028,15,5,0.5,FUBA,0.8,1.0,0.625,0.7692307692307693,5,7,0,3,0.6954545454545454,16.06885847059717,18.365619705655703
figure_ratio,1028,15,5,0.5,GALTrust,0.6666666666666666,1.0,0.375,0.5454545454545454,3,7,0,5,0.6181818181818182,29.33909019022455,38.67269962231979
figure_ratio,1028,15,5,0.5,GDM-DTM,0.8,1.0,0.625,0.7692307692307693,5,7,0,3,0.7090909090909091,18.42890985810609,17.413212208957518
figure_ratio,1028,15,5,0.5,LR-Trust,0.8,0.7777777777777778,0.875,0.823529411764706,7,5,2,1,0.8318181818181818,21.455674024447728,22.543721068862315
figure_ratio,1028,15,5,0.5,MLP-Trust,0.9333333333333333,1.0,0.875,0.9333333333333333,7,7,0,1,0.8363636363636363,27.07881679834042,37.4630765264163
figure_ratio,1028,15,5,0.5,MTIM,0.9333333333333333,1.0,0.875,0.9333333333333333,7,7,0,1,0.85,33.67227293974743,54.396236430716414
figure_ratio,1029,15,5,0.5,MFA,0.7333333333333333,1.0,0.5,0.6666666666666666,4,7,0,4,0.7,13.080029257565593,8.438446293730994
figure_ratio,1029,15,5,0.5,FUBA,0.8666666666666667,1.0,0.75,0.8571428571428571,6,7,0,2,0.7727272727272727,17.413426888874103,21.8336644756933
figure_ratio,1029,15,5,0.5,GALTrust,0.6666666666666666,1.0,0.375,0.5454545454545454,3,7,0,5,0.6454545454545455,31.158351196279895,43.217976793657414
figure_ratio,1029,15,5,0.5,GDM-DTM,0.8666666666666667,1.0,0.75,0.8571428571428571,6,7,0,2,0.7545454545454545,20.401853807973094,18.412670742744066
figure_ratio,1029,15,5,0.5,LR-Trust,0.9333333333333333,1.0,0.875,0.9333333333333333,7,7,0,1,0.9045454545454545,20.86741968811767,27.189086802581887
figure_ratio,1029,15,5,0.5,MLP-Trust,0.9333333333333333,1.0,0.875,0.9333333333333333,7,7,0,1,0.8772727272727273,25.194143188187518,34.99717434808378
figure_ratio,1029,15,5,0.5,MTIM,1.0,1.0,1.0,1.0,8,7,0,0,0.9090909090909091,32.57038478498561,60.713236843351226
figure_ratio,1030,15,5,0.5,MFA,0.8,1.0,0.625,0.7692307692307693,5,7,0,3,0.6909090909090909,15.292970347912657,4.791867535335294
figure_ratio,1030,15,5,0.5,FUBA,0.9333333333333333,1.0,0.875,0.9333333333333333,7,7,0,1,0.8090909090909091,16.955386938615177,16.68792260726568
figure_ratio,1030,15,5,0.5,GALTrust,0.6,1.0,0.25,0.4,2,7,0,6,0.6727272727272727,31.64801644052489,39.57218363354466
figure_ratio,1030,15,5,0.5,GDM-DTM,0.9333333333333333,1.0,0.875,0.9333333333333333,7,7,0,1,0.7681818181818182,20.275445758147217,16.67511378289072
figure_ratio,1030,15,5,0.5,LR-Trust,0.9333333333333333,1.0,0.875,0.9333333333333333,7,7,0,1,0.8454545454545455,20.173343796412144,18.98280971305831
figure_ratio,1030,15,5,0.5,MLP-Trust,1.0,1.0,1.0,1.0,8,7,0,0,0.8818181818181818,23.979929129416554,36.254936483154395
figure_ratio,1030,15,5,0.5,MTIM,1.0,1.0,1.0,1.0,8,7,0,0,0.9272727272727272,32.715726936159584,61.986849924642044
figure_ratio,1031,15,5,0.5,MFA,0.8,1.0,0.625,0.7692307692307693,5,7,0,3,0.75,11.918670241734235,16.734514795329574
figure_ratio,1031,15,5,0.5,FUBA,0.8666666666666667,0.875,0.875,0.875,7,6,1,1,0.7727272727272727,18.250494752507464,14.499825602280858
figure_ratio,1031,15,5,0.5,GALTrust,0.5333333333333333,1.0,0.125,0.2222222222222222,1,7,0,7,0.6818181818181818,31.297514814158028,37.635829879122284
figure_ratio,1031,15,5,0.5,GDM-DTM,0.9333333333333333,1.0,0.875,0.9333333333333333,7,7,0,1,0.8136363636363636,20.48468448618188,23.01975743808603
figure_ratio,1031,15,5,0.5,LR-Trust,0.9333333333333333,1.0,0.875,0.9333333333333333,7,7,0,1,0.8727272727272727,21.891563303362606,22.321806709141825
figure_ratio,1031,15,5,0.5,MLP-Trust,0.9333333333333333,1.0,0.875,0.9333333333333333,7,7,0,1,0.8636363636363636,25.25571653697031,36.05466753657948
figure_ratio,1031,15,5,0.5,MTIM,1.0,1.0,1.0,1.0,8,7,0,0,0.9227272727272727,38.4280486811674,52.191062053989874
figure_ratio,1032,15,5,0.5,MFA,0.7333333333333333,0.75,0.75,0.75,6,5,2,2,0.6818181818181818,13.295918065932012,14.067393870946585
figure_ratio,1032,15,5,0.5,FUBA,1.0,1.0,1.0,1.0,8,7,0,0,0.8318181818181818,21.03734958252152,22.222879386357658
figure_ratio,1032,15,5,0.5,GALTrust,0.8,1.0,0.625,0.7692307692307693,5,7,0,3,0.7136363636363636,30.182182666544723,37.52741093944035
figure_ratio,1032,15,5,0.5,GDM-DTM,0.8666666666666667,0.875,0.875,0.875,7,6,1,1,0.759090909090909,15.68987308323605,25.83739993392641
figure_ratio,1032,15,5,0.5,LR-Trust,1.0,1.0,1.0,1.0,8,7,0,0,0.8818181818181818,20.08348280308578,20.968754994212603
figure_ratio,1032,15,5,0.5,MLP-Trust,1.0,1.0,1.0,1.0,8,7,0,0,0.9045454545454545,25.91364006873211,37.091575147121645
figure_ratio,1032,15,5,0.5,MTIM,1.0,1.0,1.0,1.0,8,7,0,0,0.9409090909090909,32.14117351417565,56.07429345582324
figure_ratio,1033,15,5,0.5,MFA,0.6666666666666666,0.7142857142857143,0.625,0.6666666666666666,5,5,2,3,0.6227272727272727,12.884676948706048,10.437293082405565
figure_ratio,1033,15,5,0.5,FUBA,0.7333333333333333,0.7,0.875,0.7777777777777777,7,4,3,1,0.6818181818181818,13.612922223239059,17.702960348115305
figure_ratio,1033,15,5,0.5,GALTrust,0.4666666666666667,0.0,0.0,0.0,0,7,0,8,0.5954545454545455,31.082613361985164,42.02400365302007
figure_ratio,1033,15,5,0.5,GDM-DTM,0.6666666666666666,0.7142857142857143,0.625,0.6666666666666666,5,5,2,3,0.6681818181818182,20.463191542623786,23.054243118054085
figure_ratio,1033,15,5,0.5,LR-Trust,0.7333333333333333,0.8333333333333334,0.625,0.7142857142857143,5,6,1,3,0.7545454545454545,21.018501530948992,21.226424527658427
figure_ratio,1033,15,5,0.5,MLP-Trust,0.8666666666666667,1.0,0.75,0.8571428571428571,6,7,0,2,0.8045454545454546,26.823763578794765,38.00321387468656
figure_ratio,1033,15,5,0.5,MTIM,0.9333333333333333,1.0,0.875,0.9333333333333333,7,7,0,1,0.8363636363636363,31.73609395927847,57.99845509347321
figure_ratio,1034,15,5,0.5,MFA,0.6,0.625,0.625,0.625,5,4,3,3,0.6272727272727273,10.82255154672464,6.68954341333317
figure_ratio,1034,15,5,0.5,FUBA,0.8666666666666667,0.875,0.875,0.875,7,6,1,1,0.7909090909090909,17.122812639657546,22.72389306830309
figure_ratio,1034,15,5,0.5,GALTrust,0.7333333333333333,1.0,0.5,0.6666666666666666,4,7,0,4,0.7090909090909091,27.7730795186511,39.15702652945475
figure_ratio,1034,15,5,0.5,GDM-DTM,0.9333333333333333,1.0,0.875,0.9333333333333333,7,7,0,1,0.8136363636363636,15.469668213694863,21.0253335400277
figure_ratio,1034,15,5,0.5,LR-Trust,0.8666666666666667,0.875,0.875,0.875,7,6,1,1,0.8681818181818182,22.881158020233478,26.61731164169278
figure_ratio,1034,15,5,0.5,MLP-Trust,0.9333333333333333,0.8888888888888888,1.0,0.9411764705882353,8,6,1,0,0.8727272727272727,25.57610409874492,31.84152874897592
figure_ratio,1034,15,5,0.5,MTIM,0.9333333333333333,0.8888888888888888,1.0,0.9411764705882353,8,6,1,0,0.9363636363636364,32.906843011146584,50.613948136328126
figure_ratio,1035,15,5,0.5,MFA,0.8666666666666667,0.875,0.875,0.875,7,6,1,1,0.7181818181818181,9.842530949037167,6.418133691924274
figure_ratio,1035,15,5,0.5,FUBA,0.7333333333333333,0.8333333333333334,0.625,0.7142857142857143,5,6,1,3,0.6954545454545454,16.875936390934044,22.774770779137498
figure_ratio,1035,15,5,0.5,GALTrust,0.6,1.0,0.25,0.4,2,7,0,6,0.5863636363636363,30.61044133239919,40.003060638526605
figure_ratio,1035,15,5,0.5,GDM-DTM,0.7333333333333333,0.75,0.75,0.75,6,5,2,2,0.740909090909091,22.594285734490022,18.283482155252365
figure_ratio,1035,15,5,0.5,LR-Trust,0.8,0.8571428571428571,0.75,0.7999999999999999,6,6,1,2,0.8045454545454546,22.037757440272546,22.952778817729012
figure_ratio,1035,15,5,0.5,MLP-Trust,0.8666666666666667,0.875,0.875,0.875,7,6,1,1,0.8181818181818182,29.268445410280947,37.987660543522196
figure_ratio,1035,15,5,0.5,MTIM,0.8666666666666667,0.875,0.875,0.875,7,6,1,1,0.8136363636363636,33.97844983610001,53.489052486569555
figure_ratio,1036,15,5,0.5,MFA,0.7333333333333333,0.8333333333333334,0.625,0.7142857142857143,5,6,1,3,0.7136363636363636,12.619726149006011,16.3185008941294
figure_ratio,1036,15,5,0.5,FUBA,0.8,0.8571428571428571,0.75,0.7999999999999999,6,6,1,2,0.75,17.736163785640212,21.156890535078578
figure_ratio,1036,15,5,0.5,GALTrust,0.6666666666666666,1.0,0.375,0.5454545454545454,3,7,0,5,0.6909090909090909,34.25515646855347,48.99639600088119
figure_ratio,1036,15,5,0.5,GDM-DTM,0.8,0.7777777777777778,0.875,0.823529411764706,7,5,2,1,0.740909090909091,18.7259907342573,18.995504694165575
figure_ratio,1036,15,5,0.5,LR-Trust,0.9333333333333333,0.8888888888888888,1.0,0.9411764705882353,8,6,1,0,0.8636363636363636,21.61703652115322,25.07730219616793
figure_ratio,1036,15,5,0.5,MLP-Trust,0.9333333333333333,0.8888888888888888,1.0,0.9411764705882353,8,6,1,0,0.9045454545454545,23.357374140883604,46.9743660401187
figure_ratio,1036,15,5,0.5,MTIM,0.9333333333333333,0.8888888888888888,1.0,0.9411764705882353,8,6,1,0,0.9272727272727272,32.3871070353975,64.88380680731268
figure_ratio,1037,15,5,0.5,MFA,0.7333333333333333,1.0,0.5,0.6666666666666666,4,7,0,4,0.7045454545454546,12.378720082838878,10.896594948040063
figure_ratio,1037,15,5,0.5,FUBA,0.8666666666666667,0.875,0.875,0.875,7,6,1,1,0.7909090909090909,13.964230303064667,16.074888625430418
figure_ratio,1037,15,5,0.5,GALTrust,0.6,1.0,0.25,0.4,2,7,0,6,0.5954545454545455,33.43920335853237,44.33556859902686
figure_ratio,1037,15,5,0.5,GDM-DTM,0.8666666666666667,1.0,0.75,0.8571428571428571,6,7,0,2,0.7136363636363636,19.003959737260722,12.248459191280128
figure_ratio,1037,15,5,0.5,LR-Trust,0.8,0.8571428571428571,0.75,0.7999999999999999,6,6,1,2,0.7818181818181819,18.259041076567016,18.392389645832584
figure_ratio,1037,15,5,0.5,MLP-Trust,0.8666666666666667,0.875,0.875,0.875,7,6,1,1,0.8,28.020587274882907,35.145881996215735
figure_ratio,1037,15,5,0.5,MTIM,0.9333333333333333,0.8888888888888888,1.0,0.9411764705882353,8,6,1,0,0.9181818181818182,32.16954430587606,58.25491547409792
figure_ratio,1038,15,5,0.5,MFA,0.6666666666666666,0.8,0.5,0.6153846153846154,4,6,1,4,0.6681818181818182,9.898804837575545,13.076270860105703
figure_ratio,1038,15,5,0.5,FUBA,0.8666666666666667,0.875,0.875,0.875,7,6,1,1,0.7909090909090909,16.815050087947586,14.208953687081582
figure_ratio,1038,15,5,0.5,GALTrust,0.5333333333333333,1.0,0.125,0.2222222222222222,1,7,0,7,0.5772727272727273,29.602145110377613,34.953957325910515
figure_ratio,1038,15,5,0.5,GDM-DTM,0.8,0.8571428571428571,0.75,0.7999999999999999,6,6,1,2,0.7181818181818181,19.380864311681844,19.782787133186513
figure_ratio,1038,15,5,0.5,LR-Trust,0.9333333333333333,0.8888888888888888,1.0,0.9411764705882353,8,6,1,0,0.8818181818181818,20.26566301199317,25.247132376685556
figure_ratio,1038,15,5,0.5,MLP-Trust,0.8666666666666667,0.875,0.875,0.875,7,6,1,1,0.8727272727272727,20.820738160361685,36.59945545769618
figure_ratio,1038,15,5,0.5,MTIM,0.9333333333333333,0.8888888888888888,1.0,0.9411764705882353,8,6,1,0,0.9136363636363637,36.433891935343745,69.12072853311102
figure_ratio,1039,15,5,0.5,MFA,0.7333333333333333,1.0,0.5,0.6666666666666666,4,7,0,4,0.6681818181818182,10.817149283645438,10.086326752844704
figure_ratio,1039,15,5,0.5,FUBA,0.6,0.75,0.375,0.5,3,6,1,5,0.6818181818181818,15.045133123914272,8.575069880169957
figure_ratio,1039,15,5,0.5,GALTrust,0.6666666666666666,1.0,0.375,0.5454545454545454,3,7,0,5,0.6227272727272727,31.962433539987835,41.91198570539241
figure_ratio,1039,15,5,0.5,GDM-DTM,0.6666666666666666,0.7142857142857143,0.625,0.6666666666666666,5,5,2,3,0.6772727272727272,19.54326407403008,17.503856819024083
figure_ratio,1039,15,5,0.5,LR-Trust,0.8,0.7777777777777778,0.875,0.823529411764706,7,5,2,1,0.8454545454545455,17.97328417797451,25.327103384369178
figure_ratio,1039,15,5,0.5,MLP-Trust,1.0,1.0,1.0,1.0,8,7,0,0,0.8636363636363636,25.37802961705508,36.90220604517003
figure_ratio,1039,15,5,0.5,MTIM,1.0,1.0,1.0,1.0,8,7,0,0,0.9136363636363637,33.46184853693849,53.265698142946135
figure_ratio,1040,15,5,0.5,MFA,0.8,0.8571428571428571,0.75,0.7999999999999999,6,6,1,2,0.7090909090909091,13.318810590504436,12.463102985984555
figure_ratio,1040,15,5,0.5,FUBA,0.8666666666666667,0.875,0.875,0.875,7,6,1,1,0.8,17.419227747488435,17.816405183652567
figure_ratio,1040,15,5,0.5,GALTrust,0.6666666666666666,1.0,0.375,0.5454545454545454,3,7,0,5,0.6227272727272727,29.193862449733384,29.440523675287338
figure_ratio,1040,15,5,0.5,GDM-DTM,0.8666666666666667,0.875,0.875,0.875,7,6,1,1,0.759090909090909,19.752541988020077,25.496920482545423
figure_ratio,1040,15,5,0.5,LR-Trust,1.0,1.0,1.0,1.0,8,7,0,0,0.8590909090909091,23.10794719224815,22.036455779786085
figure_ratio,1040,15,5,0.5,MLP-Trust,1.0,1.0,1.0,1.0,8,7,0,0,0.8909090909090909,23.86300509473792,33.947523955989446
figure_ratio,1040,15,5,0.5,MTIM,1.0,1.0,1.0,1.0,8,7,0,0,0.9090909090909091,32.82670239862179,61.485974710953656
figure_ratio,1041,15,5,0.5,MFA,0.8666666666666667,0.8,1.0,0.888888888888889,8,5,2,0,0.8136363636363636,11.586127668418042,9.586912093040356
figure_ratio,1041,15,5,0.5,FUBA,0.7333333333333333,0.8333333333333334,0.625,0.7142857142857143,5,6,1,3,0.7090909090909091,17.05609341718392,13.763334375502563
figure_ratio,1041,15,5,0.5,GALTrust,0.7333333333333333,1.0,0.5,0.6666666666666666,4,7,0,4,0.6590909090909091,31.073692215392505,37.478834655265295
figure_ratio,1041,15,5,0.5,GDM-DTM,0.8666666666666667,0.875,0.875,0.875,7,6,1,1,0.7863636363636364,20.78950394456832,23.978728876644546
figure_ratio,1041,15,5,0.5,LR-Trust,0.8666666666666667,0.875,0.875,0.875,7,6,1,1,0.8818181818181818,18.66664223047984,25.042498168935737
figure_ratio,1041,15,5,0.5,MLP-Trust,0.8666666666666667,1.0,0.75,0.8571428571428571,6,7,0,2,0.8045454545454546,22.40372357920032,38.64999574321322
figure_ratio,1041,15,5,0.5,MTIM,1.0,1.0,1.0,1.0,8,7,0,0,0.9454545454545454,33.77370435302314,55.120550341759895
figure_ratio,1042,15,5,0.5,MFA,0.7333333333333333,0.75,0.75,0.75,6,5,2,2,0.6863636363636364,12.772300625704263,10.518524185388403
figure_ratio,1042,15,5,0.5,FUBA,0.6666666666666666,0.8,0.5,0.6153846153846154,4,6,1,4,0.6954545454545454,16.604005159867395,19.60586183356481
figure_ratio,1042,15,5,0.5,GALTrust,0.6,1.0,0.25,0.4,2,7,0,6,0.6318181818181818,32.504709538501466,42.70375119526139
figure_ratio,1042,15,5,0.5,GDM-DTM,0.7333333333333333,0.8333333333333334,0.625,0.7142857142857143,5,6,1,3,0.6954545454545454,17.450642216637092,21.866624418670682
figure_ratio,1042,15,5,0.5,LR-Trust,0.8,1.0,0.625,0.7692307692307693,5,7,0,3,0.8363636363636363,20.705069542019523,19.57655937931092
figure_ratio,1042,15,5,0.5,MLP-Trust,0.9333333333333333,1.0,0.875,0.9333333333333333,7,7,0,1,0.85,25.993140091780127,37.9515880030987
figure_ratio,1042,15,5,0.5,MTIM,0.9333333333333333,1.0,0.875,0.9333333333333333,7,7,0,1,0.85,33.700994735918364,58.96112588945433
figure_ratio,1043,15,5,0.5,MFA,0.7333333333333333,0.75,0.75,0.75,6,5,2,2,0.7181818181818181,12.993987539946321,16.21097649346283
figure_ratio,1043,15,5,0.5,FUBA,0.6666666666666666,0.7142857142857143,0.625,0.6666666666666666,5,5,2,3,0.6954545454545454,15.860454435881438,16.334622145785847
figure_ratio,1043,15,5,0.5,GALTrust,0.5333333333333333,1.0,0.125,0.2222222222222222,1,7,0,7,0.6818181818181818,29.93248664409274,46.91758482138761
figure_ratio,1043,15,5,0.5,GDM-DTM,0.8666666666666667,0.875,0.875,0.875,7,6,1,1,0.7318181818181818,20.444210051990453,21.686246065226513
figure_ratio,1043,15,5,0.5,LR-Trust,0.6666666666666666,0.7142857142857143,0.625,0.6666666666666666,5,5,2,3,0.7863636363636364,21.364265594970437,28.141836686354388
figure_ratio,1043,15,5,0.5,MLP-Trust,1.0,1.0,1.0,1.0,8,7,0,0,0.9181818181818182,22.01511363267936,33.105623314533695
figure_ratio,1043,15,5,0.5,MTIM,1.0,1.0,1.0,1.0,8,7,0,0,0.9181818181818182,31.611243746150173,50.1506944322719
figure_ratio,1044,15,5,0.5,MFA,0.9333333333333333,1.0,0.875,0.9333333333333333,7,7,0,1,0.7818181818181819,9.531671232438093,8.679717748576214
figure_ratio,1044,15,5,0.5,FUBA,0.9333333333333333,1.0,0.875,0.9333333333333333,7,7,0,1,0.7363636363636363,17.576798542976032,14.3354266011594
figure_ratio,1044,15,5,0.5,GALTrust,0.6666666666666666,1.0,0.375,0.5454545454545454,3,7,0,5,0.6318181818181818,32.34080971407276,41.54888722368573
figure_ratio,1044,15,5,0.5,GDM-DTM,0.8,0.7777777777777778,0.875,0.823529411764706,7,5,2,1,0.7454545454545455,20.562408654345788,25.737135631301335
figure_ratio,1044,15,5,0.5,LR-Trust,0.8666666666666667,0.8,1.0,0.888888888888889,8,5,2,0,0.8863636363636364,23.068049687756808,23.86468761113225
figure_ratio,1044,15,5,0.5,MLP-Trust,0.8666666666666667,1.0,0.75,0.8571428571428571,6,7,0,2,0.740909090909091,22.06688805487442,39.91529361661
figure_ratio,1044,15,5,0.5,MTIM,0.9333333333333333,1.0,0.875,0.9333333333333333,7,7,0,1,0.7954545454545454,35.173605234169834,57.47495779997661
figure_ratio,1045,15,5,0.5,MFA,0.8,0.8571428571428571,0.75,0.7999999999999999,6,6,1,2,0.7045454545454546,9.814474751916572,3.9542926121284383
figure_ratio,1045,15,5,0.5,FUBA,1.0,1.0,1.0,1.0,8,7,0,0,0.8045454545454546,15.860621106564794,24.618803956075727
figure_ratio,1045,15,5,0.5,GALTrust,0.6,1.0,0.25,0.4,2,7,0,6,0.6545454545454545,34.032148814239655,38.94840551771725
figure_ratio,1045,15,5,0.5,GDM-DTM,0.8,0.8571428571428571,0.75,0.7999999999999999,6,6,1,2,0.75,20.77010307315166,20.335876542876928
figure_ratio,1045,15,5,0.5,LR-Trust,0.9333333333333333,0.8888888888888888,1.0,0.9411764705882353,8,6,1,0,0.8954545454545455,22.679415779836596,25.10543969356638
figure_ratio,1045,15,5,0.5,MLP-Trust,0.9333333333333333,0.8888888888888888,1.0,0.9411764705882353,8,6,1,0,0.9454545454545454,26.7255249807413,37.35759216788901
figure_ratio,1045,15,5,0.5,MTIM,0.9333333333333333,0.8888888888888888,1.0,0.9411764705882353,8,6,1,0,0.9545454545454546,36.201460280289034,58.047228019015634
figure_ratio,1046,15,5,0.5,MFA,0.6666666666666666,0.7142857142857143,0.625,0.6666666666666666,5,5,2,3,0.6681818181818182,10.24890932590791,20.75381752912663
figure_ratio,1046,15,5,0.5,FUBA,0.6666666666666666,1.0,0.375,0.5454545454545454,3,7,0,5,0.6136363636363636,18.160077569163803,13.741806720286089
figure_ratio,1046,15,5,0.5,GALTrust,0.6,1.0,0.25,0.4,2,7,0,6,0.6727272727272727,31.364131131360285,39.30100356625045
figure_ratio,1046,15,5,0.5,GDM-DTM,0.8,0.8571428571428571,0.75,0.7999999999999999,6,6,1,2,0.7136363636363636,18.07050486241332,19.84799228398203
figure_ratio,1046,15,5,0.5,LR-Trust,0.9333333333333333,1.0,0.875,0.9333333333333333,7,7,0,1,0.9227272727272727,23.246202524533718,21.06928023806773
figure_ratio,1046,15,5,0.5,MLP-Trust,1.0,1.0,1.0,1.0,8,7,0,0,0.9045454545454545,26.708078195441857,38.590127993161424
figure_ratio,1046,15,5,0.5,MTIM,1.0,1.0,1.0,1.0,8,7,0,0,0.8772727272727273,36.79130891480335,55.39071632787308
figure_ratio,1047,15,5,0.5,MFA,0.8,0.8571428571428571,0.75,0.7999999999999999,6,6,1,2,0.7136363636363636,10.493422000164816,12.082678131741687
figure_ratio,1047,15,5,0.5,FUBA,0.8,0.8571428571428571,0.75,0.7999999999999999,6,6,1,2,0.7181818181818181,17.338590285844866,17.725026019744114
figure_ratio,1047,15,5,0.5,GALTrust,0.6,1.0,0.25,0.4,2,7,0,6,0.6272727272727273,32.66392455124445,42.936105818792285
figure_ratio,1047,15,5,0.5,GDM-DTM,0.8,0.8571428571428571,0.75,0.7999999999999999,6,6,1,2,0.6727272727272727,21.38645379247053,22.570114881764553
figure_ratio,1047,15,5,0.5,LR-Trust,0.8666666666666667,0.875,0.875,0.875,7,6,1,1,0.8,21.795388255521416,27.441361987148262
figure_ratio,1047,15,5,0.5,MLP-Trust,0.9333333333333333,1.0,0.875,0.9333333333333333,7,7,0,1,0.759090909090909,22.500826706219655,42.190353371124104
figure_ratio,1047,15,5,0.5,MTIM,0.9333333333333333,1.0,0.875,0.9333333333333333,7,7,0,1,0.8681818181818182,31.73425325879854,52.40181177354723
figure_ratio,1048,15,5,0.5,MFA,0.7333333333333333,0.8333333333333334,0.625,0.7142857142857143,5,6,1,3,0.6863636363636364,9.275259414971817,6.177629031285131
figure_ratio,1048,15,5,0.5,FUBA,0.7333333333333333,0.8333333333333334,0.625,0.7142857142857143,5,6,1,3,0.7,14.792809778824239,18.773534485996766
figure_ratio,1048,15,5,0.5,GALTrust,0.6,1.0,0.25,0.4,2,7,0,6,0.6454545454545455,31.667556674496506,42.50854607747449
figure_ratio,1048,15,5,0.5,GDM-DTM,0.7333333333333333,0.8333333333333334,0.625,0.7142857142857143,5,6,1,3,0.7636363636363637,17.983544680421833,24.26185078771119
figure_ratio,1048,15,5,0.5,LR-Trust,0.8666666666666667,0.875,0.875,0.875,7,6,1,1,0.8363636363636363,21.316179339549013,31.945969216454586
figure_ratio,1048,15,5,0.5,MLP-Trust,0.9333333333333333,1.0,0.875,0.9333333333333333,7,7,0,1,0.8318181818181818,25.500010830963223,36.61367718301942
figure_ratio,1048,15,5,0.5,MTIM,0.9333333333333333,1.0,0.875,0.9333333333333333,7,7,0,1,0.8363636363636363,32.37283276204429,63.1239080552582
figure_ratio,1049,15,5,0.5,MFA,0.8,0.8571428571428571,0.75,0.7999999999999999,6,6,1,2,0.7636363636363637,12.188052040204507,10.55455005685543
figure_ratio,1049,15,5,0.5,FUBA,0.7333333333333333,0.75,0.75,0.75,6,5,2,2,0.7181818181818181,16.751346709726306,16.031022674198205
figure_ratio,1049,15,5,0.5,GALTrust,0.6666666666666666,1.0,0.375,0.5454545454545454,3,7,0,5,0.6727272727272727,30.887400510212196,36.48398805716052
figure_ratio,1049,15,5,0.5,GDM-DTM,0.8,0.7777777777777778,0.875,0.823529411764706,7,5,2,1,0.7318181818181818,19.73593635325064,26.09063657945711
figure_ratio,1049,15,5,0.5,LR-Trust,0.9333333333333333,0.8888888888888888,1.0,0.9411764705882353,8,6,1,0,0.9136363636363637,19.61182557045013,35.04557060699612
figure_ratio,1049,15,5,0.5,MLP-Trust,0.9333333333333333,0.8888888888888888,1.0,0.9411764705882353,8,6,1,0,0.9045454545454545,24.963986207096326,38.71342264337308
figure_ratio,1049,15,5,0.5,MTIM,0.8666666666666667,0.8,1.0,0.888888888888889,8,5,2,0,0.9045454545454545,32.68104974660018,58.28973869522459
ratio,1000,15,5,0.5,MFA,0.7333333333333333,0.8333333333333334,0.625,0.7142857142857143,5,6,1,3,0.6772727272727272,8.851641650304934,19.684003035393246
ratio,1000,15,5,0.5,FUBA,0.8666666666666667,1.0,0.75,0.8571428571428571,6,7,0,2,0.7772727272727272,16.948506438164266,18.9642867029369
ratio,1000,15,5,0.5,GALTrust,0.5333333333333333,1.0,0.125,0.2222222222222222,1,7,0,7,0.6,27.94664068678791,46.322772982871726
ratio,1000,15,5,0.5,GDM-DTM,0.8666666666666667,1.0,0.75,0.8571428571428571,6,7,0,2,0.7545454545454545,19.754795859177193,24.072907619742704
ratio,1000,15,5,0.5,LR-Trust,0.8,0.8571428571428571,0.75,0.7999999999999999,6,6,1,2,0.8136363636363636,21.330602447051096,27.590290428662314
ratio,1000,15,5,0.5,MLP-Trust,0.8666666666666667,1.0,0.75,0.8571428571428571,6,7,0,2,0.740909090909091,25.9475890120982,38.24642754144285
ratio,1000,15,5,0.5,MTIM,0.8666666666666667,1.0,0.75,0.8571428571428571,6,7,0,2,0.8,37.58606634986547,60.579199701434156
ratio,1001,15,5,0.5,MFA,0.7333333333333333,0.75,0.75,0.75,6,5,2,2,0.7363636363636363,11.585739319846324,9.233210815902632
ratio,1001,15,5,0.5,FUBA,0.7333333333333333,0.8333333333333334,0.625,0.7142857142857143,5,6,1,3,0.7045454545454546,16.525035690581465,14.563581286766844
ratio,1001,15,5,0.5,GALTrust,0.8,1.0,0.625,0.7692307692307693,5,7,0,3,0.7045454545454546,31.40035539756998,35.16495337893679
ratio,1001,15,5,0.5,GDM-DTM,0.8666666666666667,0.875,0.875,0.875,7,6,1,1,0.7363636363636363,17.966260832269235,16.70430684593421
ratio,1001,15,5,0.5,LR-Trust,0.9333333333333333,1.0,0.875,0.9333333333333333,7,7,0,1,0.8,23.186021259572325,21.45610652482243
ratio,1001,15,5,0.5,MLP-Trust,0.9333333333333333,1.0,0.875,0.9333333333333333,7,7,0,1,0.8409090909090909,27.316306813611448,37.9885138085915
ratio,1001,15,5,0.5,MTIM,0.9333333333333333,1.0,0.875,0.9333333333333333,7,7,0,1,0.8409090909090909,30.626725089439727,58.67577962583009
ratio,1002,15,5,0.5,MFA,0.8,1.0,0.625,0.7692307692307693,5,7,0,3,0.740909090909091,11.853604084000175,3.8582519520100274
ratio,1002,15,5,0.5,FUBA,0.8666666666666667,0.875,0.875,0.875,7,6,1,1,0.8,15.920500595905825,23.452486072285513
ratio,1002,15,5,0.5,GALTrust,0.6,1.0,0.25,0.4,2,7,0,6,0.6363636363636364,27.235042886433853,40.93783428968736
ratio,1002,15,5,0.5,GDM-DTM,0.8,0.8571428571428571,0.75,0.7999999999999999,6,6,1,2,0.7181818181818181,23.05018303418806,22.423958225121048
ratio,1002,15,5,0.5,LR-Trust,0.8666666666666667,0.875,0.875,0.875,7,6,1,1,0.8636363636363636,23.118305579626945,29.197771828591616
ratio,1002,15,5,0.5,MLP-Trust,0.9333333333333333,0.8888888888888888,1.0,0.9411764705882353,8,6,1,0,0.8636363636363636,26.636697840286878,39.59072096939671
ratio,1002,15,5,0.5,MTIM,0.9333333333333333,0.8888888888888888,1.0,0.9411764705882353,8,6,1,0,0.9409090909090909,35.50997199711533,64.72280211341274
ratio,1003,15,5,0.5,MFA,0.6666666666666666,0.8,0.5,0.6153846153846154,4,6,1,4,0.7090909090909091,11.253957966095408,10.30493089559924
ratio,1003,15,5,0.5,FUBA,0.8,0.8571428571428571,0.75,0.7999999999999999,6,6,1,2,0.7363636363636363,15.617253215601474,17.180218391121127
ratio,1003,15,5,0.5,GALTrust,0.6,1.0,0.25,0.4,2,7,0,6,0.5727272727272728,32.338600142427495,42.58222702895827
ratio,1003,15,5,0.5,GDM-DTM,0.7333333333333333,0.8333333333333334,0.625,0.7142857142857143,5,6,1,3,0.6818181818181818,18.860825789656847,19.19030016989285
ratio,1003,15,5,0.5,LR-Trust,0.8,0.8571428571428571,0.75,0.7999999999999999,6,6,1,2,0.7954545454545454,19.775038995792777,28.633092907154104
ratio,1003,15,5,0.5,MLP-Trust,0.8666666666666667,1.0,0.75,0.8571428571428571,6,7,0,2,0.8181818181818182,24.00888732378317,38.15316700910308
ratio,1003,15,5,0.5,MTIM,0.8666666666666667,1.0,0.75,0.8571428571428571,6,7,0,2,0.7727272727272727,32.456305196360205,60.34636202868339
ratio,1004,15,5,0.5,MFA,0.8,0.8571428571428571,0.75,0.7999999999999999,6,6,1,2,0.7681818181818182,13.449893961599276,13.628844626456296
ratio,1004,15,5,0.5,FUBA,0.8,0.8571428571428571,0.75,0.7999999999999999,6,6,1,2,0.7045454545454546,13.438441178672061,20.55814036696502
ratio,1004,15,5,0.5,GALTrust,0.7333333333333333,1.0,0.5,0.6666666666666666,4,7,0,4,0.6545454545454545,30.107303356968558,44.12705267202752
ratio,1004,15,5,0.5,GDM-DTM,0.8666666666666667,1.0,0.75,0.8571428571428571,6,7,0,2,0.740909090909091,17.799568051648503,25.916872106180907
ratio,1004,15,5,0.5,LR-Trust,0.8666666666666667,0.875,0.875,0.875,7,6,1,1,0.8772727272727273,21.142424918928512,20.758132690597634
ratio,1004,15,5,0.5,MLP-Trust,0.9333333333333333,1.0,0.875,0.9333333333333333,7,7,0,1,0.8454545454545455,23.307795798068543,38.03341039323101
ratio,1004,15,5,0.5,MTIM,0.9333333333333333,1.0,0.875,0.9333333333333333,7,7,0,1,0.8590909090909091,33.13730225276681,56.37615069107371
ratio,1005,15,5,0.5,MFA,0.7333333333333333,1.0,0.5,0.6666666666666666,4,7,0,4,0.6454545454545455,9.452511698626079,6.462280276055192
ratio,1005,15,5,0.5,FUBA,0.5333333333333333,0.5714285714285714,0.5,0.5333333333333333,4,4,3,4,0.5909090909090909,14.104970992115145,12.321125456212389
ratio,1005,15,5,0.5,GALTrust,0.6,1.0,0.25,0.4,2,7,0,6,0.6090909090909091,32.57811326114124,41.313384966519735
ratio,1005,15,5,0.5,GDM-DTM,0.6666666666666666,0.8,0.5,0.6153846153846154,4,6,1,4,0.6909090909090909,20.44096663803223,20.14029157901796
ratio,1005,15,5,0.5,LR-Trust,0.6666666666666666,0.8,0.5,0.6153846153846154,4,6,1,4,0.7318181818181818,18.11907795554641,22.271431154390687
ratio,1005,15,5,0.5,MLP-Trust,0.8666666666666667,1.0,0.75,0.8571428571428571,6,7,0,2,0.740909090909091,25.29202959735359,33.15036207230356
ratio,1005,15,5,0.5,MTIM,0.9333333333333333,1.0,0.875,0.9333333333333333,7,7,0,1,0.8363636363636363,34.236706719467634,56.2231369777411
ratio,1006,15,5,0.5,MFA,0.8,1.0,0.625,0.7692307692307693,5,7,0,3,0.7545454545454545,8.981259278441495,4.922776827515596
ratio,1006,15,5,0.5,FUBA,0.8,0.7777777777777778,0.875,0.823529411764706,7,5,2,1,0.7318181818181818,17.870422196578538,13.632018472670525
ratio,1006,15,5,0.5,GALTrust,0.7333333333333333,1.0,0.5,0.6666666666666666,4,7,0,4,0.6636363636363637,33.73942260178775,42.88217014414031
ratio,1006,15,5,0.5,GDM-DTM,0.8666666666666667,1.0,0.75,0.8571428571428571,6,7,0,2,0.7227272727272728,16.503921879530306,27.062780845454025
ratio,1006,15,5,0.5,LR-Trust,0.8666666666666667,0.875,0.875,0.875,7,6,1,1,0.8363636363636363,24.670786948983263,26.58194090375264
ratio,1006,15,5,0.5,MLP-Trust,1.0,1.0,1.0,1.0,8,7,0,0,0.9090909090909091,24.693038095986793,31.545779684068464
ratio,1006,15,5,0.5,MTIM,1.0,1.0,1.0,1.0,8,7,0,0,0.9227272727272727,31.963025401950535,62.124969600521396
ratio,1007,15,5,0.5,MFA,0.8666666666666667,0.875,0.875,0.875,7,6,1,1,0.8136363636363636,10.450606331322266,9.179553871266526
ratio,1007,15,5,0.5,FUBA,0.7333333333333333,0.8333333333333334,0.625,0.7142857142857143,5,6,1,3,0.740909090909091,15.502400677221903,14.566083896202727
ratio,1007,15,5,0.5,GALTrust,0.7333333333333333,1.0,0.5,0.6666666666666666,4,7,0,4,0.6681818181818182,30.210235752998624,32.43139726727676
ratio,1007,15,5,0.5,GDM-DTM,0.8,1.0,0.625,0.7692307692307693,5,7,0,3,0.7045454545454546,19.395770681573687,31.93487395057408
ratio,1007,15,5,0.5,LR-Trust,1.0,1.0,1.0,1.0,8,7,0,0,0.8772727272727273,22.450414112142763,23.99089368900234
ratio,1007,15,5,0.5,MLP-Trust,0.9333333333333333,1.0,0.875,0.9333333333333333,7,7,0,1,0.8045454545454546,25.10319040930479,40.05162999467708
ratio,1007,15,5,0.5,MTIM,1.0,1.0,1.0,1.0,8,7,0,0,0.9136363636363637,37.07990372896636,57.77026192392041
ratio,1008,15,5,0.5,MFA,0.6666666666666666,0.8,0.5,0.6153846153846154,4,6,1,4,0.6454545454545455,13.533705347784077,12.341364293207139
ratio,1008,15,5,0.5,FUBA,0.7333333333333333,0.7,0.875,0.7777777777777777,7,4,3,1,0.7227272727272728,12.663251081582125,6.654588718681314
ratio,1008,15,5,0.5,GALTrust,0.5333333333333333,1.0,0.125,0.2222222222222222,1,7,0,7,0.6136363636363636,32.65041687873053,38.67458206345009
ratio,1008,15,5,0.5,GDM-DTM,0.7333333333333333,0.75,0.75,0.75,6,5,2,2,0.6772727272727272,18.941147408289638,18.39997676199101
ratio,1008,15,5,0.5,LR-Trust,0.8,0.7777777777777778,0.875,0.823529411764706,7,5,2,1,0.7727272727272727,24.11335687297183,26.708291261671533
ratio,1008,15,5,0.5,MLP-Trust,1.0,1.0,1.0,1.0,8,7,0,0,0.9318181818181818,25.01547690391327,39.174811642589354
ratio,1008,15,5,0.5,MTIM,0.9333333333333333,0.8888888888888888,1.0,0.9411764705882353,8,6,1,0,0.8772727272727273,32.8021917585565,57.57830549733596
ratio,1009,15,5,0.5,MFA,0.7333333333333333,0.8333333333333334,0.625,0.7142857142857143,5,6,1,3,0.6636363636363637,11.85076505045124,15.69867786697795
ratio,1009,15,5,0.5,FUBA,0.8666666666666667,0.875,0.875,0.875,7,6,1,1,0.8318181818181818,16.571073986457293,21.95257670360562
ratio,1009,15,5,0.5,GALTrust,0.6666666666666666,1.0,0.375,0.5454545454545454,3,7,0,5,0.7136363636363636,31.752904596992092,48.02605201975853
ratio,1009,15,5,0.5,GDM-DTM,0.8,0.8571428571428571,0.75,0.7999999999999999,6,6,1,2,0.6681818181818182,20.461531473232455,18.250691087805272
ratio,1009,15,5,0.5,LR-Trust,0.9333333333333333,1.0,0.875,0.9333333333333333,7,7,0,1,0.8454545454545455,21.538505538649336,31.633006489560806
ratio,1009,15,5,0.5,MLP-Trust,1.0,1.0,1.0,1.0,8,7,0,0,0.8909090909090909,22.166118651604123,28.906806445802292
ratio,1009,15,5,0.5,MTIM,1.0,1.0,1.0,1.0,8,7,0,0,0.8954545454545455,34.69933370122343,60.47447375241575
ratio,1010,15,5,0.5,MFA,0.7333333333333333,1.0,0.5,0.6666666666666666,4,7,0,4,0.5909090909090909,12.41360629842454,14.431630303834366
ratio,1010,15,5,0.5,FUBA,0.7333333333333333,0.8333333333333334,0.625,0.7142857142857143,5,6,1,3,0.6636363636363637,16.855238625003658,18.125376197828473
ratio,1010,15,5,0.5,GALTrust,0.6,1.0,0.25,0.4,2,7,0,6,0.6863636363636364,35.59229165395588,40.83082540552283
ratio,1010,15,5,0.5,GDM-DTM,0.7333333333333333,1.0,0.5,0.6666666666666666,4,7,0,4,0.6636363636363637,21.508811195268514,18.7119561395091
ratio,1010,15,5,0.5,LR-Trust,0.9333333333333333,1.0,0.875,0.9333333333333333,7,7,0,1,0.8681818181818182,22.477033278473968,24.907587974893488
ratio,1010,15,5,0.5,MLP-Trust,1.0,1.0,1.0,1.0,8,7,0,0,0.8590909090909091,28.608151629119234,30.133973750448945
ratio,1010,15,5,0.5,MTIM,1.0,1.0,1.0,1.0,8,7,0,0,0.9136363636363637,36.9453700402446,61.1002417258654
ratio,1011,15,5,0.5,MFA,0.6666666666666666,0.8,0.5,0.6153846153846154,4,6,1,4,0.6818181818181818,10.196122033421458,1.8753233459861463
ratio,1011,15,5,0.5,FUBA,0.6666666666666666,0.7142857142857143,0.625,0.6666666666666666,5,5,2,3,0.6772727272727272,17.50483606805648,17.598969438837017
ratio,1011,15,5,0.5,GALTrust,0.6,1.0,0.25,0.4,2,7,0,6,0.6363636363636364,30.12209435097815,42.88981898931936
ratio,1011,15,5,0.5,GDM-DTM,0.9333333333333333,1.0,0.875,0.9333333333333333,7,7,0,1,0.8,19.826751343597067,17.386900961055034
ratio,1011,15,5,0.5,LR-Trust,0.9333333333333333,0.8888888888888888,1.0,0.9411764705882353,8,6,1,0,0.8863636363636364,23.13697720821185,21.983094389234306
ratio,1011,15,5,0.5,MLP-Trust,1.0,1.0,1.0,1.0,8,7,0,0,0.8909090909090909,24.792634037670197,38.19174864580198
ratio,1011,15,5,0.5,MTIM,1.0,1.0,1.0,1.0,8,7,0,0,0.9227272727272727,34.935172228012696,55.95352416564387
ratio,1012,15,5,0.5,MFA,0.7333333333333333,1.0,0.5,0.6666666666666666,4,7,0,4,0.75,9.375191674621334,7.89930915970305
ratio,1012,15,5,0.5,FUBA,0.8,0.8571428571428571,0.75,0.7999999999999999,6,6,1,2,0.7227272727272728,16.027807794617235,19.56449997893478
ratio,1012,15,5,0.5,GALTrust,0.6,1.0,0.25,0.4,2,7,0,6,0.6272727272727273,33.21388783097024,45.97217862914867
ratio,1012,15,5,0.5,GDM-DTM,0.9333333333333333,1.0,0.875,0.9333333333333333,7,7,0,1,0.8045454545454546,19.50346284870245,23.692198849156483
ratio,1012,15,5,0.5,LR-Trust,0.8666666666666667,1.0,0.75,0.8571428571428571,6,7,0,2,0.8181818181818182,21.081396404582826,24.046650805141244
ratio,1012,15,5,0.5,MLP-Trust,0.9333333333333333,1.0,0.875,0.9333333333333333,7,7,0,1,0.8227272727272728,26.827085652561625,33.34307533894814
ratio,1012,15,5,0.5,MTIM,0.9333333333333333,1.0,0.875,0.9333333333333333,7,7,0,1,0.8681818181818182,34.04707982137022,60.84537539123918
ratio,1013,15,5,0.5,MFA,0.9333333333333333,1.0,0.875,0.9333333333333333,7,7,0,1,0.740909090909091,13.78814762437187,9.97401976769356
ratio,1013,15,5,0.5,FUBA,0.8666666666666667,1.0,0.75,0.8571428571428571,6,7,0,2,0.7363636363636363,18.339385041878234,14.53872455134571
ratio,1013,15,5,0.5,GALTrust,0.6,1.0,0.25,0.4,2,7,0,6,0.65,31.933440941128886,37.14089420855876
ratio,1013,15,5,0.5,GDM-DTM,0.8666666666666667,1.0,0.75,0.8571428571428571,6,7,0,2,0.7272727272727273,18.69332463904539,24.624078037460848
ratio,1013,15,5,0.5,LR-Trust,0.8666666666666667,1.0,0.75,0.8571428571428571,6,7,0,2,0.8727272727272727,21.176808479438034,23.126313600856363
ratio,1013,15,5,0.5,MLP-Trust,0.8666666666666667,1.0,0.75,0.8571428571428571,6,7,0,2,0.7636363636363637,24.678947422800043,40.692135420740534
ratio,1013,15,5,0.5,MTIM,0.9333333333333333,1.0,0.875,0.9333333333333333,7,7,0,1,0.8636363636363636,35.286124007206766,59.57330600945626
ratio,1014,15,5,0.5,MFA,0.8,1.0,0.625,0.7692307692307693,5,7,0,3,0.740909090909091,12.537647350761809,9.148777142708175
ratio,1014,15,5,0.5,FUBA,0.8666666666666667,0.875,0.875,0.875,7,6,1,1,0.7681818181818182,16.507765774577788,10.66400883001147
ratio,1014,15,5,0.5,GALTrust,0.6,1.0,0.25,0.4,2,7,0,6,0.6318181818181818,33.966873942788304,48.024289454083025
ratio,1014,15,5,0.5,GDM-DTM,0.8,1.0,0.625,0.7692307692307693,5,7,0,3,0.7363636363636363,17.205208520136967,23.08103378188686
ratio,1014,15,5,0.5,LR-Trust,0.8,1.0,0.625,0.7692307692307693,5,7,0,3,0.8227272727272728,22.275169016259785,27.969580599543455
ratio,1014,15,5,0.5,MLP-Trust,1.0,1.0,1.0,1.0,8,7,0,0,0.85,27.29167173937246,40.26319924941397
ratio,1014,15,5,0.5,MTIM,1.0,1.0,1.0,1.0,8,7,0,0,0.9363636363636364,34.369199466757316,64.8685152155984
ratio,1015,15,5,0.5,MFA,0.8666666666666667,1.0,0.75,0.8571428571428571,6,7,0,2,0.7818181818181819,13.538180876009434,9.749070566205834
ratio,1015,15,5,0.5,FUBA,0.9333333333333333,1.0,0.875,0.9333333333333333,7,7,0,1,0.7681818181818182,17.700991175136064,15.242629034463198
ratio,1015,15,5,0.5,GALTrust,0.5333333333333333,1.0,0.125,0.2222222222222222,1,7,0,7,0.6909090909090909,34.09599164887044,41.01457383825977
ratio,1015,15,5,0.5,GDM-DTM,1.0,1.0,1.0,1.0,8,7,0,0,0.85,16.422669270219426,20.531267197979865
ratio,1015,15,5,0.5,LR-Trust,0.9333333333333333,1.0,0.875,0.9333333333333333,7,7,0,1,0.8954545454545455,16.55425525511406,23.52892059446015
ratio,1015,15,5,0.5,MLP-Trust,1.0,1.0,1.0,1.0,8,7,0,0,0.9272727272727272,25.080641073924866,30.443040999849142
ratio,1015,15,5,0.5,MTIM,1.0,1.0,1.0,1.0,8,7,0,0,0.9454545454545454,33.05568597314505,56.30463009035132
ratio,1016,15,5,0.5,MFA,0.6666666666666666,0.7142857142857143,0.625,0.6666666666666666,5,5,2,3,0.6863636363636364,9.199978682200372,13.496388599544835
ratio,1016,15,5,0.5,FUBA,0.8666666666666667,1.0,0.75,0.8571428571428571,6,7,0,2,0.7181818181818181,14.24964208020728,19.007037781457818
ratio,1016,15,5,0.5,GALTrust,0.7333333333333333,1.0,0.5,0.6666666666666666,4,7,0,4,0.7272727272727273,30.635727453328954,35.96516639767085
ratio,1016,15,5,0.5,GDM-DTM,0.9333333333333333,0.8888888888888888,1.0,0.9411764705882353,8,6,1,0,0.8227272727272728,17.95514176978827,26.85150411625863
ratio,1016,15,5,0.5,LR-Trust,1.0,1.0,1.0,1.0,8,7,0,0,0.9090909090909091,23.210950034061078,19.366350146281597
ratio,1016,15,5,0.5,MLP-Trust,1.0,1.0,1.0,1.0,8,7,0,0,0.8818181818181818,21.293171994814934,30.621655214622844
ratio,1016,15,5,0.5,MTIM,1.0,1.0,1.0,1.0,8,7,0,0,0.9090909090909091,33.226628346764805,53.963455045204086
ratio,1017,15,5,0.5,MFA,0.8,1.0,0.625,0.7692307692307693,5,7,0,3,0.7363636363636363,11.585842935747106,5.148895563440727
ratio,1017,15,5,0.5,FUBA,0.8,1.0,0.625,0.7692307692307693,5,7,0,3,0.6818181818181818,15.316524058495242,17.589403845235918
ratio,1017,15,5,0.5,GALTrust,0.6,1.0,0.25,0.4,2,7,0,6,0.6818181818181818,30.082629123857338,35.230090807262314
ratio,1017,15,5,0.5,GDM-DTM,0.8,0.8571428571428571,0.75,0.7999999999999999,6,6,1,2,0.75,19.029672571870886,18.58810928451066
ratio,1017,15,5,0.5,LR-Trust,0.9333333333333333,1.0,0.875,0.9333333333333333,7,7,0,1,0.8681818181818182,20.917496682686323,26.39565875376041
ratio,1017,15,5,0.5,MLP-Trust,0.9333333333333333,1.0,0.875,0.9333333333333333,7,7,0,1,0.8318181818181818,27.983459827878704,28.632569110986232
ratio,1017,15,5,0.5,MTIM,0.9333333333333333,1.0,0.875,0.9333333333333333,7,7,0,1,0.85,32.02019866742041,67.79838197974058
ratio,1018,15,5,0.5,MFA,0.8666666666666667,1.0,0.75,0.8571428571428571,6,7,0,2,0.7,10.51431490449109,13.689497239521481
ratio,1018,15,5,0.5,FUBA,0.8666666666666667,0.875,0.875,0.875,7,6,1,1,0.8,19.385672074008394,16.97313657257282
ratio,1018,15,5,0.5,GALTrust,0.7333333333333333,1.0,0.5,0.6666666666666666,4,7,0,4,0.6954545454545454,30.82707872267705,39.235248761130876
ratio,1018,15,5,0.5,GDM-DTM,0.7333333333333333,0.75,0.75,0.75,6,5,2,2,0.7772727272727272,21.16895877438625,17.53493244842938
ratio,1018,15,5,0.5,LR-Trust,0.7333333333333333,0.7,0.875,0.7777777777777777,7,4,3,1,0.7727272727272727,17.763563785382075,28.840096709206755
ratio,1018,15,5,0.5,MLP-Trust,0.9333333333333333,1.0,0.875,0.9333333333333333,7,7,0,1,0.8318181818181818,27.00325243663539,35.51713166235986
ratio,1018,15,5,0.5,MTIM,0.9333333333333333,1.0,0.875,0.9333333333333333,7,7,0,1,0.8590909090909091,35.56612672084859,60.13846847626986
ratio,1019,15,5,0.5,MFA,0.7333333333333333,0.8333333333333334,0.625,0.7142857142857143,5,6,1,3,0.7181818181818181,10.612919630642761,12.996882405788824
ratio,1019,15,5,0.5,FUBA,0.8666666666666667,1.0,0.75,0.8571428571428571,6,7,0,2,0.7772727272727272,19.3307333375144,15.79247365858683
ratio,1019,15,5,0.5,GALTrust,0.6666666666666666,1.0,0.375,0.5454545454545454,3,7,0,5,0.6636363636363637,29.699883918282502,39.70471496723645
ratio,1019,15,5,0.5,GDM-DTM,0.8666666666666667,1.0,0.75,0.8571428571428571,6,7,0,2,0.7636363636363637,18.93587142449751,22.556421225033937
ratio,1019,15,5,0.5,LR-Trust,0.9333333333333333,1.0,0.875,0.9333333333333333,7,7,0,1,0.9045454545454545,22.85397886752787,19.803240147854535
ratio,1019,15,5,0.5,MLP-Trust,0.8666666666666667,1.0,0.75,0.8571428571428571,6,7,0,2,0.8318181818181818,25.527079294975753,37.835520074158325
ratio,1019,15,5,0.5,MTIM,0.8666666666666667,1.0,0.75,0.8571428571428571,6,7,0,2,0.8227272727272728,34.494541502033485,63.385964620968025
ratio,1020,15,5,0.5,MFA,0.9333333333333333,1.0,0.875,0.9333333333333333,7,7,0,1,0.7363636363636363,11.921689764411331,7.659528549865033
ratio,1020,15,5,0.5,FUBA,0.8,0.8571428571428571,0.75,0.7999999999999999,6,6,1,2,0.7363636363636363,18.615782176207947,14.47188745673121
ratio,1020,15,5,0.5,GALTrust,0.6,1.0,0.25,0.4,2,7,0,6,0.6590909090909091,32.448345712058924,40.319198974268765
ratio,1020,15,5,0.5,GDM-DTM,0.8666666666666667,0.875,0.875,0.875,7,6,1,1,0.7681818181818182,17.60952715234482,20.38215897045707
ratio,1020,15,5,0.5,LR-Trust,0.8666666666666667,0.875,0.875,0.875,7,6,1,1,0.8909090909090909,22.82528957042622,25.892244118018265
ratio,1020,15,5,0.5,MLP-Trust,0.9333333333333333,1.0,0.875,0.9333333333333333,7,7,0,1,0.7909090909090909,23.519061409824936,34.609031015899234
ratio,1020,15,5,0.5,MTIM,0.9333333333333333,1.0,0.875,0.9333333333333333,7,7,0,1,0.8409090909090909,34.82275906613788,52.511135792813
ratio,1021,15,5,0.5,MFA,0.8,0.8571428571428571,0.75,0.7999999999999999,6,6,1,2,0.7954545454545454,7.989694813351067,9.46889514607456
ratio,1021,15,5,0.5,FUBA,0.8,0.8571428571428571,0.75,0.7999999999999999,6,6,1,2,0.6818181818181818,14.835713202169563,8.990805254150475
ratio,1021,15,5,0.5,GALTrust,0.6,1.0,0.25,0.4,2,7,0,6,0.6272727272727273,29.66370647720039,41.586235530895294
ratio,1021,15,5,0.5,GDM-DTM,0.9333333333333333,1.0,0.875,0.9333333333333333,7,7,0,1,0.7363636363636363,20.246945740453587,23.527894662653566
ratio,1021,15,5,0.5,LR-Trust,1.0,1.0,1.0,1.0,8,7,0,0,0.8909090909090909,20.65035906330137,25.486247332330173
ratio,1021,15,5,0.5,MLP-Trust,1.0,1.0,1.0,1.0,8,7,0,0,0.9090909090909091,25.61381761964776,36.55590671820137
ratio,1021,15,5,0.5,MTIM,1.0,1.0,1.0,1.0,8,7,0,0,0.9136363636363637,36.00309816927149,58.80257815479069
ratio,1022,15,5,0.5,MFA,0.8666666666666667,0.875,0.875,0.875,7,6,1,1,0.7227272727272728,8.599539928004978,1.0
ratio,1022,15,5,0.5,FUBA,0.9333333333333333,0.8888888888888888,1.0,0.9411764705882353,8,6,1,0,0.7909090909090909,17.437393332184726,19.47002352025164
ratio,1022,15,5,0.5,GALTrust,0.6666666666666666,1.0,0.375,0.5454545454545454,3,7,0,5,0.7045454545454546,30.434406151205565,39.778543710166645
ratio,1022,15,5,0.5,GDM-DTM,0.8,0.8571428571428571,0.75,0.7999999999999999,6,6,1,2,0.7045454545454546,21.522182463367052,19.21456530125642
ratio,1022,15,5,0.5,LR-Trust,0.9333333333333333,0.8888888888888888,1.0,0.9411764705882353,8,6,1,0,0.9,22.11906458480826,22.56163092042473
ratio,1022,15,5,0.5,MLP-Trust,1.0,1.0,1.0,1.0,8,7,0,0,0.9363636363636364,24.905377063356163,33.85203161902835
ratio,1022,15,5,0.5,MTIM,1.0,1.0,1.0,1.0,8,7,0,0,0.9181818181818182,35.3397165042847,61.98066093913579
ratio,1023,15,5,0.5,MFA,0.8666666666666667,1.0,0.75,0.8571428571428571,6,7,0,2,0.7136363636363636,9.208134919373009,9.659765274730692
ratio,1023,15,5,0.5,FUBA,0.9333333333333333,1.0,0.875,0.9333333333333333,7,7,0,1,0.75,17.812503931269703,26.627284154525686
ratio,1023,15,5,0.5,GALTrust,0.6,1.0,0.25,0.4,2,7,0,6,0.6454545454545455,29.5504795494602,40.874548319767904
ratio,1023,15,5,0.5,GDM-DTM,0.7333333333333333,0.8333333333333334,0.625,0.7142857142857143,5,6,1,3,0.6863636363636364,17.786536074043763,23.046250821896102
ratio,1023,15,5,0.5,LR-Trust,0.9333333333333333,1.0,0.875,0.9333333333333333,7,7,0,1,0.8863636363636364,19.830234434492635,17.722566750647612
ratio,1023,15,5,0.5,MLP-Trust,0.9333333333333333,1.0,0.875,0.9333333333333333,7,7,0,1,0.8363636363636363,22.70054555464655,34.25877764220185
ratio,1023,15,5,0.5,MTIM,0.9333333333333333,1.0,0.875,0.9333333333333333,7,7,0,1,0.8363636363636363,34.64449347920117,51.50718238451068
ratio,1024,15,5,0.5,MFA,0.8,1.0,0.625,0.7692307692307693,5,7,0,3,0.7363636363636363,6.701938813466032,14.04853732445411
ratio,1024,15,5,0.5,FUBA,0.8,0.8571428571428571,0.75,0.7999999999999999,6,6,1,2,0.75,14.794710080863716,13.849913113064094
ratio,1024,15,5,0.5,GALTrust,0.8,1.0,0.625,0.7692307692307693,5,7,0,3,0.6863636363636364,33.51180242989609,38.88520747584006
ratio,1024,15,5,0.5,GDM-DTM,0.8,0.7777777777777778,0.875,0.823529411764706,7,5,2,1,0.7818181818181819,23.17849009668505,20.685416481267758
ratio,1024,15,5,0.5,LR-Trust,0.9333333333333333,0.8888888888888888,1.0,0.9411764705882353,8,6,1,0,0.9136363636363637,21.847896513179496,27.832313965679703
ratio,1024,15,5,0.5,MLP-Trust,1.0,1.0,1.0,1.0,8,7,0,0,0.9272727272727272,25.560414456830806,33.13871391537952
ratio,1024,15,5,0.5,MTIM,0.9333333333333333,0.8888888888888888,1.0,0.9411764705882353,8,6,1,0,0.9272727272727272,34.828117456800186,56.320649366441216
ratio,1025,15,5,0.5,MFA,0.6,1.0,0.25,0.4,2,7,0,6,0.6136363636363636,11.736612071611614,10.67587307499436
ratio,1025,15,5,0.5,FUBA,0.8666666666666667,1.0,0.75,0.8571428571428571,6,7,0,2,0.759090909090909,19.62020085805415,16.415664849957118
ratio,1025,15,5,0.5,GALTrust,0.6,1.0,0.25,0.4,2,7,0,6,0.6545454545454545,32.12193394423344,36.72860598092464
ratio,1025,15,5,0.5,GDM-DTM,0.8,1.0,0.625,0.7692307692307693,5,7,0,3,0.7,20.702592537605646,29.482032416049694
ratio,1025,15,5,0.5,LR-Trust,0.8666666666666667,1.0,0.75,0.8571428571428571,6,7,0,2,0.8545454545454545,19.45308262532683,23.399408072416616
ratio,1025,15,5,0.5,MLP-Trust,1.0,1.0,1.0,1.0,8,7,0,0,0.9090909090909091,27.85281372945868,35.41522593848991
ratio,1025,15,5,0.5,MTIM,1.0,1.0,1.0,1.0,8,7,0,0,0.9318181818181818,32.55880030103473,57.98605622001496
ratio,1026,15,5,0.5,MFA,0.8666666666666667,1.0,0.75,0.8571428571428571,6,7,0,2,0.7363636363636363,11.261247727269012,1.5105198147818868
ratio,1026,15,5,0.5,FUBA,0.8666666666666667,1.0,0.75,0.8571428571428571,6,7,0,2,0.75,19.30318383109883,18.419124412894558
ratio,1026,15,5,0.5,GALTrust,0.7333333333333333,1.0,0.5,0.6666666666666666,4,7,0,4,0.6727272727272727,31.7099992973359,41.183250760282725
ratio,1026,15,5,0.5,GDM-DTM,0.9333333333333333,1.0,0.875,0.9333333333333333,7,7,0,1,0.7909090909090909,19.27013838172441,16.433644069501646
ratio,1026,15,5,0.5,LR-Trust,0.9333333333333333,1.0,0.875,0.9333333333333333,7,7,0,1,0.8818181818181818,20.16633142272785,19.58845358750915
ratio,1026,15,5,0.5,MLP-Trust,1.0,1.0,1.0,1.0,8,7,0,0,0.8772727272727273,28.663785902812382,33.35680470986764
ratio,1026,15,5,0.5,MTIM,1.0,1.0,1.0,1.0,8,7,0,0,0.9136363636363637,34.84608167524025,58.31067883382576
ratio,1027,15,5,0.5,MFA,0.8,1.0,0.625,0.7692307692307693,5,7,0,3,0.7045454545454546,13.715284008291361,6.828106678196952
ratio,1027,15,5,0.5,FUBA,0.8,0.8571428571428571,0.75,0.7999999999999999,6,6,1,2,0.7636363636363637,17.28121426895097,19.09256296233915
ratio,1027,15,5,0.5,GALTrust,0.6666666666666666,1.0,0.375,0.5454545454545454,3,7,0,5,0.6454545454545455,31.7883248061673,47.23832482573797
ratio,1027,15,5,0.5,GDM-DTM,0.8,0.8571428571428571,0.75,0.7999999999999999,6,6,1,2,0.7772727272727272,19.080991332070166,21.568375213014402
ratio,1027,15,5,0.5,LR-Trust,0.9333333333333333,0.8888888888888888,1.0,0.9411764705882353,8,6,1,0,0.8636363636363636,23.957648243797824,28.73960803268004
ratio,1027,15,5,0.5,MLP-Trust,0.9333333333333333,0.8888888888888888,1.0,0.9411764705882353,8,6,1,0,0.8818181818181818,24.912300660124732,30.197374341621483
ratio,1027,15,5,0.5,MTIM,0.9333333333333333,0.8888888888888888,1.0,0.9411764705882353,8,6,1,0,0.9181818181818182,32.96190350246606,53.643026824400856
ratio,1028,15,5,0.5,MFA,0.6666666666666666,0.8,0.5,0.6153846153846154,4,6,1,4,0.7090909090909091,14.071726037697868,16.23055426373156
ratio,1028,15,5,0.5,FUBA,0.8,1.0,0.625,0.7692307692307693,5,7,0,3,0.6954545454545454,16.06885847059717,18.365619705655703
ratio,1028,15,5,0.5,GALTrust,0.6666666666666666,1.0,0.375,0.5454545454545454,3,7,0,5,0.6181818181818182,29.33909019022455,38.67269962231979
ratio,1028,15,5,0.5,GDM-DTM,0.8,1.0,0.625,0.7692307692307693,5,7,0,3,0.7090909090909091,18.42890985810609,17.413212208957518
ratio,1028,15,5,0.5,LR-Trust,0.8,0.7777777777777778,0.875,0.823529411764706,7,5,2,1,0.8318181818181818,21.455674024447728,22.543721068862315
ratio,1028,15,5,0.5,MLP-Trust,0.9333333333333333,1.0,0.875,0.9333333333333333,7,7,0,1,0.8363636363636363,27.07881679834042,37.4630765264163
ratio,1028,15,5,0.5,MTIM,0.9333333333333333,1.0,0.875,0.9333333333333333,7,7,0,1,0.85,33.67227293974743,54.396236430716414
ratio,1029,15,5,0.5,MFA,0.7333333333333333,1.0,0.5,0.6666666666666666,4,7,0,4,0.7,13.080029257565593,8.438446293730994
ratio,1029,15,5,0.5,FUBA,0.8666666666666667,1.0,0.75,0.8571428571428571,6,7,0,2,0.7727272727272727,17.413426888874103,21.8336644756933
ratio,1029,15,5,0.5,GALTrust,0.6666666666666666,1.0,0.375,0.5454545454545454,3,7,0,5,0.6454545454545455,31.158351196279895,43.217976793657414
ratio,1029,15,5,0.5,GDM-DTM,0.8666666666666667,1.0,0.75,0.8571428571428571,6,7,0,2,0.7545454545454545,20.401853807973094,18.412670742744066
ratio,1029,15,5,0.5,LR-Trust,0.9333333333333333,1.0,0.875,0.9333333333333333,7,7,0,1,0.9045454545454545,20.86741968811767,27.189086802581887
ratio,1029,15,5,0.5,MLP-Trust,0.9333333333333333,1.0,0.875,0.9333333333333333,7,7,0,1,0.8772727272727273,25.194143188187518,34.99717434808378
ratio,1029,15,5,0.5,MTIM,1.0,1.0,1.0,1.0,8,7,0,0,0.9090909090909091,32.57038478498561,60.713236843351226
ratio,1030,15,5,0.5,MFA,0.8,1.0,0.625,0.7692307692307693,5,7,0,3,0.6909090909090909,15.292970347912657,4.791867535335294
ratio,1030,15,5,0.5,FUBA,0.9333333333333333,1.0,0.875,0.9333333333333333,7,7,0,1,0.8090909090909091,16.955386938615177,16.68792260726568
ratio,1030,15,5,0.5,GALTrust,0.6,1.0,0.25,0.4,2,7,0,6,0.6727272727272727,31.64801644052489,39.57218363354466
ratio,1030,15,5,0.5,GDM-DTM,0.9333333333333333,1.0,0.875,0.9333333333333333,7,7,0,1,0.7681818181818182,20.275445758147217,16.67511378289072
ratio,1030,15,5,0.5,LR-Trust,0.9333333333333333,1.0,0.875,0.9333333333333333,7,7,0,1,0.8454545454545455,20.173343796412144,18.98280971305831
ratio,1030,15,5,0.5,MLP-Trust,1.0,1.0,1.0,1.0,8,7,0,0,0.8818181818181818,23.979929129416554,36.254936483154395
ratio,1030,15,5,0.5,MTIM,1.0,1.0,1.0,1.0,8,7,0,0,0.9272727272727272,32.715726936159584,61.986849924642044
ratio,1031,15,5,0.5,MFA,0.8,1.0,0.625,0.7692307692307693,5,7,0,3,0.75,11.918670241734235,16.734514795329574
ratio,1031,15,5,0.5,FUBA,0.8666666666666667,0.875,0.875,0.875,7,6,1,1,0.7727272727272727,18.250494752507464,14.499825602280858
ratio,1031,15,5,0.5,GALTrust,0.5333333333333333,1.0,0.125,0.2222222222222222,1,7,0,7,0.6818181818181818,31.297514814158028,37.635829879122284
ratio,1031,15,5,0.5,GDM-DTM,0.9333333333333333,1.0,0.875,0.9333333333333333,7,7,0,1,0.8136363636363636,20.48468448618188,23.01975743808603
ratio,1031,15,5,0.5,LR-Trust,0.9333333333333333,1.0,0.875,0.9333333333333333,7,7,0,1,0.8727272727272727,21.891563303362606,22.321806709141825
ratio,1031,15,5,0.5,MLP-Trust,0.9333333333333333,1.0,0.875,0.9333333333333333,7,7,0,1,0.8636363636363636,25.25571653697031,36.05466753657948
ratio,1031,15,5,0.5,MTIM,1.0,1.0,1.0,1.0,8,7,0,0,0.9227272727272727,38.4280486811674,52.191062053989874
ratio,1032,15,5,0.5,MFA,0.7333333333333333,0.75,0.75,0.75,6,5,2,2,0.6818181818181818,13.295918065932012,14.067393870946585
ratio,1032,15,5,0.5,FUBA,1.0,1.0,1.0,1.0,8,7,0,0,0.8318181818181818,21.03734958252152,22.222879386357658
ratio,1032,15,5,0.5,GALTrust,0.8,1.0,0.625,0.7692307692307693,5,7,0,3,0.7136363636363636,30.182182666544723,37.52741093944035
ratio,1032,15,5,0.5,GDM-DTM,0.8666666666666667,0.875,0.875,0.875,7,6,1,1,0.759090909090909,15.68987308323605,25.83739993392641
ratio,1032,15,5,0.5,LR-Trust,1.0,1.0,1.0,1.0,8,7,0,0,0.8818181818181818,20.08348280308578,20.968754994212603
ratio,1032,15,5,0.5,MLP-Trust,1.0,1.0,1.0,1.0,8,7,0,0,0.9045454545454545,25.91364006873211,37.091575147121645
ratio,1032,15,5,0.5,MTIM,1.0,1.0,1.0,1.0,8,7,0,0,0.9409090909090909,32.14117351417565,56.07429345582324
ratio,1033,15,5,0.5,MFA,0.6666666666666666,0.7142857142857143,0.625,0.6666666666666666,5,5,2,3,0.6227272727272727,12.884676948706048,10.437293082405565
ratio,1033,15,5,0.5,FUBA,0.7333333333333333,0.7,0.875,0.7777777777777777,7,4,3,1,0.6818181818181818,13.612922223239059,17.702960348115305
ratio,1033,15,5,0.5,GALTrust,0.4666666666666667,0.0,0.0,0.0,0,7,0,8,0.5954545454545455,31.082613361985164,42.02400365302007
ratio,1033,15,5,0.5,GDM-DTM,0.6666666666666666,0.7142857142857143,0.625,0.6666666666666666,5,5,2,3,0.6681818181818182,20.463191542623786,23.054243118054085
ratio,1033,15,5,0.5,LR-Trust,0.7333333333333333,0.8333333333333334,0.625,0.7142857142857143,5,6,1,3,0.7545454545454545,21.018501530948992,21.226424527658427
ratio,1033,15,5,0.5,MLP-Trust,0.8666666666666667,1.0,0.75,0.8571428571428571,6,7,0,2,0.8045454545454546,26.823763578794765,38.00321387468656
ratio,1033,15,5,0.5,MTIM,0.9333333333333333,1.0,0.875,0.9333333333333333,7,7,0,1,0.8363636363636363,31.73609395927847,57.99845509347321
ratio,1034,15,5,0.5,MFA,0.6,0.625,0.625,0.625,5,4,3,3,0.6272727272727273,10.82255154672464,6.68954341333317
ratio,1034,15,5,0.5,FUBA,0.8666666666666667,0.875,0.875,0.875,7,6,1,1,0.7909090909090909,17.122812639657546,22.72389306830309
ratio,1034,15,5,0.5,GALTrust,0.7333333333333333,1.0,0.5,0.6666666666666666,4,7,0,4,0.7090909090909091,27.7730795186511,39.15702652945475
ratio,1034,15,5,0.5,GDM-DTM,0.9333333333333333,1.0,0.875,0.9333333333333333,7,7,0,1,0.8136363636363636,15.469668213694863,21.0253335400277
ratio,1034,15,5,0.5,LR-Trust,0.8666666666666667,0.875,0.875,0.875,7,6,1,1,0.8681818181818182,22.881158020233478,26.61731164169278
ratio,1034,15,5,0.5,MLP-Trust,0.9333333333333333,0.8888888888888888,1.0,0.9411764705882353,8,6,1,0,0.8727272727272727,25.57610409874492,31.84152874897592
ratio,1034,15,5,0.5,MTIM,0.9333333333333333,0.8888888888888888,1.0,0.9411764705882353,8,6,1,0,0.9363636363636364,32.906843011146584,50.613948136328126
ratio,1035,15,5,0.5,MFA,0.8666666666666667,0.875,0.875,0.875,7,6,1,1,0.7181818181818181,9.842530949037167,6.418133691924274
ratio,1035,15,5,0.5,FUBA,0.7333333333333333,0.8333333333333334,0.625,0.7142857142857143,5,6,1,3,0.6954545454545454,16.875936390934044,22.774770779137498
ratio,1035,15,5,0.5,GALTrust,0.6,1.0,0.25,0.4,2,7,0,6,0.5863636363636363,30.61044133239919,40.003060638526605
ratio,1035,15,5,0.5,GDM-DTM,0.7333333333333333,0.75,0.75,0.75,6,5,2,2,0.740909090909091,22.594285734490022,18.283482155252365
ratio,1035,15,5,0.5,LR-Trust,0.8,0.8571428571428571,0.75,0.7999999999999999,6,6,1,2,0.8045454545454546,22.037757440272546,22.952778817729012
ratio,1035,15,5,0.5,MLP-Trust,0.8666666666666667,0.875,0.875,0.875,7,6,1,1,0.8181818181818182,29.268445410280947,37.987660543522196
ratio,1035,15,5,0.5,MTIM,0.8666666666666667,0.875,0.875,0.875,7,6,1,1,0.8136363636363636,33.97844983610001,53.489052486569555
ratio,1036,15,5,0.5,MFA,0.7333333333333333,0.8333333333333334,0.625,0.7142857142857143,5,6,1,3,0.7136363636363636,12.619726149006011,16.3185008941294
ratio,1036,15,5,0.5,FUBA,0.8,0.8571428571428571,0.75,0.7999999999999999,6,6,1,2,0.75,17.736163785640212,21.156890535078578
ratio,1036,15,5,0.5,GALTrust,0.6666666666666666,1.0,0.375,0.5454545454545454,3,7,0,5,0.6909090909090909,34.25515646855347,48.99639600088119
ratio,1036,15,5,0.5,GDM-DTM,0.8,0.7777777777777778,0.875,0.823529411764706,7,5,2,1,0.740909090909091,18.7259907342573,18.995504694165575
ratio,1036,15,5,0.5,LR-Trust,0.9333333333333333,0.8888888888888888,1.0,0.9411764705882353,8,6,1,0,0.8636363636363636,21.61703652115322,25.07730219616793
ratio,1036,15,5,0.5,MLP-Trust,0.9333333333333333,0.8888888888888888,1.0,0.9411764705882353,8,6,1,0,0.9045454545454545,23.357374140883604,46.9743660401187
ratio,1036,15,5,0.5,MTIM,0.9333333333333333,0.8888888888888888,1.0,0.9411764705882353,8,6,1,0,0.9272727272727272,32.3871070353975,64.88380680731268
ratio,1037,15,5,0.5,MFA,0.7333333333333333,1.0,0.5,0.6666666666666666,4,7,0,4,0.7045454545454546,12.378720082838878,10.896594948040063
ratio,1037,15,5,0.5,FUBA,0.8666666666666667,0.875,0.875,0.875,7,6,1,1,0.7909090909090909,13.964230303064667,16.074888625430418
ratio,1037,15,5,0.5,GALTrust,0.6,1.0,0.25,0.4,2,7,0,6,0.5954545454545455,33.43920335853237,44.33556859902686
ratio,1037,15,5,0.5,GDM-DTM,0.8666666666666667,1.0,0.75,0.8571428571428571,6,7,0,2,0.7136363636363636,19.003959737260722,12.248459191280128
ratio,1037,15,5,0.5,LR-Trust,0.8,0.8571428571428571,0.75,0.7999999999999999,6,6,1,2,0.7818181818181819,18.259041076567016,18.392389645832584
ratio,1037,15,5,0.5,MLP-Trust,0.8666666666666667,0.875,0.875,0.875,7,6,1,1,0.8,28.020587274882907,35.145881996215735
ratio,1037,15,5,0.5,MTIM,0.9333333333333333,0.8888888888888888,1.0,0.9411764705882353,8,6,1,0,0.9181818181818182,32.16954430587606,58.25491547409792
ratio,1038,15,5,0.5,MFA,0.6666666666666666,0.8,0.5,0.6153846153846154,4,6,1,4,0.6681818181818182,9.898804837575545,13.076270860105703
ratio,1038,15,5,0.5,FUBA,0.8666666666666667,0.875,0.875,0.875,7,6,1,1,0.7909090909090909,16.815050087947586,14.208953687081582
ratio,1038,15,5,0.5,GALTrust,0.5333333333333333,1.0,0.125,0.2222222222222222,1,7,0,7,0.5772727272727273,29.602145110377613,34.953957325910515
ratio,1038,15,5,0.5,GDM-DTM,0.8,0.8571428571428571,0.75,0.7999999999999999,6,6,1,2,0.7181818181818181,19.380864311681844,19.782787133186513
ratio,1038,15,5,0.5,LR-Trust,0.9333333333333333,0.8888888888888888,1.0,0.9411764705882353,8,6,1,0,0.8818181818181818,20.26566301199317,25.247132376685556
ratio,1038,15,5,0.5,MLP-Trust,0.8666666666666667,0.875,0.875,0.875,7,6,1,1,0.8727272727272727,20.820738160361685,36.59945545769618
ratio,1038,15,5,0.5,MTIM,0.9333333333333333,0.8888888888888888,1.0,0.9411764705882353,8,6,1,0,0.9136363636363637,36.433891935343745,69.12072853311102
ratio,1039,15,5,0.5,MFA,0.7333333333333333,1.0,0.5,0.6666666666666666,4,7,0,4,0.6681818181818182,10.817149283645438,10.086326752844704
ratio,1039,15,5,0.5,FUBA,0.6,0.75,0.375,0.5,3,6,1,5,0.6818181818181818,15.045133123914272,8.575069880169957
ratio,1039,15,5,0.5,GALTrust,0.6666666666666666,1.0,0.375,0.5454545454545454,3,7,0,5,0.6227272727272727,31.962433539987835,41.91198570539241
ratio,1039,15,5,0.5,GDM-DTM,0.6666666666666666,0.7142857142857143,0.625,0.6666666666666666,5,5,2,3,0.6772727272727272,19.54326407403008,17.503856819024083
ratio,1039,15,5,0.5,LR-Trust,0.8,0.7777777777777778,0.875,0.823529411764706,7,5,2,1,0.8454545454545455,17.97328417797451,25.327103384369178
ratio,1039,15,5,0.5,MLP-Trust,1.0,1.0,1.0,1.0,8,7,0,0,0.8636363636363636,25.37802961705508,36.90220604517003
ratio,1039,15,5,0.5,MTIM,1.0,1.0,1.0,1.0,8,7,0,0,0.9136363636363637,33.46184853693849,53.265698142946135
ratio,1040,15,5,0.5,MFA,0.8,0.8571428571428571,0.75,0.7999999999999999,6,6,1,2,0.7090909090909091,13.318810590504436,12.463102985984555
ratio,1040,15,5,0.5,FUBA,0.8666666666666667,0.875,0.875,0.875,7,6,1,1,0.8,17.419227747488435,17.816405183652567
ratio,1040,15,5,0.5,GALTrust,0.6666666666666666,1.0,0.375,0.5454545454545454,3,7,0,5,0.6227272727272727,29.193862449733384,29.440523675287338
ratio,1040,15,5,0.5,GDM-DTM,0.8666666666666667,0.875,0.875,0.875,7,6,1,1,0.759090909090909,19.752541988020077,25.496920482545423
ratio,1040,15,5,0.5,LR-Trust,1.0,1.0,1.0,1.0,8,7,0,0,0.8590909090909091,23.10794719224815,22.036455779786085
ratio,1040,15,5,0.5,MLP-Trust,1.0,1.0,1.0,1.0,8,7,0,0,0.8909090909090909,23.86300509473792,33.947523955989446
ratio,1040,15,5,0.5,MTIM,1.0,1.0,1.0,1.0,8,7,0,0,0.9090909090909091,32.82670239862179,61.485974710953656
ratio,1041,15,5,0.5,MFA,0.8666666666666667,0.8,1.0,0.888888888888889,8,5,2,0,0.8136363636363636,11.586127668418042,9.586912093040356
ratio,1041,15,5,0.5,FUBA,0.7333333333333333,0.8333333333333334,0.625,0.7142857142857143,5,6,1,3,0.7090909090909091,17.05609341718392,13.763334375502563
ratio,1041,15,5,0.5,GALTrust,0.7333333333333333,1.0,0.5,0.6666666666666666,4,7,0,4,0.6590909090909091,31.073692215392505,37.478834655265295
ratio,1041,15,5,0.5,GDM-DTM,0.8666666666666667,0.875,0.875,0.875,7,6,1,1,0.7863636363636364,20.78950394456832,23.978728876644546
ratio,1041,15,5,0.5,LR-Trust,0.8666666666666667,0.875,0.875,0.875,7,6,1,1,0.8818181818181818,18.66664223047984,25.042498168935737
ratio,1041,15,5,0.5,MLP-Trust,0.8666666666666667,1.0,0.75,0.8571428571428571,6,7,0,2,0.8045454545454546,22.40372357920032,38.64999574321322
ratio,1041,15,5,0.5,MTIM,1.0,1.0,1.0,1.0,8,7,0,0,0.9454545454545454,33.77370435302314,55.120550341759895
ratio,1042,15,5,0.5,MFA,0.7333333333333333,0.75,0.75,0.75,6,5,2,2,0.6863636363636364,12.772300625704263,10.518524185388403
ratio,1042,15,5,0.5,FUBA,0.6666666666666666,0.8,0.5,0.6153846153846154,4,6,1,4,0.6954545454545454,16.604005159867395,19.60586183356481
ratio,1042,15,5,0.5,GALTrust,0.6,1.0,0.25,0.4,2,7,0,6,0.6318181818181818,32.504709538501466,42.70375119526139
ratio,1042,15,5,0.5,GDM-DTM,0.7333333333333333,0.8333333333333334,0.625,0.7142857142857143,5,6,1,3,0.6954545454545454,17.450642216637092,21.866624418670682
ratio,1042,15,5,0.5,LR-Trust,0.8,1.0,0.625,0.7692307692307693,5,7,0,3,0.8363636363636363,20.705069542019523,19.57655937931092
ratio,1042,15,5,0.5,MLP-Trust,0.9333333333333333,1.0,0.875,0.9333333333333333,7,7,0,1,0.85,25.993140091780127,37.9515880030987
ratio,1042,15,5,0.5,MTIM,0.9333333333333333,1.0,0.875,0.9333333333333333,7,7,0,1,0.85,33.700994735918364,58.96112588945433
ratio,1043,15,5,0.5,MFA,0.7333333333333333,0.75,0.75,0.75,6,5,2,2,0.7181818181818181,12.993987539946321,16.21097649346283
ratio,1043,15,5,0.5,FUBA,0.6666666666666666,0.7142857142857143,0.625,0.6666666666666666,5,5,2,3,0.6954545454545454,15.860454435881438,16.334622145785847
ratio,1043,15,5,0.5,GALTrust,0.5333333333333333,1.0,0.125,0.2222222222222222,1,7,0,7,0.6818181818181818,29.93248664409274,46.91758482138761
ratio,1043,15,5,0.5,GDM-DTM,0.8666666666666667,0.875,0.875,0.875,7,6,1,1,0.7318181818181818,20.444210051990453,21.686246065226513
ratio,1043,15,5,0.5,LR-Trust,0.6666666666666666,0.7142857142857143,0.625,0.6666666666666666,5,5,2,3,0.7863636363636364,21.364265594970437,28.141836686354388
ratio,1043,15,5,0.5,MLP-Trust,1.0,1.0,1.0,1.0,8,7,0,0,0.9181818181818182,22.01511363267936,33.105623314533695
ratio,1043,15,5,0.5,MTIM,1.0,1.0,1.0,1.0,8,7,0,0,0.9181818181818182,31.611243746150173,50.1506944322719
ratio,1044,15,5,0.5,MFA,0.9333333333333333,1.0,0.875,0.9333333333333333,7,7,0,1,0.7818181818181819,9.531671232438093,8.679717748576214
ratio,1044,15,5,0.5,FUBA,0.9333333333333333,1.0,0.875,0.9333333333333333,7,7,0,1,0.7363636363636363,17.576798542976032,14.3354266011594
ratio,1044,15,5,0.5,GALTrust,0.6666666666666666,1.0,0.375,0.5454545454545454,3,7,0,5,0.6318181818181818,32.34080971407276,41.54888722368573
ratio,1044,15,5,0.5,GDM-DTM,0.8,0.7777777777777778,0.875,0.823529411764706,7,5,2,1,0.7454545454545455,20.562408654345788,25.737135631301335
ratio,1044,15,5,0.5,LR-Trust,0.8666666666666667,0.8,1.0,0.888888888888889,8,5,2,0,0.8863636363636364,23.068049687756808,23.86468761113225
ratio,1044,15,5,0.5,MLP-Trust,0.8666666666666667,1.0,0.75,0.8571428571428571,6,7,0,2,0.740909090909091,22.06688805487442,39.91529361661
ratio,1044,15,5,0.5,MTIM,0.9333333333333333,1.0,0.875,0.9333333333333333,7,7,0,1,0.7954545454545454,35.173605234169834,57.47495779997661
ratio,1045,15,5,0.5,MFA,0.8,0.8571428571428571,0.75,0.7999999999999999,6,6,1,2,0.7045454545454546,9.814474751916572,3.9542926121284383
ratio,1045,15,5,0.5,FUBA,1.0,1.0,1.0,1.0,8,7,0,0,0.8045454545454546,15.860621106564794,24.618803956075727
ratio,1045,15,5,0.5,GALTrust,0.6,1.0,0.25,0.4,2,7,0,6,0.6545454545454545,34.032148814239655,38.94840551771725
ratio,1045,15,5,0.5,GDM-DTM,0.8,0.8571428571428571,0.75,0.7999999999999999,6,6,1,2,0.75,20.77010307315166,20.335876542876928
ratio,1045,15,5,0.5,LR-Trust,0.9333333333333333,0.8888888888888888,1.0,0.9411764705882353,8,6,1,0,0.8954545454545455,22.679415779836596,25.10543969356638
ratio,1045,15,5,0.5,MLP-Trust,0.9333333333333333,0.8888888888888888,1.0,0.9411764705882353,8,6,1,0,0.9454545454545454,26.7255249807413,37.35759216788901
ratio,1045,15,5,0.5,MTIM,0.9333333333333333,0.8888888888888888,1.0,0.9411764705882353,8,6,1,0,0.9545454545454546,36.201460280289034,58.047228019015634
ratio,1046,15,5,0.5,MFA,0.6666666666666666,0.7142857142857143,0.625,0.6666666666666666,5,5,2,3,0.6681818181818182,10.24890932590791,20.75381752912663
ratio,1046,15,5,0.5,FUBA,0.6666666666666666,1.0,0.375,0.5454545454545454,3,7,0,5,0.6136363636363636,18.160077569163803,13.741806720286089
ratio,1046,15,5,0.5,GALTrust,0.6,1.0,0.25,0.4,2,7,0,6,0.6727272727272727,31.364131131360285,39.30100356625045
ratio,1046,15,5,0.5,GDM-DTM,0.8,0.8571428571428571,0.75,0.7999999999999999,6,6,1,2,0.7136363636363636,18.07050486241332,19.84799228398203
ratio,1046,15,5,0.5,LR-Trust,0.9333333333333333,1.0,0.875,0.9333333333333333,7,7,0,1,0.9227272727272727,23.246202524533718,21.06928023806773
ratio,1046,15,5,0.5,MLP-Trust,1.0,1.0,1.0,1.0,8,7,0,0,0.9045454545454545,26.708078195441857,38.590127993161424
ratio,1046,15,5,0.5,MTIM,1.0,1.0,1.0,1.0,8,7,0,0,0.8772727272727273,36.79130891480335,55.39071632787308
ratio,1047,15,5,0.5,MFA,0.8,0.8571428571428571,0.75,0.7999999999999999,6,6,1,2,0.7136363636363636,10.493422000164816,12.082678131741687
ratio,1047,15,5,0.5,FUBA,0.8,0.8571428571428571,0.75,0.7999999999999999,6,6,1,2,0.7181818181818181,17.338590285844866,17.725026019744114
ratio,1047,15,5,0.5,GALTrust,0.6,1.0,0.25,0.4,2,7,0,6,0.6272727272727273,32.66392455124445,42.936105818792285
ratio,1047,15,5,0.5,GDM-DTM,0.8,0.8571428571428571,0.75,0.7999999999999999,6,6,1,2,0.6727272727272727,21.38645379247053,22.570114881764553
ratio,1047,15,5,0.5,LR-Trust,0.8666666666666667,0.875,0.875,0.875,7,6,1,1,0.8,21.795388255521416,27.441361987148262
ratio,1047,15,5,0.5,MLP-Trust,0.9333333333333333,1.0,0.875,0.9333333333333333,7,7,0,1,0.759090909090909,22.500826706219655,42.190353371124104
ratio,1047,15,5,0.5,MTIM,0.9333333333333333,1.0,0.875,0.9333333333333333,7,7,0,1,0.8681818181818182,31.73425325879854,52.40181177354723
ratio,1048,15,5,0.5,MFA,0.7333333333333333,0.8333333333333334,0.625,0.7142857142857143,5,6,1,3,0.6863636363636364,9.275259414971817,6.177629031285131
ratio,1048,15,5,0.5,FUBA,0.7333333333333333,0.8333333333333334,0.625,0.7142857142857143,5,6,1,3,0.7,14.792809778824239,18.773534485996766
ratio,1048,15,5,0.5,GALTrust,0.6,1.0,0.25,0.4,2,7,0,6,0.6454545454545455,31.667556674496506,42.50854607747449
ratio,1048,15,5,0.5,GDM-DTM,0.7333333333333333,0.8333333333333334,0.625,0.7142857142857143,5,6,1,3,0.7636363636363637,17.983544680421833,24.26185078771119
ratio,1048,15,5,0.5,LR-Trust,0.8666666666666667,0.875,0.875,0.875,7,6,1,1,0.8363636363636363,21.316179339549013,31.945969216454586
ratio,1048,15,5,0.5,MLP-Trust,0.9333333333333333,1.0,0.875,0.9333333333333333,7,7,0,1,0.8318181818181818,25.500010830963223,36.61367718301942
ratio,1048,15,5,0.5,MTIM,0.9333333333333333,1.0,0.875,0.9333333333333333,7,7,0,1,0.8363636363636363,32.37283276204429,63.1239080552582
ratio,1049,15,5,0.5,MFA,0.8,0.8571428571428571,0.75,0.7999999999999999,6,6,1,2,0.7636363636363637,12.188052040204507,10.55455005685543
ratio,1049,15,5,0.5,FUBA,0.7333333333333333,0.75,0.75,0.75,6,5,2,2,0.7181818181818181,16.751346709726306,16.031022674198205
ratio,1049,15,5,0.5,GALTrust,0.6666666666666666,1.0,0.375,0.5454545454545454,3,7,0,5,0.6727272727272727,30.887400510212196,36.48398805716052
ratio,1049,15,5,0.5,GDM-DTM,0.8,0.7777777777777778,0.875,0.823529411764706,7,5,2,1,0.7318181818181818,19.73593635325064,26.09063657945711
ratio,1049,15,5,0.5,LR-Trust,0.9333333333333333,0.8888888888888888,1.0,0.9411764705882353,8,6,1,0,0.9136363636363637,19.61182557045013,35.04557060699612
ratio,1049,15,5,0.5,MLP-Trust,0.9333333333333333,0.8888888888888888,1.0,0.9411764705882353,8,6,1,0,0.9045454545454545,24.963986207096326,38.71342264337308
ratio,1049,15,5,0.5,MTIM,0.8666666666666667,0.8,1.0,0.888888888888889,8,5,2,0,0.9045454545454545,32.68104974660018,58.28973869522459
agent_grid,1000,15,10,0.3,MFA,0.8,0.625,1.0,0.7692307692307693,5,7,3,0,0.8409090909090909,12.101641650304934,24.684003035393246
agent_grid,1000,15,10,0.3,FUBA,0.7333333333333333,0.5714285714285714,0.8,0.6666666666666666,4,7,3,1,0.8409090909090909,20.198506438164266,23.9642867029369
agent_grid,1000,15,10,0.3,GALTrust,0.8,0.75,0.6,0.6666666666666665,3,9,1,2,0.7772727272727272,31.19664068678791,51.322772982871726
agent_grid,1000,15,10,0.3,GDM-DTM,0.8,0.6666666666666666,0.8,0.7272727272727272,4,8,2,1,0.8227272727272728,23.004795859177193,29.072907619742704
agent_grid,1000,15,10,0.3,LR-Trust,0.7333333333333333,0.5714285714285714,0.8,0.6666666666666666,4,7,3,1,0.8954545454545455,24.580602447051096,32.590290428662314
agent_grid,1000,15,10,0.3,MLP-Trust,0.9333333333333333,0.8333333333333334,1.0,0.9090909090909091,5,9,1,0,0.9181818181818182,29.1975890120982,43.24642754144285
agent_grid,1000,15,10,0.3,MTIM,1.0,1.0,1.0,1.0,5,10,0,0,0.9272727272727272,42.83606634986547,72.57919970143416
agent_grid,1001,15,10,0.3,MFA,0.8,0.6666666666666666,0.8,0.7272727272727272,4,8,2,1,0.8136363636363636,14.835739319846324,14.233210815902632
agent_grid,1001,15,10,0.3,FUBA,0.9333333333333333,1.0,0.8,0.888888888888889,4,10,0,1,0.8045454545454546,19.775035690581465,19.563581286766844
agent_grid,1001,15,10,0.3,GALTrust,0.8,1.0,0.4,0.5714285714285715,2,10,0,3,0.7909090909090909,34.65035539756998,40.16495337893679
agent_grid,1001,15,10,0.3,GDM-DTM,0.8666666666666667,0.7142857142857143,1.0,0.8333333333333333,5,8,2,0,0.8727272727272727,21.216260832269235,21.70430684593421
agent_grid,1001,15,10,0.3,LR-Trust,0.8666666666666667,0.7142857142857143,1.0,0.8333333333333333,5,8,2,0,0.9181818181818182,26.436021259572325,26.45610652482243
agent_grid,1001,15,10,0.3,MLP-Trust,1.0,1.0,1.0,1.0,5,10,0,0,0.8818181818181818,30.566306813611448,42.9885138085915
agent_grid,1001,15,10,0.3,MTIM,0.9333333333333333,0.8333333333333334,1.0,0.9090909090909091,5,9,1,0,0.9272727272727272,35.87672508943973,70.67577962583009
agent_grid,1002,15,10,0.3,MFA,0.8,0.75,0.6,0.6666666666666665,3,9,1,2,0.7681818181818182,15.103604084000175,8.858251952010027
agent_grid,1002,15,10,0.3,FUBA,0.5333333333333333,0.375,0.6,0.4615384615384615,3,5,5,2,0.7090909090909091,19.170500595905825,28.452486072285513
agent_grid,1002,15,10,0.3,GALTrust,0.6666666666666666,0.0,0.0,0.0,0,10,0,5,0.740909090909091,30.485042886433853,45.93783428968736
agent_grid,1002,15,10,0.3,GDM-DTM,0.8,0.6666666666666666,0.8,0.7272727272727272,4,8,2,1,0.8045454545454546,26.30018303418806,27.423958225121048
agent_grid,1002,15,10,0.3,LR-Trust,0.8,0.6666666666666666,0.8,0.7272727272727272,4,8,2,1,0.8909090909090909,26.368305579626945,34.19777182859162
agent_grid,1002,15,10,0.3,MLP-Trust,0.8666666666666667,0.8,0.8,0.8000000000000002,4,9,1,1,0.8363636363636363,29.886697840286878,44.59072096939671
agent_grid,1002,15,10,0.3,MTIM,0.8666666666666667,0.8,0.8,0.8000000000000002,4,9,1,1,0.8409090909090909,40.75997199711533,76.72280211341274
agent_grid,1003,15,10,0.3,MFA,0.7333333333333333,0.6666666666666666,0.4,0.5,2,9,1,3,0.75,14.503957966095408,15.30493089559924
agent_grid,1003,15,10,0.3,FUBA,0.9333333333333333,1.0,0.8,0.888888888888889,4,10,0,1,0.8681818181818182,18.867253215601476,22.180218391121127
agent_grid,1003,15,10,0.3,GALTrust,0.8,1.0,0.4,0.5714285714285715,2,10,0,3,0.8136363636363636,35.588600142427495,47.58222702895827
agent_grid,1003,15,10,0.3,GDM-DTM,0.8,0.6666666666666666,0.8,0.7272727272727272,4,8,2,1,0.8545454545454545,22.110825789656847,24.19030016989285
agent_grid,1003,15,10,0.3,LR-Trust,0.8666666666666667,0.8,0.8,0.8000000000000002,4,9,1,1,0.8318181818181818,23.025038995792777,33.63309290715411
agent_grid,1003,15,10,0.3,MLP-Trust,0.9333333333333333,1.0,0.8,0.888888888888889,4,10,0,1,0.8363636363636363,27.25888732378317,43.15316700910308
agent_grid,1003,15,10,0.3,MTIM,0.9333333333333333,1.0,0.8,0.888888888888889,4,10,0,1,0.8863636363636364,37.706305196360205,72.34636202868339
agent_grid,1004,15,10,0.3,MFA,0.8,0.75,0.6,0.6666666666666665,3,9,1,2,0.8409090909090909,16.699893961599276,18.628844626456296
agent_grid,1004,15,10,0.3,FUBA,0.9333333333333333,0.8333333333333334,1.0,0.9090909090909091,5,9,1,0,0.8409090909090909,16.68844117867206,25.55814036696502
agent_grid,1004,15,10,0.3,GALTrust,0.7333333333333333,1.0,0.2,0.33333333333333337,1,10,0,4,0.7363636363636363,33.35730335696856,49.12705267202752
agent_grid,1004,15,10,0.3,GDM-DTM,0.8666666666666667,1.0,0.6,0.7499999999999999,3,10,0,2,0.7909090909090909,21.049568051648503,30.916872106180907
agent_grid,1004,15,10,0.3,LR-Trust,1.0,1.0,1.0,1.0,5,10,0,0,0.8909090909090909,24.392424918928512,25.758132690597634
agent_grid,1004,15,10,0.3,MLP-Trust,1.0,1.0,1.0,1.0,5,10,0,0,0.9045454545454545,26.557795798068543,43.03341039323101
agent_grid,1004,15,10,0.3,MTIM,1.0,1.0,1.0,1.0,5,10,0,0,0.9136363636363637,38.38730225276681,68.37615069107372
agent_grid,1005,15,10,0.3,MFA,0.8,0.6666666666666666,0.8,0.7272727272727272,4,8,2,1,0.8409090909090909,12.702511698626079,11.462280276055193
agent_grid,1005,15,10,0.3,FUBA,0.8,0.6666666666666666,0.8,0.7272727272727272,4,8,2,1,0.7954545454545454,17.354970992115145,17.32112545621239
agent_grid,1005,15,10,0.3,GALTrust,0.8,1.0,0.4,0.5714285714285715,2,10,0,3,0.7318181818181818,35.82811326114124,46.313384966519735
agent_grid,1005,15,10,0.3,GDM-DTM,0.8,0.625,1.0,0.7692307692307693,5,7,3,0,0.8545454545454545,23.69096663803223,25.14029157901796
agent_grid,1005,15,10,0.3,LR-Trust,0.8,0.6666666666666666,0.8,0.7272727272727272,4,8,2,1,0.8363636363636363,21.36907795554641,27.271431154390687
agent_grid,1005,15,10,0.3,MLP-Trust,0.8666666666666667,0.7142857142857143,1.0,0.8333333333333333,5,8,2,0,0.8954545454545455,28.54202959735359,38.15036207230356
agent_grid,1005,15,10,0.3,MTIM,0.8,0.6666666666666666,0.8,0.7272727272727272,4,8,2,1,0.9,39.486706719467634,68.22313697774109
agent_grid,1006,15,10,0.3,MFA,0.8,0.75,0.6,0.6666666666666665,3,9,1,2,0.8227272727272728,12.231259278441495,9.922776827515596
agent_grid,1006,15,10,0.3,FUBA,0.8,0.6666666666666666,0.8,0.7272727272727272,4,8,2,1,0.8909090909090909,21.120422196578538,18.632018472670527
agent_grid,1006,15,10,0.3,GALTrust,0.8,1.0,0.4,0.5714285714285715,2,10,0,3,0.7863636363636364,36.98942260178775,47.88217014414031
agent_grid,1006,15,10,0.3,GDM-DTM,0.8,0.75,0.6,0.6666666666666665,3,9,1,2,0.8,19.753921879530306,32.06278084545403
agent_grid,1006,15,10,0.3,LR-Trust,0.9333333333333333,1.0,0.8,0.888888888888889,4,10,0,1,0.8818181818181818,27.920786948983263,31.58194090375264
agent_grid,1006,15,10,0.3,MLP-Trust,1.0,1.0,1.0,1.0,5,10,0,0,0.8727272727272727,27.943038095986793,36.545779684068464
agent_grid,1006,15,10,0.3,MTIM,1.0,1.0,1.0,1.0,5,10,0,0,0.9454545454545454,37.21302540195054,74.1249696005214
agent_grid,1007,15,10,0.3,MFA,0.8,0.6666666666666666,0.8,0.7272727272727272,4,8,2,1,0.7727272727272727,13.700606331322266,14.179553871266526
agent_grid,1007,15,10,0.3,FUBA,0.8666666666666667,0.8,0.8,0.8000000000000002,4,9,1,1,0.8136363636363636,18.752400677221903,19.566083896202727
agent_grid,1007,15,10,0.3,GALTrust,0.8,1.0,0.4,0.5714285714285715,2,10,0,3,0.7818181818181819,33.46023575299863,37.43139726727676
agent_grid,1007,15,10,0.3,GDM-DTM,0.8666666666666667,0.8,0.8,0.8000000000000002,4,9,1,1,0.8636363636363636,22.645770681573687,36.93487395057408
agent_grid,1007,15,10,0.3,LR-Trust,0.8666666666666667,0.8,0.8,0.8000000000000002,4,9,1,1,0.8772727272727273,25.700414112142763,28.99089368900234
agent_grid,1007,15,10,0.3,MLP-Trust,0.9333333333333333,1.0,0.8,0.888888888888889,4,10,0,1,0.8590909090909091,28.35319040930479,45.05162999467708
agent_grid,1007,15,10,0.3,MTIM,0.9333333333333333,1.0,0.8,0.888888888888889,4,10,0,1,0.8272727272727273,42.32990372896636,69.7702619239204
agent_grid,1008,15,10,0.3,MFA,0.9333333333333333,1.0,0.8,0.888888888888889,4,10,0,1,0.7954545454545454,16.78370534778408,17.34136429320714
agent_grid,1008,15,10,0.3,FUBA,1.0,1.0,1.0,1.0,5,10,0,0,0.8772727272727273,15.913251081582125,11.654588718681314
agent_grid,1008,15,10,0.3,GALTrust,0.8,1.0,0.4,0.5714285714285715,2,10,0,3,0.7636363636363637,35.90041687873053,43.67458206345009
agent_grid,1008,15,10,0.3,GDM-DTM,0.9333333333333333,1.0,0.8,0.888888888888889,4,10,0,1,0.8045454545454546,22.191147408289638,23.39997676199101
agent_grid,1008,15,10,0.3,LR-Trust,0.9333333333333333,1.0,0.8,0.888888888888889,4,10,0,1,0.8772727272727273,27.36335687297183,31.708291261671533
agent_grid,1008,15,10,0.3,MLP-Trust,1.0,1.0,1.0,1.0,5,10,0,0,0.9454545454545454,28.26547690391327,44.174811642589354
agent_grid,1008,15,10,0.3,MTIM,1.0,1.0,1.0,1.0,5,10,0,0,0.9181818181818182,38.0521917585565,69.57830549733596
agent_grid,1009,15,10,0.3,MFA,0.7333333333333333,0.6,0.6,0.6,3,8,2,2,0.7681818181818182,15.10076505045124,20.698677866977953
agent_grid,1009,15,10,0.3,FUBA,0.9333333333333333,1.0,0.8,0.888888888888889,4,10,0,1,0.8272727272727273,19.821073986457293,26.95257670360562
agent_grid,1009,15,10,0.3,GALTrust,0.7333333333333333,1.0,0.2,0.33333333333333337,1,10,0,4,0.7818181818181819,35.00290459699209,53.02605201975853
agent_grid,1009,15,10,0.3,GDM-DTM,0.9333333333333333,1.0,0.8,0.888888888888889,4,10,0,1,0.7909090909090909,23.711531473232455,23.250691087805272
agent_grid,1009,15,10,0.3,LR-Trust,0.8666666666666667,1.0,0.6,0.7499999999999999,3,10,0,2,0.8772727272727273,24.788505538649336,36.633006489560806
agent_grid,1009,15,10,0.3,MLP-Trust,0.9333333333333333,1.0,0.8,0.888888888888889,4,10,0,1,0.8090909090909091,25.416118651604123,33.906806445802296
agent_grid,1009,15,10,0.3,MTIM,0.9333333333333333,1.0,0.8,0.888888888888889,4,10,0,1,0.9,39.94933370122343,72.47447375241575
agent_grid,1010,15,10,0.3,MFA,0.7333333333333333,0.6666666666666666,0.4,0.5,2,9,1,3,0.75,15.66360629842454,19.431630303834364
agent_grid,1010,15,10,0.3,FUBA,0.6666666666666666,0.5,0.4,0.4444444444444445,2,8,2,3,0.7454545454545455,20.105238625003658,23.125376197828473
agent_grid,1010,15,10,0.3,GALTrust,0.6666666666666666,0.0,0.0,0.0,0,10,0,5,0.7,38.84229165395588,45.83082540552283
agent_grid,1010,15,10,0.3,GDM-DTM,0.8666666666666667,1.0,0.6,0.7499999999999999,3,10,0,2,0.7954545454545454,24.758811195268514,23.7119561395091
agent_grid,1010,15,10,0.3,LR-Trust,0.7333333333333333,0.6,0.6,0.6,3,8,2,2,0.8272727272727273,25.727033278473968,29.907587974893488
agent_grid,1010,15,10,0.3,MLP-Trust,0.9333333333333333,1.0,0.8,0.888888888888889,4,10,0,1,0.8909090909090909,31.858151629119234,35.133973750448945
agent_grid,1010,15,10,0.3,MTIM,0.9333333333333333,1.0,0.8,0.888888888888889,4,10,0,1,0.8863636363636364,42.1953700402446,73.1002417258654
agent_grid,1011,15,10,0.3,MFA,0.6,0.3333333333333333,0.2,0.25,1,8,2,4,0.7318181818181818,13.446122033421458,6.875323345986146
agent_grid,1011,15,10,0.3,FUBA,0.6666666666666666,0.5,0.8,0.6153846153846154,4,6,4,1,0.7545454545454545,20.75483606805648,22.598969438837017
agent_grid,1011,15,10,0.3,GALTrust,0.6666666666666666,0.0,0.0,0.0,0,10,0,5,0.7863636363636364,33.372094350978145,47.88981898931936
agent_grid,1011,15,10,0.3,GDM-DTM,0.8,0.75,0.6,0.6666666666666665,3,9,1,2,0.7818181818181819,23.076751343597067,22.386900961055034
agent_grid,1011,15,10,0.3,LR-Trust,0.8,0.6666666666666666,0.8,0.7272727272727272,4,8,2,1,0.8454545454545455,26.38697720821185,26.983094389234306
agent_grid,1011,15,10,0.3,MLP-Trust,1.0,1.0,1.0,1.0,5,10,0,0,0.8863636363636364,28.042634037670197,43.19174864580198
agent_grid,1011,15,10,0.3,MTIM,0.9333333333333333,0.8333333333333334,1.0,0.9090909090909091,5,9,1,0,0.9181818181818182,40.185172228012696,67.95352416564387
agent_grid,1012,15,10,0.3,MFA,0.8,1.0,0.4,0.5714285714285715,2,10,0,3,0.7772727272727272,12.625191674621334,12.89930915970305
agent_grid,1012,15,10,0.3,FUBA,0.8,0.6666666666666666,0.8,0.7272727272727272,4,8,2,1,0.8363636363636363,19.277807794617235,24.56449997893478
agent_grid,1012,15,10,0.3,GALTrust,0.7333333333333333,1.0,0.2,0.33333333333333337,1,10,0,4,0.7636363636363637,36.46388783097024,50.97217862914867
agent_grid,1012,15,10,0.3,GDM-DTM,0.8666666666666667,0.8,0.8,0.8000000000000002,4,9,1,1,0.8090909090909091,22.75346284870245,28.692198849156483
agent_grid,1012,15,10,0.3,LR-Trust,0.9333333333333333,0.8333333333333334,1.0,0.9090909090909091,5,9,1,0,0.9,24.331396404582826,29.046650805141244
agent_grid,1012,15,10,0.3,MLP-Trust,1.0,1.0,1.0,1.0,5,10,0,0,0.9090909090909091,30.077085652561625,38.34307533894814
agent_grid,1012,15,10,0.3,MTIM,0.9333333333333333,0.8333333333333334,1.0,0.9090909090909091,5,9,1,0,0.9045454545454545,39.29707982137022,72.84537539123919
agent_grid,1013,15,10,0.3,MFA,0.8666666666666667,1.0,0.6,0.7499999999999999,3,10,0,2,0.7363636363636363,17.03814762437187,14.97401976769356
agent_grid,1013,15,10,0.3,FUBA,0.8,0.6666666666666666,0.8,0.7272727272727272,4,8,2,1,0.7636363636363637,21.589385041878234,19.53872455134571
agent_grid,1013,15,10,0.3,GALTrust,0.7333333333333333,1.0,0.2,0.33333333333333337,1,10,0,4,0.75,35.183440941128886,42.14089420855876
agent_grid,1013,15,10,0.3,GDM-DTM,0.7333333333333333,0.5714285714285714,0.8,0.6666666666666666,4,7,3,1,0.8181818181818182,21.94332463904539,29.624078037460848
agent_grid,1013,15,10,0.3,LR-Trust,0.9333333333333333,0.8333333333333334,1.0,0.9090909090909091,5,9,1,0,0.9227272727272727,24.426808479438034,28.126313600856363
agent_grid,1013,15,10,0.3,MLP-Trust,0.9333333333333333,0.8333333333333334,1.0,0.9090909090909091,5,9,1,0,0.9318181818181818,27.928947422800043,45.692135420740534
agent_grid,1013,15,10,0.3,MTIM,0.9333333333333333,0.8333333333333334,1.0,0.9090909090909091,5,9,1,0,0.9272727272727272,40.536124007206766,71.57330600945626
agent_grid,1014,15,10,0.3,MFA,0.9333333333333333,1.0,0.8,0.888888888888889,4,10,0,1,0.8227272727272728,15.787647350761809,14.148777142708175
agent_grid,1014,15,10,0.3,FUBA,0.9333333333333333,1.0,0.8,0.888888888888889,4,10,0,1,0.8045454545454546,19.757765774577788,15.66400883001147
agent_grid,1014,15,10,0.3,GALTrust,0.7333333333333333,1.0,0.2,0.33333333333333337,1,10,0,4,0.7363636363636363,37.216873942788304,53.024289454083025
agent_grid,1014,15,10,0.3,GDM-DTM,0.9333333333333333,1.0,0.8,0.888888888888889,4,10,0,1,0.85,20.455208520136967,28.08103378188686
agent_grid,1014,15,10,0.3,LR-Trust,1.0,1.0,1.0,1.0,5,10,0,0,0.9090909090909091,25.525169016259785,32.969580599543455
agent_grid,1014,15,10,0.3,MLP-Trust,0.9333333333333333,0.8333333333333334,1.0,0.9090909090909091,5,9,1,0,0.9,30.54167173937246,45.26319924941397
agent_grid,1014,15,10,0.3,MTIM,0.9333333333333333,0.8333333333333334,1.0,0.9090909090909091,5,9,1,0,0.9045454545454545,39.619199466757316,76.8685152155984
agent_grid,1015,15,10,0.3,MFA,0.6,0.3333333333333333,0.2,0.25,1,8,2,4,0.6454545454545455,16.788180876009434,14.749070566205834
agent_grid,1015,15,10,0.3,FUBA,0.6666666666666666,0.5,0.6,0.5454545454545454,3,7,3,2,0.8,20.950991175136064,20.242629034463196
agent_grid,1015,15,10,0.3,GALTrust,0.8,1.0,0.4,0.5714285714285715,2,10,0,3,0.8136363636363636,37.34599164887044,46.01457383825977
agent_grid,1015,15,10,0.3,GDM-DTM,0.8666666666666667,0.8,0.8,0.8000000000000002,4,9,1,1,0.8409090909090909,19.672669270219426,25.531267197979865
agent_grid,1015,15,10,0.3,LR-Trust,0.8,0.6666666666666666,0.8,0.7272727272727272,4,8,2,1,0.9,19.80425525511406,28.52892059446015
agent_grid,1015,15,10,0.3,MLP-Trust,0.8666666666666667,0.7142857142857143,1.0,0.8333333333333333,5,8,2,0,0.9454545454545454,28.330641073924866,35.44304099984914
agent_grid,1015,15,10,0.3,MTIM,0.8666666666666667,0.7142857142857143,1.0,0.8333333333333333,5,8,2,0,0.9363636363636364,38.30568597314505,68.30463009035131
agent_grid,1016,15,10,0.3,MFA,0.8,1.0,0.4,0.5714285714285715,2,10,0,3,0.7681818181818182,12.449978682200372,18.496388599544836
agent_grid,1016,15,10,0.3,FUBA,0.8666666666666667,1.0,0.6,0.7499999999999999,3,10,0,2,0.7818181818181819,17.49964208020728,24.007037781457818
agent_grid,1016,15,10,0.3,GALTrust,0.7333333333333333,1.0,0.2,0.33333333333333337,1,10,0,4,0.7090909090909091,33.885727453328954,40.96516639767085
agent_grid,1016,15,10,0.3,GDM-DTM,1.0,1.0,1.0,1.0,5,10,0,0,0.8681818181818182,21.20514176978827,31.85150411625863
agent_grid,1016,15,10,0.3,LR-Trust,0.9333333333333333,1.0,0.8,0.888888888888889,4,10,0,1,0.8454545454545455,26.460950034061078,24.366350146281597
agent_grid,1016,15,10,0.3,MLP-Trust,1.0,1.0,1.0,1.0,5,10,0,0,0.9227272727272727,24.543171994814934,35.62165521462285
agent_grid,1016,15,10,0.3,MTIM,1.0,1.0,1.0,1.0,5,10,0,0,0.9090909090909091,38.476628346764805,65.96345504520409
agent_grid,1017,15,10,0.3,MFA,0.8,0.75,0.6,0.6666666666666665,3,9,1,2,0.7363636363636363,14.835842935747106,10.148895563440728
agent_grid,1017,15,10,0.3,FUBA,0.7333333333333333,0.6666666666666666,0.4,0.5,2,9,1,3,0.7681818181818182,18.566524058495244,22.589403845235918
agent_grid,1017,15,10,0.3,GALTrust,0.6666666666666666,0.0,0.0,0.0,0,10,0,5,0.7181818181818181,33.33262912385734,40.230090807262314
agent_grid,1017,15,10,0.3,GDM-DTM,0.8,0.75,0.6,0.6666666666666665,3,9,1,2,0.8272727272727273,22.279672571870886,23.58810928451066
agent_grid,1017,15,10,0.3,LR-Trust,0.8,0.6666666666666666,0.8,0.7272727272727272,4,8,2,1,0.8954545454545455,24.167496682686323,31.39565875376041
agent_grid,1017,15,10,0.3,MLP-Trust,1.0,1.0,1.0,1.0,5,10,0,0,0.8909090909090909,31.233459827878704,33.63256911098623
agent_grid,1017,15,10,0.3,MTIM,1.0,1.0,1.0,1.0,5,10,0,0,0.9363636363636364,37.27019866742041,79.79838197974058
agent_grid,1018,15,10,0.3,MFA,0.8,1.0,0.4,0.5714285714285715,2,10,0,3,0.7363636363636363,13.76431490449109,18.689497239521483
agent_grid,1018,15,10,0.3,FUBA,0.7333333333333333,0.6,0.6,0.6,3,8,2,2,0.7772727272727272,22.635672074008394,21.97313657257282
agent_grid,1018,15,10,0.3,GALTrust,0.6666666666666666,0.0,0.0,0.0,0,10,0,5,0.7545454545454545,34.07707872267705,44.235248761130876
agent_grid,1018,15,10,0.3,GDM-DTM,0.7333333333333333,1.0,0.2,0.33333333333333337,1,10,0,4,0.7363636363636363,24.41895877438625,22.53493244842938
agent_grid,1018,15,10,0.3,LR-Trust,0.8666666666666667,1.0,0.6,0.7499999999999999,3,10,0,2,0.9,21.013563785382075,33.840096709206755
agent_grid,1018,15,10,0.3,MLP-Trust,0.9333333333333333,0.8333333333333334,1.0,0.9090909090909091,5,9,1,0,0.9,30.25325243663539,40.51713166235986
agent_grid,1018,15,10,0.3,MTIM,0.9333333333333333,0.8333333333333334,1.0,0.9090909090909091,5,9,1,0,0.95,40.81612672084859,72.13846847626985
agent_grid,1019,15,10,0.3,MFA,0.8666666666666667,0.8,0.8,0.8000000000000002,4,9,1,1,0.8227272727272728,13.862919630642761,17.996882405788824
agent_grid,1019,15,10,0.3,FUBA,0.8666666666666667,0.8,0.8,0.8000000000000002,4,9,1,1,0.8272727272727273,22.5807333375144,20.792473658586832
agent_grid,1019,15,10,0.3,GALTrust,0.8666666666666667,1.0,0.6,0.7499999999999999,3,10,0,2,0.7909090909090909,32.9498839182825,44.70471496723645
agent_grid,1019,15,10,0.3,GDM-DTM,0.8666666666666667,0.8,0.8,0.8000000000000002,4,9,1,1,0.8045454545454546,22.18587142449751,27.556421225033937
agent_grid,1019,15,10,0.3,LR-Trust,0.8666666666666667,0.8,0.8,0.8000000000000002,4,9,1,1,0.8772727272727273,26.10397886752787,24.803240147854535
agent_grid,1019,15,10,0.3,MLP-Trust,0.8666666666666667,0.8,0.8,0.8000000000000002,4,9,1,1,0.8363636363636363,28.777079294975753,42.835520074158325
agent_grid,1019,15,10,0.3,MTIM,0.8666666666666667,0.8,0.8,0.8000000000000002,4,9,1,1,0.8954545454545455,39.744541502033485,75.38596462096802
agent_grid,1020,15,10,0.3,MFA,0.7333333333333333,0.6,0.6,0.6,3,8,2,2,0.8181818181818182,15.171689764411331,12.659528549865033
agent_grid,1020,15,10,0.3,FUBA,0.8666666666666667,0.8,0.8,0.8000000000000002,4,9,1,1,0.8863636363636364,21.865782176207947,19.47188745673121
agent_grid,1020,15,10,0.3,GALTrust,0.8,1.0,0.4,0.5714285714285715,2,10,0,3,0.7818181818181819,35.698345712058924,45.319198974268765
agent_grid,1020,15,10,0.3,GDM-DTM,0.8,0.6666666666666666,0.8,0.7272727272727272,4,8,2,1,0.8272727272727273,20.85952715234482,25.38215897045707
agent_grid,1020,15,10,0.3,LR-Trust,0.8,0.75,0.6,0.6666666666666665,3,9,1,2,0.85,26.07528957042622,30.892244118018265
agent_grid,1020,15,10,0.3,MLP-Trust,0.8666666666666667,0.8,0.8,0.8000000000000002,4,9,1,1,0.9272727272727272,26.769061409824936,39.609031015899234
agent_grid,1020,15,10,0.3,MTIM,0.9333333333333333,0.8333333333333334,1.0,0.9090909090909091,5,9,1,0,0.9363636363636364,40.07275906613788,64.511135792813
agent_grid,1021,15,10,0.3,MFA,0.7333333333333333,0.6,0.6,0.6,3,8,2,2,0.740909090909091,11.239694813351067,14.46889514607456
agent_grid,1021,15,10,0.3,FUBA,0.6666666666666666,0.5,0.6,0.5454545454545454,3,7,3,2,0.75,18.08571320216956,13.990805254150475
agent_grid,1021,15,10,0.3,GALTrust,0.7333333333333333,1.0,0.2,0.33333333333333337,1,10,0,4,0.7363636363636363,32.91370647720039,46.586235530895294
agent_grid,1021,15,10,0.3,GDM-DTM,0.9333333333333333,0.8333333333333334,1.0,0.9090909090909091,5,9,1,0,0.8727272727272727,23.496945740453587,28.527894662653566
agent_grid,1021,15,10,0.3,LR-Trust,0.9333333333333333,0.8333333333333334,1.0,0.9090909090909091,5,9,1,0,0.8772727272727273,23.90035906330137,30.486247332330173
agent_grid,1021,15,10,0.3,MLP-Trust,0.9333333333333333,0.8333333333333334,1.0,0.9090909090909091,5,9,1,0,0.9090909090909091,28.86381761964776,41.55590671820137
agent_grid,1021,15,10,0.3,MTIM,0.9333333333333333,0.8333333333333334,1.0,0.9090909090909091,5,9,1,0,0.9,41.25309816927149,70.80257815479068
agent_grid,1022,15,10,0.3,MFA,0.8666666666666667,0.8,0.8,0.8000000000000002,4,9,1,1,0.8363636363636363,11.849539928004978,5.5096523740120595
agent_grid,1022,15,10,0.3,FUBA,0.9333333333333333,1.0,0.8,0.888888888888889,4,10,0,1,0.8272727272727273,20.687393332184726,24.47002352025164
agent_grid,1022,15,10,0.3,GALTrust,0.8666666666666667,1.0,0.6,0.7499999999999999,3,10,0,2,0.7954545454545454,33.684406151205565,44.778543710166645
agent_grid,1022,15,10,0.3,GDM-DTM,0.9333333333333333,1.0,0.8,0.888888888888889,4,10,0,1,0.8363636363636363,24.772182463367052,24.21456530125642
agent_grid,1022,15,10,0.3,LR-Trust,1.0,1.0,1.0,1.0,5,10,0,0,0.9,25.36906458480826,27.56163092042473
agent_grid,1022,15,10,0.3,MLP-Trust,1.0,1.0,1.0,1.0,5,10,0,0,0.8863636363636364,28.155377063356163,38.85203161902835
agent_grid,1022,15,10,0.3,MTIM,0.9333333333333333,1.0,0.8,0.888888888888889,4,10,0,1,0.8909090909090909,40.5897165042847,73.98066093913579
agent_grid,1023,15,10,0.3,MFA,0.8666666666666667,0.8,0.8,0.8000000000000002,4,9,1,1,0.8272727272727273,12.458134919373009,14.659765274730692
agent_grid,1023,15,10,0.3,FUBA,0.8,0.6666666666666666,0.8,0.7272727272727272,4,8,2,1,0.7772727272727272,21.062503931269703,31.627284154525686
agent_grid,1023,15,10,0.3,GALTrust,0.8,1.0,0.4,0.5714285714285715,2,10,0,3,0.7545454545454545,32.8004795494602,45.874548319767904
agent_grid,1023,15,10,0.3,GDM-DTM,0.8,0.6666666666666666,0.8,0.7272727272727272,4,8,2,1,0.8,21.036536074043763,28.046250821896102
agent_grid,1023,15,10,0.3,LR-Trust,0.9333333333333333,1.0,0.8,0.888888888888889,4,10,0,1,0.8363636363636363,23.080234434492635,22.722566750647612
agent_grid,1023,15,10,0.3,MLP-Trust,1.0,1.0,1.0,1.0,5,10,0,0,0.8818181818181818,25.95054555464655,39.25877764220185
agent_grid,1023,15,10,0.3,MTIM,1.0,1.0,1.0,1.0,5,10,0,0,0.9,39.89449347920117,63.50718238451068
agent_grid,1024,15,10,0.3,MFA,0.8,0.75,0.6,0.6666666666666665,3,9,1,2,0.8045454545454546,9.951938813466032,19.04853732445411
agent_grid,1024,15,10,0.3,FUBA,0.9333333333333333,0.8333333333333334,1.0,0.9090909090909091,5,9,1,0,0.8181818181818182,18.044710080863716,18.849913113064094
agent_grid,1024,15,10,0.3,GALTrust,0.7333333333333333,1.0,0.2,0.33333333333333337,1,10,0,4,0.7318181818181818,36.76180242989609,43.88520747584006
agent_grid,1024,15,10,0.3,GDM-DTM,0.8666666666666667,0.8,0.8,0.8000000000000002,4,9,1,1,0.8227272727272728,26.42849009668505,25.685416481267758
agent_grid,1024,15,10,0.3,LR-Trust,0.9333333333333333,1.0,0.8,0.888888888888889,4,10,0,1,0.8636363636363636,25.097896513179496,32.8323139656797
agent_grid,1024,15,10,0.3,MLP-Trust,1.0,1.0,1.0,1.0,5,10,0,0,0.9227272727272727,28.810414456830806,38.13871391537952
agent_grid,1024,15,10,0.3,MTIM,1.0,1.0,1.0,1.0,5,10,0,0,0.9409090909090909,40.078117456800186,68.32064936644122
agent_grid,1025,15,10,0.3,MFA,0.8666666666666667,1.0,0.6,0.7499999999999999,3,10,0,2,0.8181818181818182,14.986612071611614,15.67587307499436
agent_grid,1025,15,10,0.3,FUBA,0.9333333333333333,1.0,0.8,0.888888888888889,4,10,0,1,0.8090909090909091,22.87020085805415,21.415664849957118
agent_grid,1025,15,10,0.3,GALTrust,0.6666666666666666,0.0,0.0,0.0,0,10,0,5,0.7181818181818181,35.37193394423344,41.72860598092464
agent_grid,1025,15,10,0.3,GDM-DTM,0.9333333333333333,1.0,0.8,0.888888888888889,4,10,0,1,0.8045454545454546,23.952592537605646,34.48203241604969
agent_grid,1025,15,10,0.3,LR-Trust,0.9333333333333333,1.0,0.8,0.888888888888889,4,10,0,1,0.8636363636363636,22.70308262532683,28.399408072416616
agent_grid,1025,15,10,0.3,MLP-Trust,0.9333333333333333,1.0,0.8,0.888888888888889,4,10,0,1,0.8272727272727273,31.10281372945868,40.41522593848991
agent_grid,1025,15,10,0.3,MTIM,0.9333333333333333,1.0,0.8,0.888888888888889,4,10,0,1,0.8772727272727273,37.80880030103473,69.98605622001496
agent_grid,1026,15,10,0.3,MFA,0.8,1.0,0.4,0.5714285714285715,2,10,0,3,0.7772727272727272,14.511247727269012,6.510519814781887
agent_grid,1026,15,10,0.3,FUBA,0.8666666666666667,0.8,0.8,0.8000000000000002,4,9,1,1,0.8363636363636363,22.55318383109883,23.419124412894558
agent_grid,1026,15,10,0.3,GALTrust,0.8,1.0,0.4,0.5714285714285715,2,10,0,3,0.7681818181818182,34.959999297335905,46.183250760282725
agent_grid,1026,15,10,0.3,GDM-DTM,0.8666666666666667,1.0,0.6,0.7499999999999999,3,10,0,2,0.7954545454545454,22.52013838172441,21.433644069501646
agent_grid,1026,15,10,0.3,LR-Trust,1.0,1.0,1.0,1.0,5,10,0,0,0.9363636363636364,23.41633142272785,24.58845358750915
agent_grid,1026,15,10,0.3,MLP-Trust,1.0,1.0,1.0,1.0,5,10,0,0,0.9045454545454545,31.913785902812382,38.35680470986764
agent_grid,1026,15,10,0.3,MTIM,1.0,1.0,1.0,1.0,5,10,0,0,0.9136363636363637,40.09608167524025,70.31067883382576
agent_grid,1027,15,10,0.3,MFA,0.7333333333333333,0.6666666666666666,0.4,0.5,2,9,1,3,0.8363636363636363,16.965284008291363,11.828106678196953
agent_grid,1027,15,10,0.3,FUBA,0.8666666666666667,1.0,0.6,0.7499999999999999,3,10,0,2,0.8363636363636363,20.53121426895097,24.09256296233915
agent_grid,1027,15,10,0.3,GALTrust,0.7333333333333333,1.0,0.2,0.33333333333333337,1,10,0,4,0.75,35.0383248061673,52.23832482573797
agent_grid,1027,15,10,0.3,GDM-DTM,0.8,0.75,0.6,0.6666666666666665,3,9,1,2,0.7727272727272727,22.330991332070166,26.568375213014402
agent_grid,1027,15,10,0.3,LR-Trust,0.9333333333333333,0.8333333333333334,1.0,0.9090909090909091,5,9,1,0,0.8909090909090909,27.207648243797824,33.73960803268004
agent_grid,1027,15,10,0.3,MLP-Trust,0.9333333333333333,0.8333333333333334,1.0,0.9090909090909091,5,9,1,0,0.9318181818181818,28.162300660124732,35.19737434162148
agent_grid,1027,15,10,0.3,MTIM,0.8666666666666667,0.7142857142857143,1.0,0.8333333333333333,5,8,2,0,0.9272727272727272,38.21190350246606,65.64302682440086
agent_grid,1028,15,10,0.3,MFA,0.6666666666666666,0.5,0.4,0.4444444444444445,2,8,2,3,0.740909090909091,17.321726037697868,21.23055426373156
agent_grid,1028,15,10,0.3,FUBA,0.8666666666666667,1.0,0.6,0.7499999999999999,3,10,0,2,0.7681818181818182,19.31885847059717,23.365619705655703
agent_grid,1028,15,10,0.3,GALTrust,0.7333333333333333,1.0,0.2,0.33333333333333337,1,10,0,4,0.7454545454545455,32.589090190224546,43.67269962231979
agent_grid,1028,15,10,0.3,GDM-DTM,0.8,0.75,0.6,0.6666666666666665,3,9,1,2,0.7363636363636363,21.67890985810609,22.413212208957518
agent_grid,1028,15,10,0.3,LR-Trust,0.8,0.75,0.6,0.6666666666666665,3,9,1,2,0.8454545454545455,24.705674024447728,27.543721068862315
agent_grid,1028,15,10,0.3,MLP-Trust,0.8666666666666667,0.8,0.8,0.8000000000000002,4,9,1,1,0.8636363636363636,30.32881679834042,42.4630765264163
agent_grid,1028,15,10,0.3,MTIM,0.8666666666666667,0.8,0.8,0.8000000000000002,4,9,1,1,0.8090909090909091,38.92227293974743,66.39623643071641
agent_grid,1029,15,10,0.3,MFA,0.9333333333333333,1.0,0.8,0.888888888888889,4,10,0,1,0.7681818181818182,16.330029257565595,13.438446293730994
agent_grid,1029,15,10,0.3,FUBA,0.8666666666666667,0.8,0.8,0.8000000000000002,4,9,1,1,0.8772727272727273,20.663426888874103,26.8336644756933
agent_grid,1029,15,10,0.3,GALTrust,0.7333333333333333,1.0,0.2,0.33333333333333337,1,10,0,4,0.7363636363636363,34.408351196279895,48.217976793657414
agent_grid,1029,15,10,0.3,GDM-DTM,0.9333333333333333,1.0,0.8,0.888888888888889,4,10,0,1,0.8227272727272728,23.651853807973094,23.412670742744066
agent_grid,1029,15,10,0.3,LR-Trust,0.9333333333333333,1.0,0.8,0.888888888888889,4,10,0,1,0.8954545454545455,24.11741968811767,32.18908680258189
agent_grid,1029,15,10,0.3,MLP-Trust,0.9333333333333333,1.0,0.8,0.888888888888889,4,10,0,1,0.8681818181818182,28.444143188187518,39.99717434808378
agent_grid,1029,15,10,0.3,MTIM,1.0,1.0,1.0,1.0,5,10,0,0,0.95,37.82038478498561,72.71323684335123
agent_grid,1030,15,10,0.3,MFA,0.8,1.0,0.4,0.5714285714285715,2,10,0,3,0.759090909090909,18.542970347912657,9.791867535335294
agent_grid,1030,15,10,0.3,FUBA,1.0,1.0,1.0,1.0,5,10,0,0,0.8636363636363636,20.205386938615177,21.68792260726568
agent_grid,1030,15,10,0.3,GALTrust,0.6666666666666666,0.0,0.0,0.0,0,10,0,5,0.7136363636363636,34.89801644052489,44.57218363354466
agent_grid,1030,15,10,0.3,GDM-DTM,0.9333333333333333,1.0,0.8,0.888888888888889,4,10,0,1,0.8272727272727273,23.525445758147217,21.67511378289072
agent_grid,1030,15,10,0.3,LR-Trust,0.8,0.75,0.6,0.6666666666666665,3,9,1,2,0.8636363636363636,23.423343796412144,23.98280971305831
agent_grid,1030,15,10,0.3,MLP-Trust,0.9333333333333333,1.0,0.8,0.888888888888889,4,10,0,1,0.9181818181818182,27.229929129416554,41.254936483154395
agent_grid,1030,15,10,0.3,MTIM,1.0,1.0,1.0,1.0,5,10,0,0,0.9272727272727272,37.965726936159584,73.98684992464204
agent_grid,1031,15,10,0.3,MFA,0.8,0.6666666666666666,0.8,0.7272727272727272,4,8,2,1,0.7863636363636364,15.168670241734235,21.734514795329574
agent_grid,1031,15,10,0.3,FUBA,0.7333333333333333,0.6,0.6,0.6,3,8,2,2,0.8045454545454546,21.500494752507464,19.499825602280858
agent_grid,1031,15,10,0.3,GALTrust,0.8,1.0,0.4,0.5714285714285715,2,10,0,3,0.7818181818181819,34.54751481415803,42.635829879122284
agent_grid,1031,15,10,0.3,GDM-DTM,0.8,0.75,0.6,0.6666666666666665,3,9,1,2,0.8136363636363636,23.73468448618188,28.01975743808603
agent_grid,1031,15,10,0.3,LR-Trust,0.9333333333333333,0.8333333333333334,1.0,0.9090909090909091,5,9,1,0,0.8818181818181818,25.141563303362606,27.321806709141825
agent_grid,1031,15,10,0.3,MLP-Trust,0.9333333333333333,0.8333333333333334,1.0,0.9090909090909091,5,9,1,0,0.8909090909090909,28.50571653697031,41.05466753657948
agent_grid,1031,15,10,0.3,MTIM,0.9333333333333333,0.8333333333333334,1.0,0.9090909090909091,5,9,1,0,0.9227272727272727,43.6780486811674,64.19106205398987
agent_grid,1032,15,10,0.3,MFA,0.8666666666666667,0.8,0.8,0.8000000000000002,4,9,1,1,0.8045454545454546,16.545918065932014,19.067393870946585
agent_grid,1032,15,10,0.3,FUBA,0.8,0.75,0.6,0.6666666666666665,3,9,1,2,0.7863636363636364,24.28734958252152,27.222879386357658
agent_grid,1032,15,10,0.3,GALTrust,0.7333333333333333,1.0,0.2,0.33333333333333337,1,10,0,4,0.740909090909091,33.43218266654472,42.52741093944035
agent_grid,1032,15,10,0.3,GDM-DTM,0.8,0.75,0.6,0.6666666666666665,3,9,1,2,0.7636363636363637,18.93987308323605,30.83739993392641
agent_grid,1032,15,10,0.3,LR-Trust,0.9333333333333333,1.0,0.8,0.888888888888889,4,10,0,1,0.8272727272727273,23.33348280308578,25.968754994212603
agent_grid,1032,15,10,0.3,MLP-Trust,0.9333333333333333,1.0,0.8,0.888888888888889,4,10,0,1,0.8136363636363636,29.16364006873211,42.091575147121645
agent_grid,1032,15,10,0.3,MTIM,0.9333333333333333,1.0,0.8,0.888888888888889,4,10,0,1,0.8954545454545455,37.39117351417565,68.07429345582324
agent_grid,1033,15,10,0.3,MFA,0.6666666666666666,0.5,0.8,0.6153846153846154,4,6,4,1,0.8,16.134676948706048,15.437293082405565
agent_grid,1033,15,10,0.3,FUBA,0.8666666666666667,0.8,0.8,0.8000000000000002,4,9,1,1,0.8454545454545455,16.86292222323906,22.702960348115305
agent_grid,1033,15,10,0.3,GALTrust,0.8,1.0,0.4,0.5714285714285715,2,10,0,3,0.7545454545454545,34.33261336198516,47.02400365302007
agent_grid,1033,15,10,0.3,GDM-DTM,0.8666666666666667,0.7142857142857143,1.0,0.8333333333333333,5,8,2,0,0.8181818181818182,23.713191542623786,28.054243118054085
agent_grid,1033,15,10,0.3,LR-Trust,0.9333333333333333,1.0,0.8,0.888888888888889,4,10,0,1,0.8818181818181818,24.268501530948992,26.226424527658427
agent_grid,1033,15,10,0.3,MLP-Trust,0.9333333333333333,1.0,0.8,0.888888888888889,4,10,0,1,0.8727272727272727,30.073763578794765,43.00321387468656
agent_grid,1033,15,10,0.3,MTIM,0.9333333333333333,1.0,0.8,0.888888888888889,4,10,0,1,0.8818181818181818,36.98609395927847,69.99845509347321
agent_grid,1034,15,10,0.3,MFA,0.6666666666666666,0.5,0.8,0.6153846153846154,4,6,4,1,0.8454545454545455,14.07255154672464,11.689543413333169
agent_grid,1034,15,10,0.3,FUBA,0.8666666666666667,0.8,0.8,0.8000000000000002,4,9,1,1,0.7909090909090909,20.372812639657546,27.72389306830309
agent_grid,1034,15,10,0.3,GALTrust,0.8,1.0,0.4,0.5714285714285715,2,10,0,3,0.8,31.0230795186511,44.15702652945475
agent_grid,1034,15,10,0.3,GDM-DTM,1.0,1.0,1.0,1.0,5,10,0,0,0.8954545454545455,18.719668213694863,26.0253335400277
agent_grid,1034,15,10,0.3,LR-Trust,1.0,1.0,1.0,1.0,5,10,0,0,0.8772727272727273,26.131158020233478,31.61731164169278
agent_grid,1034,15,10,0.3,MLP-Trust,0.9333333333333333,0.8333333333333334,1.0,0.9090909090909091,5,9,1,0,0.9090909090909091,28.82610409874492,36.84152874897592
agent_grid,1034,15,10,0.3,MTIM,0.9333333333333333,0.8333333333333334,1.0,0.9090909090909091,5,9,1,0,0.9136363636363637,38.156843011146584,62.613948136328126
agent_grid,1035,15,10,0.3,MFA,0.8666666666666667,0.8,0.8,0.8000000000000002,4,9,1,1,0.8227272727272728,13.092530949037167,11.418133691924275
agent_grid,1035,15,10,0.3,FUBA,0.8,0.75,0.6,0.6666666666666665,3,9,1,2,0.7909090909090909,20.125936390934044,27.774770779137498
agent_grid,1035,15,10,0.3,GALTrust,0.8,1.0,0.4,0.5714285714285715,2,10,0,3,0.7636363636363637,33.86044133239919,45.003060638526605
agent_grid,1035,15,10,0.3,GDM-DTM,0.8666666666666667,0.8,0.8,0.8000000000000002,4,9,1,1,0.8272727272727273,25.844285734490022,23.283482155252365
agent_grid,1035,15,10,0.3,LR-Trust,0.9333333333333333,0.8333333333333334,1.0,0.9090909090909091,5,9,1,0,0.9045454545454545,25.287757440272546,27.952778817729012
agent_grid,1035,15,10,0.3,MLP-Trust,1.0,1.0,1.0,1.0,5,10,0,0,0.8954545454545455,32.51844541028095,42.987660543522196
agent_grid,1035,15,10,0.3,MTIM,1.0,1.0,1.0,1.0,5,10,0,0,0.9,39.22844983610001,65.48905248656956
agent_grid,1036,15,10,0.3,MFA,0.8,0.75,0.6,0.6666666666666665,3,9,1,2,0.8045454545454546,15.869726149006011,21.3185008941294
agent_grid,1036,15,10,0.3,FUBA,0.7333333333333333,0.5714285714285714,0.8,0.6666666666666666,4,7,3,1,0.7954545454545454,20.986163785640212,26.156890535078578
agent_grid,1036,15,10,0.3,GALTrust,0.8666666666666667,1.0,0.6,0.7499999999999999,3,10,0,2,0.7272727272727273,37.50515646855347,53.99639600088119
agent_grid,1036,15,10,0.3,GDM-DTM,0.8,0.6666666666666666,0.8,0.7272727272727272,4,8,2,1,0.7727272727272727,21.9759907342573,23.995504694165575
agent_grid,1036,15,10,0.3,LR-Trust,0.9333333333333333,1.0,0.8,0.888888888888889,4,10,0,1,0.8454545454545455,24.86703652115322,30.07730219616793
agent_grid,1036,15,10,0.3,MLP-Trust,0.9333333333333333,1.0,0.8,0.888888888888889,4,10,0,1,0.8363636363636363,26.607374140883604,51.9743660401187
agent_grid,1036,15,10,0.3,MTIM,0.9333333333333333,1.0,0.8,0.888888888888889,4,10,0,1,0.8409090909090909,37.6371070353975,76.88380680731268
agent_grid,1037,15,10,0.3,MFA,0.8666666666666667,0.8,0.8,0.8000000000000002,4,9,1,1,0.8181818181818182,15.628720082838878,15.896594948040063
agent_grid,1037,15,10,0.3,FUBA,0.6666666666666666,0.5,0.6,0.5454545454545454,3,7,3,2,0.7863636363636364,17.214230303064667,21.074888625430418
agent_grid,1037,15,10,0.3,GALTrust,0.8,1.0,0.4,0.5714285714285715,2,10,0,3,0.7863636363636364,36.68920335853237,49.33556859902686
agent_grid,1037,15,10,0.3,GDM-DTM,0.8,0.6666666666666666,0.8,0.7272727272727272,4,8,2,1,0.8772727272727273,22.253959737260722,17.248459191280126
agent_grid,1037,15,10,0.3,LR-Trust,0.8,0.6666666666666666,0.8,0.7272727272727272,4,8,2,1,0.8727272727272727,21.509041076567016,23.392389645832584
agent_grid,1037,15,10,0.3,MLP-Trust,0.9333333333333333,1.0,0.8,0.888888888888889,4,10,0,1,0.9090909090909091,31.270587274882907,40.145881996215735
agent_grid,1037,15,10,0.3,MTIM,0.9333333333333333,1.0,0.8,0.888888888888889,4,10,0,1,0.9227272727272727,37.41954430587606,70.25491547409793
agent_grid,1038,15,10,0.3,MFA,0.8,0.75,0.6,0.6666666666666665,3,9,1,2,0.8090909090909091,13.148804837575545,18.0762708601057
agent_grid,1038,15,10,0.3,FUBA,0.9333333333333333,1.0,0.8,0.888888888888889,4,10,0,1,0.8045454545454546,20.065050087947586,19.208953687081582
agent_grid,1038,15,10,0.3,GALTrust,0.7333333333333333,1.0,0.2,0.33333333333333337,1,10,0,4,0.7772727272727272,32.85214511037761,39.953957325910515
agent_grid,1038,15,10,0.3,GDM-DTM,0.9333333333333333,0.8333333333333334,1.0,0.9090909090909091,5,9,1,0,0.85,22.630864311681844,24.782787133186513
agent_grid,1038,15,10,0.3,LR-Trust,0.9333333333333333,1.0,0.8,0.888888888888889,4,10,0,1,0.8909090909090909,23.51566301199317,30.247132376685556
agent_grid,1038,15,10,0.3,MLP-Trust,1.0,1.0,1.0,1.0,5,10,0,0,0.9,24.070738160361685,41.59945545769618
agent_grid,1038,15,10,0.3,MTIM,1.0,1.0,1.0,1.0,5,10,0,0,0.9363636363636364,41.683891935343745,81.12072853311102
agent_grid,1039,15,10,0.3,MFA,0.8,0.6666666666666666,0.8,0.7272727272727272,4,8,2,1,0.8272727272727273,14.067149283645438,15.086326752844704
agent_grid,1039,15,10,0.3,FUBA,1.0,1.0,1.0,1.0,5,10,0,0,0.8954545454545455,18.295133123914272,13.575069880169957
agent_grid,1039,15,10,0.3,GALTrust,0.9333333333333333,1.0,0.8,0.888888888888889,4,10,0,1,0.8045454545454546,35.212433539987835,46.91198570539241
agent_grid,1039,15,10,0.3,GDM-DTM,1.0,1.0,1.0,1.0,5,10,0,0,0.8318181818181818,22.79326407403008,22.503856819024083
agent_grid,1039,15,10,0.3,LR-Trust,0.9333333333333333,0.8333333333333334,1.0,0.9090909090909091,5,9,1,0,0.8818181818181818,21.22328417797451,30.327103384369178
agent_grid,1039,15,10,0.3,MLP-Trust,1.0,1.0,1.0,1.0,5,10,0,0,0.8727272727272727,28.62802961705508,41.90220604517003
agent_grid,1039,15,10,0.3,MTIM,1.0,1.0,1.0,1.0,5,10,0,0,0.9,38.71184853693849,65.26569814294614
agent_grid,1040,15,10,0.3,MFA,0.9333333333333333,0.8333333333333334,1.0,0.9090909090909091,5,9,1,0,0.8727272727272727,16.568810590504434,17.463102985984555
agent_grid,1040,15,10,0.3,FUBA,0.9333333333333333,1.0,0.8,0.888888888888889,4,10,0,1,0.8136363636363636,20.669227747488435,22.816405183652567
agent_grid,1040,15,10,0.3,GALTrust,0.8666666666666667,1.0,0.6,0.7499999999999999,3,10,0,2,0.7954545454545454,32.44386244973338,34.44052367528734
agent_grid,1040,15,10,0.3,GDM-DTM,0.9333333333333333,1.0,0.8,0.888888888888889,4,10,0,1,0.8045454545454546,23.002541988020077,30.496920482545423
agent_grid,1040,15,10,0.3,LR-Trust,1.0,1.0,1.0,1.0,5,10,0,0,0.9272727272727272,26.35794719224815,27.036455779786085
agent_grid,1040,15,10,0.3,MLP-Trust,1.0,1.0,1.0,1.0,5,10,0,0,0.9136363636363637,27.11300509473792,38.947523955989446
agent_grid,1040,15,10,0.3,MTIM,1.0,1.0,1.0,1.0,5,10,0,0,0.9181818181818182,38.07670239862179,73.48597471095366
agent_grid,1041,15,10,0.3,MFA,0.7333333333333333,0.6,0.6,0.6,3,8,2,2,0.8227272727272728,14.836127668418042,14.586912093040356
agent_grid,1041,15,10,0.3,FUBA,0.9333333333333333,0.8333333333333334,1.0,0.9090909090909091,5,9,1,0,0.8409090909090909,20.30609341718392,18.763334375502563
agent_grid,1041,15,10,0.3,GALTrust,0.7333333333333333,1.0,0.2,0.33333333333333337,1,10,0,4,0.7,34.323692215392505,42.478834655265295
agent_grid,1041,15,10,0.3,GDM-DTM,0.8666666666666667,0.8,0.8,0.8000000000000002,4,9,1,1,0.7818181818181819,24.03950394456832,28.978728876644546
agent_grid,1041,15,10,0.3,LR-Trust,0.8666666666666667,1.0,0.6,0.7499999999999999,3,10,0,2,0.9045454545454545,21.91664223047984,30.042498168935737
agent_grid,1041,15,10,0.3,MLP-Trust,1.0,1.0,1.0,1.0,5,10,0,0,0.8954545454545455,25.65372357920032,43.64999574321322
agent_grid,1041,15,10,0.3,MTIM,1.0,1.0,1.0,1.0,5,10,0,0,0.9318181818181818,39.02370435302314,67.1205503417599
agent_grid,1042,15,10,0.3,MFA,0.8666666666666667,0.8,0.8,0.8000000000000002,4,9,1,1,0.8545454545454545,16.02230062570426,15.518524185388403
agent_grid,1042,15,10,0.3,FUBA,0.8,0.75,0.6,0.6666666666666665,3,9,1,2,0.8227272727272728,19.854005159867395,24.60586183356481
agent_grid,1042,15,10,0.3,GALTrust,0.8666666666666667,1.0,0.6,0.7499999999999999,3,10,0,2,0.8363636363636363,35.754709538501466,47.70375119526139
agent_grid,1042,15,10,0.3,GDM-DTM,0.7333333333333333,0.6,0.6,0.6,3,8,2,2,0.75,20.700642216637092,26.866624418670682
agent_grid,1042,15,10,0.3,LR-Trust,0.8666666666666667,0.8,0.8,0.8000000000000002,4,9,1,1,0.8909090909090909,23.955069542019523,24.57655937931092
agent_grid,1042,15,10,0.3,MLP-Trust,0.9333333333333333,1.0,0.8,0.888888888888889,4,10,0,1,0.8727272727272727,29.243140091780127,42.9515880030987
agent_grid,1042,15,10,0.3,MTIM,0.9333333333333333,1.0,0.8,0.888888888888889,4,10,0,1,0.8681818181818182,38.950994735918364,70.96112588945432
agent_grid,1043,15,10,0.3,MFA,0.9333333333333333,1.0,0.8,0.888888888888889,4,10,0,1,0.8,16.24398753994632,21.21097649346283
agent_grid,1043,15,10,0.3,FUBA,0.8666666666666667,0.8,0.8,0.8000000000000002,4,9,1,1,0.8545454545454545,19.110454435881437,21.334622145785847
agent_grid,1043,15,10,0.3,GALTrust,0.8,1.0,0.4,0.5714285714285715,2,10,0,3,0.7727272727272727,33.18248664409274,51.91758482138761
agent_grid,1043,15,10,0.3,GDM-DTM,0.9333333333333333,1.0,0.8,0.888888888888889,4,10,0,1,0.85,23.694210051990453,26.686246065226513
agent_grid,1043,15,10,0.3,LR-Trust,0.9333333333333333,1.0,0.8,0.888888888888889,4,10,0,1,0.8363636363636363,24.614265594970437,33.14183668635439
agent_grid,1043,15,10,0.3,MLP-Trust,0.9333333333333333,1.0,0.8,0.888888888888889,4,10,0,1,0.8545454545454545,25.26511363267936,38.105623314533695
agent_grid,1043,15,10,0.3,MTIM,0.9333333333333333,1.0,0.8,0.888888888888889,4,10,0,1,0.8818181818181818,36.86124374615017,62.1506944322719
agent_grid,1044,15,10,0.3,MFA,0.8,0.75,0.6,0.6666666666666665,3,9,1,2,0.7818181818181819,12.781671232438093,13.679717748576214
agent_grid,1044,15,10,0.3,FUBA,1.0,1.0,1.0,1.0,5,10,0,0,0.8954545454545455,20.826798542976032,19.3354266011594
agent_grid,1044,15,10,0.3,GALTrust,0.8,1.0,0.4,0.5714285714285715,2,10,0,3,0.7954545454545454,35.59080971407276,46.54888722368573
agent_grid,1044,15,10,0.3,GDM-DTM,0.9333333333333333,0.8333333333333334,1.0,0.9090909090909091,5,9,1,0,0.8727272727272727,23.812408654345788,30.737135631301335
agent_grid,1044,15,10,0.3,LR-Trust,1.0,1.0,1.0,1.0,5,10,0,0,0.9045454545454545,26.318049687756808,28.86468761113225
agent_grid,1044,15,10,0.3,MLP-Trust,1.0,1.0,1.0,1.0,5,10,0,0,0.8909090909090909,25.31688805487442,44.91529361661
agent_grid,1044,15,10,0.3,MTIM,1.0,1.0,1.0,1.0,5,10,0,0,0.9363636363636364,40.423605234169834,69.47495779997661
agent_grid,1045,15,10,0.3,MFA,0.9333333333333333,1.0,0.8,0.888888888888889,4,10,0,1,0.8136363636363636,13.064474751916572,8.954292612128437
agent_grid,1045,15,10,0.3,FUBA,0.8,0.6666666666666666,0.8,0.7272727272727272,4,8,2,1,0.7818181818181819,19.110621106564793,29.618803956075727
agent_grid,1045,15,10,0.3,GALTrust,0.8,1.0,0.4,0.5714285714285715,2,10,0,3,0.7818181818181819,37.282148814239655,43.94840551771725
agent_grid,1045,15,10,0.3,GDM-DTM,0.7333333333333333,0.6,0.6,0.6,3,8,2,2,0.7954545454545454,24.02010307315166,25.335876542876928
agent_grid,1045,15,10,0.3,LR-Trust,0.9333333333333333,1.0,0.8,0.888888888888889,4,10,0,1,0.8727272727272727,25.929415779836596,30.10543969356638
agent_grid,1045,15,10,0.3,MLP-Trust,0.9333333333333333,0.8333333333333334,1.0,0.9090909090909091,5,9,1,0,0.8863636363636364,29.9755249807413,42.35759216788901
agent_grid,1045,15,10,0.3,MTIM,0.9333333333333333,0.8333333333333334,1.0,0.9090909090909091,5,9,1,0,0.95,41.451460280289034,70.04722801901563
agent_grid,1046,15,10,0.3,MFA,0.8666666666666667,1.0,0.6,0.7499999999999999,3,10,0,2,0.7909090909090909,13.49890932590791,25.75381752912663
agent_grid,1046,15,10,0.3,FUBA,0.8,0.6666666666666666,0.8,0.7272727272727272,4,8,2,1,0.8409090909090909,21.410077569163803,18.74180672028609
agent_grid,1046,15,10,0.3,GALTrust,0.8666666666666667,1.0,0.6,0.7499999999999999,3,10,0,2,0.8045454545454546,34.61413113136028,44.30100356625045
agent_grid,1046,15,10,0.3,GDM-DTM,0.8,0.6666666666666666,0.8,0.7272727272727272,4,8,2,1,0.8318181818181818,21.32050486241332,24.84799228398203
agent_grid,1046,15,10,0.3,LR-Trust,0.8666666666666667,0.8,0.8,0.8000000000000002,4,9,1,1,0.9090909090909091,26.496202524533718,26.06928023806773
agent_grid,1046,15,10,0.3,MLP-Trust,1.0,1.0,1.0,1.0,5,10,0,0,0.9,29.958078195441857,43.590127993161424
agent_grid,1046,15,10,0.3,MTIM,1.0,1.0,1.0,1.0,5,10,0,0,0.9272727272727272,42.04130891480335,67.39071632787308
agent_grid,1047,15,10,0.3,MFA,0.8,0.75,0.6,0.6666666666666665,3,9,1,2,0.8,13.743422000164816,17.082678131741687
agent_grid,1047,15,10,0.3,FUBA,0.8666666666666667,1.0,0.6,0.7499999999999999,3,10,0,2,0.7636363636363637,20.588590285844866,22.725026019744114
agent_grid,1047,15,10,0.3,GALTrust,0.8,1.0,0.4,0.5714285714285715,2,10,0,3,0.759090909090909,35.91392455124445,47.936105818792285
agent_grid,1047,15,10,0.3,GDM-DTM,0.8,0.6666666666666666,0.8,0.7272727272727272,4,8,2,1,0.8045454545454546,24.63645379247053,27.570114881764553
agent_grid,1047,15,10,0.3,LR-Trust,0.8666666666666667,0.8,0.8,0.8000000000000002,4,9,1,1,0.8636363636363636,25.045388255521416,32.44136198714826
agent_grid,1047,15,10,0.3,MLP-Trust,0.8666666666666667,0.8,0.8,0.8000000000000002,4,9,1,1,0.8363636363636363,25.750826706219655,47.190353371124104
agent_grid,1047,15,10,0.3,MTIM,0.8666666666666667,0.8,0.8,0.8000000000000002,4,9,1,1,0.8545454545454545,36.98425325879854,64.40181177354722
agent_grid,1048,15,10,0.3,MFA,0.8666666666666667,0.8,0.8,0.8000000000000002,4,9,1,1,0.8363636363636363,12.525259414971817,11.177629031285132
agent_grid,1048,15,10,0.3,FUBA,0.8,0.625,1.0,0.7692307692307693,5,7,3,0,0.9,18.04280977882424,23.773534485996766
agent_grid,1048,15,10,0.3,GALTrust,0.8666666666666667,1.0,0.6,0.7499999999999999,3,10,0,2,0.759090909090909,34.91755667449651,47.50854607747449
agent_grid,1048,15,10,0.3,GDM-DTM,0.8666666666666667,0.8,0.8,0.8000000000000002,4,9,1,1,0.8090909090909091,21.233544680421833,29.26185078771119
agent_grid,1048,15,10,0.3,LR-Trust,0.9333333333333333,1.0,0.8,0.888888888888889,4,10,0,1,0.8636363636363636,24.566179339549013,36.945969216454586
agent_grid,1048,15,10,0.3,MLP-Trust,0.8666666666666667,0.8,0.8,0.8000000000000002,4,9,1,1,0.8636363636363636,28.750010830963223,41.61367718301942
agent_grid,1048,15,10,0.3,MTIM,0.8666666666666667,0.8,0.8,0.8000000000000002,4,9,1,1,0.8863636363636364,37.62283276204429,75.1239080552582
agent_grid,1049,15,10,0.3,MFA,0.8666666666666667,1.0,0.6,0.7499999999999999,3,10,0,2,0.7863636363636364,15.438052040204507,15.55455005685543
agent_grid,1049,15,10,0.3,FUBA,0.8,1.0,0.4,0.5714285714285715,2,10,0,3,0.7727272727272727,20.001346709726306,21.031022674198205
agent_grid,1049,15,10,0.3,GALTrust,0.6666666666666666,0.0,0.0,0.0,0,10,0,5,0.7227272727272728,34.137400510212196,41.48398805716052
agent_grid,1049,15,10,0.3,GDM-DTM,0.8,1.0,0.4,0.5714285714285715,2,10,0,3,0.7863636363636364,22.98593635325064,31.09063657945711
agent_grid,1049,15,10,0.3,LR-Trust,0.8666666666666667,1.0,0.6,0.7499999999999999,3,10,0,2,0.8318181818181818,22.86182557045013,40.04557060699612
agent_grid,1049,15,10,0.3,MLP-Trust,1.0,1.0,1.0,1.0,5,10,0,0,0.8090909090909091,28.213986207096326,43.71342264337308
agent_grid,1049,15,10,0.3,MTIM,1.0,1.0,1.0,1.0,5,10,0,0,0.9454545454545454,37.93104974660018,70.2897386952246
scalability,1000,30,10,0.3,MFA,0.8666666666666667,0.7777777777777778,0.7777777777777778,0.7777777777777778,7,19,2,2,0.7909090909090909,12.08970404865283,17.76254874914774
scalability,1000,30,10,0.3,FUBA,0.9,0.8,0.8888888888888888,0.8421052631578948,8,19,2,1,0.8636363636363636,23.260109868243475,18.22614960529829
scalability,1000,30,10,0.3,GALTrust,0.7333333333333333,1.0,0.1111111111111111,0.19999999999999998,1,21,0,8,0.7454545454545455,35.15351697516844,48.69557789792779
scalability,1000,30,10,0.3,GDM-DTM,0.8333333333333334,0.75,0.6666666666666666,0.7058823529411765,6,19,2,3,0.8181818181818182,25.33210569160103,35.18500358994451
scalability,1000,30,10,0.3,LR-Trust,0.9666666666666667,1.0,0.8888888888888888,0.9411764705882353,8,21,0,1,0.8818181818181818,27.890340264824403,37.56555287921463
scalability,1000,30,10,0.3,MLP-Trust,1.0,1.0,1.0,1.0,9,21,0,0,0.9272727272727272,28.37985145797488,45.20715227086748
scalability,1000,30,10,0.3,MTIM,1.0,1.0,1.0,1.0,9,21,0,0,0.9318181818181818,44.903957966095405,95.30493089559924
scalability,1001,30,10,0.3,MFA,0.8,0.8,0.4444444444444444,0.5714285714285714,4,20,1,5,0.7636363636363637,15.720837727514537,12.070635914843278
scalability,1001,30,10,0.3,FUBA,0.8666666666666667,1.0,0.5555555555555556,0.7142857142857143,5,21,0,4,0.7772727272727272,22.14528560384071,25.4790019188517
scalability,1001,30,10,0.3,GALTrust,0.8,1.0,0.3333333333333333,0.5,3,21,0,6,0.7818181818181819,39.967190372895736,45.966264435830766
scalability,1001,30,10,0.3,GDM-DTM,0.8,0.6666666666666666,0.6666666666666666,0.6666666666666666,6,18,3,3,0.8,24.50068731042615,25.27453071787756
scalability,1001,30,10,0.3,LR-Trust,0.8333333333333334,0.8333333333333334,0.5555555555555556,0.6666666666666667,5,20,1,4,0.8181818181818182,28.598945154917853,35.92535084034854
scalability,1001,30,10,0.3,MLP-Trust,0.9,1.0,0.6666666666666666,0.8,6,21,0,3,0.8181818181818182,33.24606298188154,38.22921942768322
scalability,1001,30,10,0.3,MTIM,0.9,1.0,0.6666666666666666,0.8,6,21,0,3,0.8363636363636363,47.09989396159927,98.6288446264563
scalability,1002,30,10,0.3,MFA,0.8333333333333334,1.0,0.4444444444444444,0.6153846153846153,4,21,0,5,0.7772727272727272,11.92488216170383,17.192557434381758
scalability,1002,30,10,0.3,FUBA,0.9,0.875,0.7777777777777778,0.823529411764706,7,20,1,2,0.8545454545454545,20.504795254485906,27.26265682684919
scalability,1002,30,10,0.3,GALTrust,0.7666666666666667,1.0,0.2222222222222222,0.3636363636363636,2,21,0,7,0.7909090909090909,36.56229238680196,43.13776878124782
scalability,1002,30,10,0.3,GDM-DTM,0.9,1.0,0.6666666666666666,0.8,6,21,0,3,0.8227272727272728,20.857248661487148,33.04869070515658
scalability,1002,30,10,0.3,LR-Trust,1.0,1.0,1.0,1.0,9,21,0,0,0.9,26.654937900442295,37.08528774988009
scalability,1002,30,10,0.3,MLP-Trust,1.0,1.0,1.0,1.0,9,21,0,0,0.9,32.97505318290454,44.286946541534775
scalability,1002,30,10,0.3,MTIM,0.9666666666666667,0.9,1.0,0.9473684210526316,9,20,1,0,0.9227272727272727,43.10251169862608,91.4622802760552
scalability,1003,30,10,0.3,MFA,0.7666666666666667,0.625,0.5555555555555556,0.5882352941176471,5,18,3,4,0.7636363636363637,11.820200404503332,20.138528434588718
scalability,1003,30,10,0.3,FUBA,0.9333333333333333,1.0,0.7777777777777778,0.8750000000000001,7,21,0,2,0.8454545454545455,18.934344168678987,26.306574633836835
scalability,1003,30,10,0.3,GALTrust,0.8,1.0,0.3333333333333333,0.5,3,21,0,6,0.7636363636363637,37.21361368036595,52.093023927064074
scalability,1003,30,10,0.3,GDM-DTM,0.8666666666666667,0.8571428571428571,0.6666666666666666,0.75,6,20,1,3,0.7863636363636364,24.759332230681235,32.82323570164165
scalability,1003,30,10,0.3,LR-Trust,0.8666666666666667,0.8571428571428571,0.6666666666666666,0.75,6,20,1,3,0.8363636363636363,26.73737768151386,28.63667066852164
scalability,1003,30,10,0.3,MLP-Trust,0.9333333333333333,1.0,0.7777777777777778,0.8750000000000001,7,21,0,2,0.8590909090909091,32.93884377152057,42.5469510727094
scalability,1003,30,10,0.3,MTIM,0.9333333333333333,1.0,0.7777777777777778,0.8750000000000001,7,21,0,2,0.8636363636363636,42.63125927844149,89.92277682751559
scalability,1004,30,10,0.3,MFA,0.8,0.6666666666666666,0.6666666666666666,0.6666666666666666,6,18,3,3,0.8454545454545455,17.62938673349692,10.688164752300473
scalability,1004,30,10,0.3,FUBA,0.7666666666666667,0.6,0.6666666666666666,0.631578947368421,6,17,4,3,0.8045454545454546,22.099595214027083,22.79906825624043
scalability,1004,30,10,0.3,GALTrust,0.7666666666666667,1.0,0.2222222222222222,0.3636363636363636,2,21,0,7,0.7227272727272728,36.00868666755854,51.60701765219579
scalability,1004,30,10,0.3,GDM-DTM,0.7666666666666667,0.5833333333333334,0.7777777777777778,0.6666666666666666,7,16,5,2,0.8045454545454546,27.252591767325185,31.825180657425733
scalability,1004,30,10,0.3,LR-Trust,0.8666666666666667,0.7272727272727273,0.8888888888888888,0.7999999999999999,8,18,3,1,0.8681818181818182,27.13566428983601,37.842655971313945
scalability,1004,30,10,0.3,MLP-Trust,0.9333333333333333,0.8888888888888888,0.8888888888888888,0.8888888888888888,8,20,1,1,0.8545454545454545,31.440838580551365,46.484811223729594
scalability,1004,30,10,0.3,MTIM,0.9333333333333333,0.8888888888888888,0.8888888888888888,0.8888888888888888,8,20,1,1,0.8909090909090909,44.10060633132226,94.17955387126652
scalability,1005,30,10,0.3,MFA,0.7,0.5,0.4444444444444444,0.47058823529411764,4,17,4,5,0.7818181818181819,16.380517481524553,17.12532749312802
scalability,1005,30,10,0.3,FUBA,0.8,0.7142857142857143,0.5555555555555556,0.6250000000000001,5,19,2,4,0.7454545454545455,19.536292544378597,20.51449618298913
scalability,1005,30,10,0.3,GALTrust,0.8,1.0,0.3333333333333333,0.5,3,21,0,6,0.75,37.325358940021665,49.70785025202531
scalability,1005,30,10,0.3,GDM-DTM,0.7,0.5,0.4444444444444444,0.47058823529411764,4,17,4,5,0.7727272727272727,22.559417415088994,27.322929215131893
scalability,1005,30,10,0.3,LR-Trust,0.8333333333333334,0.7,0.7777777777777778,0.7368421052631577,7,18,3,2,0.8409090909090909,26.29135901061401,27.135509228010438
scalability,1005,30,10,0.3,MLP-Trust,0.9,0.8,0.8888888888888888,0.8421052631578948,8,19,2,1,0.8863636363636364,31.314837510985303,44.21565909238317
scalability,1005,30,10,0.3,MTIM,0.8666666666666667,0.7272727272727273,0.8888888888888888,0.7999999999999999,8,18,3,1,0.8954545454545455,47.18370534778408,97.34136429320714
scalability,1006,30,10,0.3,MFA,0.8666666666666667,0.7777777777777778,0.7777777777777778,0.7777777777777778,7,19,2,2,0.8363636363636363,16.785106516927627,17.85261358869017
scalability,1006,30,10,0.3,FUBA,0.8,0.6666666666666666,0.6666666666666666,0.6666666666666666,6,18,3,3,0.8409090909090909,21.524154236855072,28.324114291912235
scalability,1006,30,10,0.3,GALTrust,0.8333333333333334,1.0,0.4444444444444444,0.6153846153846153,4,21,0,5,0.8090909090909091,39.96479359191283,45.215724171125174
scalability,1006,30,10,0.3,GDM-DTM,0.8666666666666667,0.7272727272727273,0.8888888888888888,0.7999999999999999,8,18,3,1,0.8681818181818182,25.814161222005378,32.316376239008356
scalability,1006,30,10,0.3,LR-Trust,0.8333333333333334,0.6666666666666666,0.8888888888888888,0.761904761904762,8,17,4,1,0.8727272727272727,28.01198552100185,33.875144424057126
scalability,1006,30,10,0.3,MLP-Trust,0.9333333333333333,0.8888888888888888,0.8888888888888888,0.8888888888888888,8,20,1,1,0.8772727272727273,28.97694676157425,45.84790925895443
scalability,1006,30,10,0.3,MTIM,0.9666666666666667,1.0,0.8888888888888888,0.9411764705882353,8,21,0,1,0.9272727272727272,45.50076505045124,100.69867786697795
scalability,1007,30,10,0.3,MFA,0.7333333333333333,0.6,0.3333333333333333,0.42857142857142855,3,19,2,6,0.7954545454545454,15.128194364098082,13.967842033486768
scalability,1007,30,10,0.3,FUBA,0.9333333333333333,0.8888888888888888,0.8888888888888888,0.8888888888888888,8,20,1,1,0.8181818181818182,18.839792708953382,25.700116951959377
scalability,1007,30,10,0.3,GALTrust,0.7666666666666667,1.0,0.2222222222222222,0.3636363636363636,2,21,0,7,0.7954545454545454,34.57145633759627,56.783378437473026
scalability,1007,30,10,0.3,GDM-DTM,0.8333333333333334,0.75,0.6666666666666666,0.7058823529411765,6,19,2,3,0.8181818181818182,28.169579640690223,31.854967425267134
scalability,1007,30,10,0.3,LR-Trust,0.9333333333333333,0.8181818181818182,1.0,0.9,9,19,2,0,0.9227272727272727,28.094158723140534,30.83423336881813
scalability,1007,30,10,0.3,MLP-Trust,0.9666666666666667,0.9,1.0,0.9473684210526316,9,20,1,0,0.9227272727272727,30.850492291069777,46.033485340304324
scalability,1007,30,10,0.3,MTIM,0.9666666666666667,0.9,1.0,0.9473684210526316,9,20,1,0,0.8727272727272727,46.06360629842454,99.43163030383437
scalability,1008,30,10,0.3,MFA,0.7666666666666667,0.6666666666666666,0.4444444444444444,0.5333333333333333,4,19,2,5,0.7909090909090909,18.48802259745228,16.912594379330294
scalability,1008,30,10,0.3,FUBA,0.8,0.6363636363636364,0.7777777777777778,0.7000000000000001,7,17,4,2,0.7863636363636364,23.617194952002052,24.606554711436203
scalability,1008,30,10,0.3,GALTrust,0.7333333333333333,1.0,0.1111111111111111,0.19999999999999998,1,21,0,8,0.7772727272727272,39.616519450613296,46.06694674770481
scalability,1008,30,10,0.3,GDM-DTM,0.8333333333333334,0.75,0.6666666666666666,0.7058823529411765,6,19,2,3,0.8136363636363636,24.686028540869177,33.634730218869386
scalability,1008,30,10,0.3,LR-Trust,0.8333333333333334,0.8333333333333334,0.5555555555555556,0.6666666666666667,5,20,1,4,0.8045454545454546,27.112849569912925,37.44514913056416
scalability,1008,30,10,0.3,MLP-Trust,0.9333333333333333,1.0,0.7777777777777778,0.8750000000000001,7,21,0,2,0.8863636363636364,30.756409512490187,49.593734105006774
scalability,1008,30,10,0.3,MTIM,0.9333333333333333,1.0,0.7777777777777778,0.8750000000000001,7,21,0,2,0.8954545454545455,43.84612203342146,86.87532334598615
scalability,1009,30,10,0.3,MFA,0.7666666666666667,0.6,0.6666666666666666,0.631578947368421,6,17,4,3,0.85,20.20348234933342,14.148996404004297
scalability,1009,30,10,0.3,FUBA,0.9333333333333333,0.8888888888888888,0.8888888888888888,0.8888888888888888,8,20,1,1,0.85,20.55139347720934,26.885659569857367
scalability,1009,30,10,0.3,GALTrust,0.7333333333333333,1.0,0.1111111111111111,0.19999999999999998,1,21,0,8,0.8181818181818182,40.11536402964701,50.74876474814481
scalability,1009,30,10,0.3,GDM-DTM,0.7333333333333333,0.5454545454545454,0.6666666666666666,0.6,6,16,5,3,0.7727272727272727,24.172490904517264,33.08247351311036
scalability,1009,30,10,0.3,LR-Trust,0.9333333333333333,0.8888888888888888,0.8888888888888888,0.8888888888888888,8,20,1,1,0.8727272727272727,26.063090729377738,29.991375237397605
scalability,1009,30,10,0.3,MLP-Trust,0.9333333333333333,0.8888888888888888,0.8888888888888888,0.8888888888888888,8,20,1,1,0.8681818181818182,35.685306131200136,45.53002880500666
scalability,1009,30,10,0.3,MTIM,0.9333333333333333,0.8888888888888888,0.8888888888888888,0.8888888888888888,8,20,1,1,0.9227272727272727,43.02519167462133,92.89930915970305
scalability,1010,30,10,0.3,MFA,0.7666666666666667,0.625,0.5555555555555556,0.5882352941176471,5,18,3,4,0.8045454545454546,17.731504428091675,17.138688110917812
scalability,1010,30,10,0.3,FUBA,0.8333333333333334,0.7,0.7777777777777778,0.7368421052631577,7,18,3,2,0.8545454545454545,23.501431029753252,18.66965134318243
scalability,1010,30,10,0.3,GALTrust,0.7333333333333333,0.6666666666666666,0.2222222222222222,0.3333333333333333,2,20,1,7,0.75,38.34626004285072,55.456534883840526
scalability,1010,30,10,0.3,GDM-DTM,0.8,0.6153846153846154,0.8888888888888888,0.7272727272727274,8,16,5,1,0.8227272727272728,24.021093407237498,27.894354342258445
scalability,1010,30,10,0.3,LR-Trust,1.0,1.0,1.0,1.0,9,21,0,0,0.9136363636363637,27.0628895194694,38.645385139345464
scalability,1010,30,10,0.3,MLP-Trust,0.9666666666666667,0.9,1.0,0.9473684210526316,9,20,1,0,0.9227272727272727,31.38189729009615,42.2090780901782
scalability,1010,30,10,0.3,MTIM,0.9333333333333333,0.8888888888888888,0.8888888888888888,0.8888888888888888,8,20,1,1,0.9136363636363637,47.438147624371865,94.97401976769356
scalability,1011,30,10,0.3,MFA,0.8,0.6363636363636364,0.7777777777777778,0.7000000000000001,7,17,4,2,0.8272727272727273,18.98295030698589,12.792711040723551
scalability,1011,30,10,0.3,FUBA,0.8333333333333334,0.75,0.6666666666666666,0.7058823529411765,6,19,2,3,0.7954545454545454,26.65864951353161,24.727973482351914
scalability,1011,30,10,0.3,GALTrust,0.7666666666666667,1.0,0.2222222222222222,0.3636363636363636,2,21,0,7,0.8272727272727273,40.775811862429954,51.070502505011895
scalability,1011,30,10,0.3,GDM-DTM,0.8333333333333334,0.6666666666666666,0.8888888888888888,0.761904761904762,8,17,4,1,0.8181818181818182,26.422748935013757,37.43426516226962
scalability,1011,30,10,0.3,LR-Trust,0.9,0.75,1.0,0.8571428571428571,9,18,3,0,0.8772727272727273,25.86677463817192,32.112616466248426
scalability,1011,30,10,0.3,MLP-Trust,0.9,0.8,0.8888888888888888,0.8421052631578948,8,19,2,1,0.8545454545454545,32.95624181350381,48.86941336132704
scalability,1011,30,10,0.3,MTIM,0.9333333333333333,0.8181818181818182,1.0,0.9,9,19,2,0,0.9227272727272727,46.18764735076181,94.14877714270817
scalability,1012,30,10,0.3,MFA,0.8333333333333334,0.8333333333333334,0.5555555555555556,0.6666666666666667,5,20,1,4,0.8636363636363636,15.757702723934695,23.585884756324784
scalability,1012,30,10,0.3,FUBA,0.8333333333333334,0.75,0.6666666666666666,0.7058823529411765,6,19,2,3,0.8454545454545455,19.141895269455816,22.551151376839098
scalability,1012,30,10,0.3,GALTrust,0.8,1.0,0.3333333333333333,0.5,3,21,0,6,0.7863636363636364,38.289525438913124,52.96589927690321
scalability,1012,30,10,0.3,GDM-DTM,0.7666666666666667,0.6,0.6666666666666666,0.631578947368421,6,17,4,3,0.8318181818181818,23.874613160487897,30.093019310412366
scalability,1012,30,10,0.3,LR-Trust,0.9333333333333333,0.8888888888888888,0.8888888888888888,0.8888888888888888,8,20,1,1,0.85,26.058132494508286,39.431209175382115
scalability,1012,30,10,0.3,MLP-Trust,0.9666666666666667,0.9,1.0,0.9473684210526316,9,20,1,0,0.9045454545454545,33.35465373929553,41.48426794675357
scalability,1012,30,10,0.3,MTIM,0.9666666666666667,0.9,1.0,0.9473684210526316,9,20,1,0,0.9136363636363637,47.18818087600943,94.74907056620583
scalability,1013,30,10,0.3,MFA,0.9,0.875,0.7777777777777778,0.823529411764706,7,20,1,2,0.8045454545454546,14.864528437061457,20.53080990631678
scalability,1013,30,10,0.3,FUBA,0.9,0.875,0.7777777777777778,0.823529411764706,7,20,1,2,0.8136363636363636,23.731519465376216,26.189054270580364
scalability,1013,30,10,0.3,GALTrust,0.8666666666666667,1.0,0.5555555555555556,0.7142857142857143,5,21,0,4,0.8318181818181818,36.31012109925613,48.33203858842889
scalability,1013,30,10,0.3,GDM-DTM,0.8666666666666667,0.7272727272727273,0.8888888888888888,0.7999999999999999,8,18,3,1,0.8363636363636363,25.824069411411614,27.89797029739263
scalability,1013,30,10,0.3,LR-Trust,0.9333333333333333,0.8888888888888888,0.8888888888888888,0.8888888888888888,8,20,1,1,0.9045454545454545,26.35863450764832,31.61739240016797
scalability,1013,30,10,0.3,MLP-Trust,0.9333333333333333,0.8888888888888888,0.8888888888888888,0.8888888888888888,8,20,1,1,0.9045454545454545,31.582754313366586,47.70786439227002
scalability,1013,30,10,0.3,MTIM,0.9333333333333333,0.8888888888888888,0.8888888888888888,0.8888888888888888,8,20,1,1,0.8954545454545455,42.84997868220037,98.49638859954483
scalability,1014,30,10,0.3,MFA,0.7333333333333333,0.5714285714285714,0.4444444444444444,0.5,4,18,3,5,0.7727272727272727,17.72647415416185,20.773327032452784
scalability,1014,30,10,0.3,FUBA,0.8666666666666667,0.8571428571428571,0.6666666666666666,0.75,6,20,1,3,0.8045454545454546,22.237591962454623,26.34192143096644
scalability,1014,30,10,0.3,GALTrust,0.7666666666666667,1.0,0.2222222222222222,0.3636363636363636,2,21,0,7,0.740909090909091,41.87526320805997,50.52032323853328
scalability,1014,30,10,0.3,GDM-DTM,0.8,0.6363636363636364,0.7777777777777778,0.7000000000000001,7,17,4,2,0.8318181818181818,24.276444014409833,27.462785208730534
scalability,1014,30,10,0.3,LR-Trust,0.9,1.0,0.6666666666666666,0.8,6,21,0,3,0.8863636363636364,28.93272554905104,29.82388684780474
scalability,1014,30,10,0.3,MLP-Trust,0.9,1.0,0.6666666666666666,0.8,6,21,0,3,0.85,29.98345550636676,49.057924853904524
scalability,1014,30,10,0.3,MTIM,0.9,1.0,0.6666666666666666,0.8,6,21,0,3,0.8681818181818182,45.23584293574711,90.14889556344073
scalability,1015,30,10,0.3,MFA,0.7666666666666667,0.625,0.5555555555555556,0.5882352941176471,5,18,3,4,0.7818181818181819,13.968054033246634,18.780874982185793
scalability,1015,30,10,0.3,FUBA,0.8333333333333334,0.7,0.7777777777777778,0.7368421052631577,7,18,3,2,0.8227272727272728,18.93035330630024,27.166058540939517
scalability,1015,30,10,0.3,GALTrust,0.7333333333333333,0.6666666666666666,0.2222222222222222,0.3333333333333333,2,20,1,7,0.7363636363636363,40.366968657611324,49.42392797000105
scalability,1015,30,10,0.3,GDM-DTM,0.8333333333333334,0.75,0.6666666666666666,0.7058823529411765,6,19,2,3,0.8090909090909091,24.528769830062366,26.74262261774146
scalability,1015,30,10,0.3,LR-Trust,0.9333333333333333,0.8888888888888888,0.8888888888888888,0.8888888888888888,8,20,1,1,0.8909090909090909,27.688033617013193,34.16309264838985
scalability,1015,30,10,0.3,MLP-Trust,0.9333333333333333,1.0,0.7777777777777778,0.8750000000000001,7,21,0,2,0.8863636363636364,31.601040209522626,40.58816227018455
scalability,1015,30,10,0.3,MTIM,0.9333333333333333,1.0,0.7777777777777778,0.8750000000000001,7,21,0,2,0.8818181818181818,44.164314904491086,98.68949723952149
scalability,1016,30,10,0.3,MFA,0.8,0.7142857142857143,0.5555555555555556,0.6250000000000001,5,19,2,4,0.8318181818181818,16.534515955507324,27.109299944047443
scalability,1016,30,10,0.3,FUBA,0.8333333333333334,0.7,0.7777777777777778,0.7368421052631577,7,18,3,2,0.8090909090909091,19.822318149700084,23.741887730323324
scalability,1016,30,10,0.3,GALTrust,0.7666666666666667,1.0,0.2222222222222222,0.3636363636363636,2,21,0,7,0.7545454545454545,41.97683014567396,52.92353711439578
scalability,1016,30,10,0.3,GDM-DTM,0.8666666666666667,0.7777777777777778,0.7777777777777778,0.7777777777777778,7,19,2,2,0.8363636363636363,20.916156168750266,29.89185747088382
scalability,1016,30,10,0.3,LR-Trust,0.9,0.8,0.8888888888888888,0.8421052631578948,8,19,2,1,0.8681818181818182,27.412664293392158,32.56692393611723
scalability,1016,30,10,0.3,MLP-Trust,0.9333333333333333,0.8888888888888888,0.8888888888888888,0.8888888888888888,8,20,1,1,0.9,30.39607690183877,40.31446793001398
scalability,1016,30,10,0.3,MTIM,0.9333333333333333,0.8888888888888888,0.8888888888888888,0.8888888888888888,8,20,1,1,0.8727272727272727,44.26291963064276,97.99688240578882
scalability,1017,30,10,0.3,MFA,0.8,0.8,0.4444444444444444,0.5714285714285714,4,20,1,5,0.7954545454545454,16.09489277875484,18.471360230486848
scalability,1017,30,10,0.3,FUBA,0.7666666666666667,0.6,0.6666666666666666,0.631578947368421,6,17,4,3,0.8090909090909091,23.17179676003888,24.218603582452147
scalability,1017,30,10,0.3,GALTrust,0.7666666666666667,1.0,0.2222222222222222,0.3636363636363636,2,21,0,7,0.7681818181818182,38.38169443610427,52.08842976086703
scalability,1017,30,10,0.3,GDM-DTM,0.7,0.5,0.4444444444444444,0.47058823529411764,4,17,4,5,0.759090909090909,27.576472142137682,29.440662894805683
scalability,1017,30,10,0.3,LR-Trust,0.8666666666666667,0.7777777777777778,0.7777777777777778,0.7777777777777778,7,19,2,2,0.9136363636363637,27.60803702633789,40.951040089970185
scalability,1017,30,10,0.3,MLP-Trust,0.9,1.0,0.6666666666666666,0.8,6,21,0,3,0.8136363636363636,31.717390552203252,48.22835507367434
scalability,1017,30,10,0.3,MTIM,0.9333333333333333,1.0,0.7777777777777778,0.8750000000000001,7,21,0,2,0.9,45.57168976441133,92.65952854986503
scalability,1018,30,10,0.3,MFA,0.8,0.6363636363636364,0.7777777777777778,0.7000000000000001,7,17,4,2,0.7954545454545454,16.252040444347024,18.456248041111987
scalability,1018,30,10,0.3,FUBA,0.7666666666666667,0.625,0.5555555555555556,0.5882352941176471,5,18,3,4,0.7772727272727272,23.14783828816752,20.623511771218126
scalability,1018,30,10,0.3,GALTrust,0.8666666666666667,1.0,0.5555555555555556,0.7142857142857143,5,21,0,4,0.8318181818181818,37.592781600820956,46.12291699818671
scalability,1018,30,10,0.3,GDM-DTM,0.8333333333333334,0.7,0.7777777777777778,0.7368421052631577,7,18,3,2,0.8727272727272727,21.508223334064283,30.408626115827666
scalability,1018,30,10,0.3,LR-Trust,0.8666666666666667,0.7777777777777778,0.7777777777777778,0.7777777777777778,7,19,2,2,0.8863636363636364,25.627913703402616,33.53800072017606
scalability,1018,30,10,0.3,MLP-Trust,0.9333333333333333,0.8888888888888888,0.8888888888888888,0.8888888888888888,8,20,1,1,0.8727272727272727,34.239840946019335,58.922170964637786
scalability,1018,30,10,0.3,MTIM,0.9333333333333333,0.8888888888888888,0.8888888888888888,0.8888888888888888,8,20,1,1,0.9,41.63969481335106,94.46889514607456
scalability,1019,30,10,0.3,MFA,0.7666666666666667,0.625,0.5555555555555556,0.5882352941176471,5,18,3,4,0.8045454545454546,16.739127358029616,22.060713139132297
scalability,1019,30,10,0.3,FUBA,0.9,0.875,0.7777777777777778,0.823529411764706,7,20,1,2,0.8272727272727273,24.54564486542367,28.1940249255641
scalability,1019,30,10,0.3,GALTrust,0.7333333333333333,0.6666666666666666,0.2222222222222222,0.3333333333333333,2,20,1,7,0.7863636363636364,39.47782569719947,48.136842109744194
scalability,1019,30,10,0.3,GDM-DTM,0.8333333333333334,0.75,0.6666666666666666,0.7058823529411765,6,19,2,3,0.7863636363636364,25.647684287120562,30.1713967465985
scalability,1019,30,10,0.3,LR-Trust,0.9333333333333333,0.8888888888888888,0.8888888888888888,0.8888888888888888,8,20,1,1,0.8772727272727273,26.90559004969221,37.2521454283385
scalability,1019,30,10,0.3,MLP-Trust,0.9333333333333333,1.0,0.7777777777777778,0.8750000000000001,7,21,0,2,0.8772727272727273,28.714702641071014,48.22687936389057
scalability,1019,30,10,0.3,MTIM,0.9666666666666667,1.0,0.8888888888888888,0.9411764705882353,8,21,0,1,0.9045454545454545,42.24953992800498,85.50965237401206
scalability,1020,30,10,0.3,MFA,0.8666666666666667,1.0,0.5555555555555556,0.7142857142857143,5,21,0,4,0.8318181818181818,14.890071511458048,21.737062373547346
scalability,1020,30,10,0.3,FUBA,0.8333333333333334,0.75,0.6666666666666666,0.7058823529411765,6,19,2,3,0.8454545454545455,20.556014411609834,21.086533004368196
scalability,1020,30,10,0.3,GALTrust,0.7333333333333333,1.0,0.1111111111111111,0.19999999999999998,1,21,0,8,0.7181818181818181,38.32482562735593,51.28912735691225
scalability,1020,30,10,0.3,GDM-DTM,0.8666666666666667,0.7272727272727273,0.8888888888888888,0.7999999999999999,8,18,3,1,0.85,26.148652007436876,27.382388210199785
scalability,1020,30,10,0.3,LR-Trust,0.9333333333333333,0.8888888888888888,0.8888888888888888,0.8888888888888888,8,20,1,1,0.8863636363636364,29.525217854356583,33.51423895012555
scalability,1020,30,10,0.3,MLP-Trust,1.0,1.0,1.0,1.0,9,21,0,0,0.9363636363636364,27.19955331402079,41.107830036508524
scalability,1020,30,10,0.3,MTIM,1.0,1.0,1.0,1.0,9,21,0,0,0.9409090909090909,42.85813491937301,94.65976527473069
scalability,1021,30,10,0.3,MFA,0.8666666666666667,0.8571428571428571,0.6666666666666666,0.75,6,20,1,3,0.8136363636363636,14.110308754073754,14.086629274208487
scalability,1021,30,10,0.3,FUBA,0.7333333333333333,0.5555555555555556,0.5555555555555556,0.5555555555555556,5,17,4,4,0.8090909090909091,23.322333927107323,26.956376356579987
scalability,1021,30,10,0.3,GALTrust,0.7666666666666667,1.0,0.2222222222222222,0.3636363636363636,2,21,0,7,0.7136363636363636,39.49129981119096,51.76641411003668
scalability,1021,30,10,0.3,GDM-DTM,0.8333333333333334,0.7,0.7777777777777778,0.7368421052631577,7,18,3,2,0.8272727272727273,25.55761991193098,28.57910963417902
scalability,1021,30,10,0.3,LR-Trust,0.8333333333333334,0.75,0.6666666666666666,0.7058823529411765,6,19,2,3,0.8272727272727273,23.00715704142514,33.63396386337994
scalability,1021,30,10,0.3,MLP-Trust,0.9333333333333333,1.0,0.7777777777777778,0.8750000000000001,7,21,0,2,0.8727272727272727,30.31441900433783,48.88947692017987
scalability,1021,30,10,0.3,MTIM,0.9333333333333333,1.0,0.7777777777777778,0.8750000000000001,7,21,0,2,0.8590909090909091,40.35193881346603,99.0485373244541
scalability,1022,30,10,0.3,MFA,0.7666666666666667,0.625,0.5555555555555556,0.5882352941176471,5,18,3,4,0.7636363636363637,16.260133180132136,13.528927984909965
scalability,1022,30,10,0.3,FUBA,0.7333333333333333,0.5714285714285714,0.4444444444444444,0.5,4,18,3,5,0.7545454545454545,22.80999613949926,20.97742140281435
scalability,1022,30,10,0.3,GALTrust,0.7666666666666667,1.0,0.2222222222222222,0.3636363636363636,2,21,0,7,0.7545454545454545,39.68059218707361,51.85400198167225
scalability,1022,30,10,0.3,GDM-DTM,0.7666666666666667,0.6,0.6666666666666666,0.631578947368421,6,17,4,3,0.8181818181818182,26.0802228026541,25.977990526357942
scalability,1022,30,10,0.3,LR-Trust,0.8666666666666667,0.7272727272727273,0.8888888888888888,0.7999999999999999,8,18,3,1,0.8772727272727273,27.656826050027313,27.958041540934115
scalability,1022,30,10,0.3,MLP-Trust,0.9666666666666667,1.0,0.8888888888888888,0.9411764705882353,8,21,0,1,0.85,31.516325186256065,44.463407686945224
scalability,1022,30,10,0.3,MTIM,0.9666666666666667,1.0,0.8888888888888888,0.9411764705882353,8,21,0,1,0.9,45.38661207161161,95.67587307499436
scalability,1023,30,10,0.3,MFA,0.7666666666666667,0.625,0.5555555555555556,0.5882352941176471,5,18,3,4,0.8045454545454546,14.692480812192205,21.411670502350994
scalability,1023,30,10,0.3,FUBA,0.7333333333333333,0.5555555555555556,0.5555555555555556,0.5555555555555556,5,17,4,4,0.7636363636363637,21.046986006423154,20.749467691067277
scalability,1023,30,10,0.3,GALTrust,0.8,1.0,0.3333333333333333,0.5,3,21,0,6,0.7681818181818182,37.6730727535843,53.76044129579456
scalability,1023,30,10,0.3,GDM-DTM,0.9333333333333333,0.8888888888888888,0.8888888888888888,0.8888888888888888,8,20,1,1,0.8090909090909091,22.818538270359948,35.50144647849079
scalability,1023,30,10,0.3,LR-Trust,0.9666666666666667,1.0,0.8888888888888888,0.9411764705882353,8,21,0,1,0.85,29.050239106358887,34.16773804672867
scalability,1023,30,10,0.3,MLP-Trust,0.9333333333333333,0.8888888888888888,0.8888888888888888,0.8888888888888888,8,20,1,1,0.85,28.760141301817384,48.048125550068136
scalability,1023,30,10,0.3,MTIM,0.9333333333333333,0.8888888888888888,0.8888888888888888,0.8888888888888888,8,20,1,1,0.8727272727272727,44.91124772726901,86.51051981478189
scalability,1024,30,10,0.3,MFA,0.7666666666666667,0.6,0.6666666666666666,0.631578947368421,6,17,4,3,0.8181818181818182,17.39606254856116,14.688908448054793
scalability,1024,30,10,0.3,FUBA,0.7333333333333333,0.5555555555555556,0.5555555555555556,0.5555555555555556,5,17,4,4,0.7636363636363637,18.524356557297544,28.13899542693665
scalability,1024,30,10,0.3,GALTrust,0.7666666666666667,1.0,0.2222222222222222,0.3636363636363636,2,21,0,7,0.7181818181818181,39.361520524356465,51.49217334083524
scalability,1024,30,10,0.3,GDM-DTM,0.8,0.6363636363636364,0.7777777777777778,0.7000000000000001,7,17,4,2,0.7727272727272727,25.045850225610753,25.290326213877755
scalability,1024,30,10,0.3,LR-Trust,0.8,0.6666666666666666,0.6666666666666666,0.6666666666666666,6,18,3,3,0.8954545454545455,26.72474175891992,40.21338421176865
scalability,1024,30,10,0.3,MLP-Trust,0.9,0.8,0.8888888888888888,0.8421052631578948,8,19,2,1,0.9090909090909091,32.525666718182094,52.36151812901128
scalability,1024,30,10,0.3,MTIM,0.9,0.8,0.8888888888888888,0.8421052631578948,8,19,2,1,0.9227272727272727,47.36528400829136,91.82810667819695
scalability,1025,30,10,0.3,MFA,0.8333333333333334,0.75,0.6666666666666666,0.7058823529411765,6,19,2,3,0.7954545454545454,18.12338607103919,12.721991398877279
scalability,1025,30,10,0.3,FUBA,0.7666666666666667,0.6,0.6666666666666666,0.631578947368421,6,17,4,3,0.7954545454545454,24.419641744300282,20.820681549810885
scalability,1025,30,10,0.3,GALTrust,0.7333333333333333,1.0,0.1111111111111111,0.19999999999999998,1,21,0,8,0.7272727272727273,39.024915537776245,53.00609297469699
scalability,1025,30,10,0.3,GDM-DTM,0.7666666666666667,0.6,0.6666666666666666,0.631578947368421,6,17,4,3,0.8318181818181818,27.062361498266146,30.611605414550763
scalability,1025,30,10,0.3,LR-Trust,0.8,0.6363636363636364,0.7777777777777778,0.7000000000000001,7,17,4,2,0.8772727272727273,31.31828626950969,30.342818739448578
scalability,1025,30,10,0.3,MLP-Trust,0.9333333333333333,1.0,0.7777777777777778,0.8750000000000001,7,21,0,2,0.8409090909090909,29.871946854441198,46.05694762443968
scalability,1025,30,10,0.3,MTIM,0.9333333333333333,1.0,0.7777777777777778,0.8750000000000001,7,21,0,2,0.8772727272727273,47.72172603769786,101.23055426373156
scalability,1026,30,10,0.3,MFA,0.7333333333333333,0.5454545454545454,0.6666666666666666,0.6,6,16,5,3,0.7954545454545454,15.581568191906035,13.043962281291115
scalability,1026,30,10,0.3,FUBA,0.8,0.6666666666666666,0.6666666666666666,0.6666666666666666,6,18,3,3,0.7863636363636364,23.446155906116655,13.61424327649121
scalability,1026,30,10,0.3,GALTrust,0.7333333333333333,1.0,0.1111111111111111,0.19999999999999998,1,21,0,8,0.7545454545454545,41.018101924501124,58.664991846304915
scalability,1026,30,10,0.3,GDM-DTM,0.7666666666666667,0.6666666666666666,0.4444444444444444,0.5333333333333333,4,19,2,5,0.7954545454545454,26.285379512625166,27.78925058742801
scalability,1026,30,10,0.3,LR-Trust,0.9333333333333333,1.0,0.7777777777777778,0.8750000000000001,7,21,0,2,0.9227272727272727,27.45905945214029,32.2289025753589
scalability,1026,30,10,0.3,MLP-Trust,0.9666666666666667,1.0,0.8888888888888888,0.9411764705882353,8,21,0,1,0.8909090909090909,32.725798813162655,45.62211245690086
scalability,1026,30,10,0.3,MTIM,0.9333333333333333,0.8888888888888888,0.8888888888888888,0.8888888888888888,8,20,1,1,0.8818181818181818,46.73002925756559,93.43844629373099
scalability,1027,30,10,0.3,MFA,0.7333333333333333,0.6,0.3333333333333333,0.42857142857142855,3,19,2,6,0.8136363636363636,14.940372964093967,20.662213867855414
scalability,1027,30,10,0.3,FUBA,0.8666666666666667,0.8571428571428571,0.6666666666666666,0.75,6,20,1,3,0.8318181818181818,20.68222316372573,22.973999113610923
scalability,1027,30,10,0.3,GALTrust,0.7333333333333333,1.0,0.1111111111111111,0.19999999999999998,1,21,0,8,0.7727272727272727,35.24610306023362,46.86830185344158
scalability,1027,30,10,0.3,GDM-DTM,0.8,0.6666666666666666,0.6666666666666666,0.6666666666666666,6,18,3,3,0.7818181818181819,24.21992796621557,29.57617621155096
scalability,1027,30,10,0.3,LR-Trust,0.9666666666666667,1.0,0.8888888888888888,0.9411764705882353,8,21,0,1,0.8863636363636364,26.469746930538555,36.89859733312663
scalability,1027,30,10,0.3,MLP-Trust,0.9333333333333333,1.0,0.7777777777777778,0.8750000000000001,7,21,0,2,0.8727272727272727,32.36876687269413,41.81529826524971
scalability,1027,30,10,0.3,MTIM,0.9,0.875,0.7777777777777778,0.823529411764706,7,20,1,2,0.8636363636363636,48.942970347912656,89.7918675353353
scalability,1028,30,10,0.3,MFA,0.8333333333333334,0.7,0.7777777777777778,0.7368421052631577,7,18,3,2,0.8136363636363636,14.077049429628566,14.838604604911007
scalability,1028,30,10,0.3,FUBA,0.9,0.875,0.7777777777777778,0.823529411764706,7,20,1,2,0.85,22.547474157840778,21.580348083183576
scalability,1028,30,10,0.3,GALTrust,0.8,1.0,0.3333333333333333,0.5,3,21,0,6,0.8,38.3863796081697,51.663132207653696
scalability,1028,30,10,0.3,GDM-DTM,0.8666666666666667,0.8571428571428571,0.6666666666666666,0.75,6,20,1,3,0.7772727272727272,25.544008339329995,36.12132838674811
scalability,1028,30,10,0.3,LR-Trust,1.0,1.0,1.0,1.0,9,21,0,0,0.8863636363636364,24.242324747431617,30.989722275729733
scalability,1028,30,10,0.3,MLP-Trust,0.9,0.875,0.7777777777777778,0.823529411764706,7,20,1,2,0.8636363636363636,30.70795532246915,46.90746701272546
scalability,1028,30,10,0.3,MTIM,0.9666666666666667,0.9,1.0,0.9473684210526316,9,20,1,0,0.8863636363636364,45.56867024173423,101.73451479532957
scalability,1029,30,10,0.3,MFA,0.7,0.5,0.5555555555555556,0.5263157894736842,5,16,5,4,0.7363636363636363,17.609001745355457,8.945368336499381
scalability,1029,30,10,0.3,FUBA,0.7333333333333333,0.5555555555555556,0.5555555555555556,0.5555555555555556,5,17,4,4,0.8363636363636363,22.005643862856296,20.245052875492856
scalability,1029,30,10,0.3,GALTrust,0.8,0.8,0.4444444444444444,0.5714285714285714,4,20,1,5,0.7363636363636363,40.24645831906774,45.61218881352474
scalability,1029,30,10,0.3,GDM-DTM,0.8333333333333334,0.75,0.6666666666666666,0.7058823529411765,6,19,2,3,0.7954545454545454,26.77875028253412,36.22499162780807
scalability,1029,30,10,0.3,LR-Trust,0.9,0.8,0.8888888888888888,0.8421052631578948,8,19,2,1,0.8818181818181818,28.254205555611005,32.53856566248988
scalability,1029,30,10,0.3,MLP-Trust,0.9666666666666667,1.0,0.8888888888888888,0.9411764705882353,8,21,0,1,0.8590909090909091,32.16615430496714,49.010845847243814
scalability,1029,30,10,0.3,MTIM,0.9666666666666667,1.0,0.8888888888888888,0.9411764705882353,8,21,0,1,0.9318181818181818,46.94591806593201,99.06739387094659
scalability,1030,30,10,0.3,MFA,0.8333333333333334,0.7,0.7777777777777778,0.7368421052631577,7,18,3,2,0.8136363636363636,16.895020737285606,15.61980118534959
scalability,1030,30,10,0.3,FUBA,0.8,0.6363636363636364,0.7777777777777778,0.7000000000000001,7,17,4,2,0.8545454545454545,18.62070388681687,29.170896982538874
scalability,1030,30,10,0.3,GALTrust,0.7666666666666667,1.0,0.2222222222222222,0.3636363636363636,2,21,0,7,0.7818181818181819,39.34628230203003,56.61952553152558
scalability,1030,30,10,0.3,GDM-DTM,0.8,0.6363636363636364,0.7777777777777778,0.7000000000000001,7,17,4,2,0.8590909090909091,25.19337809713189,28.664851141474124
scalability,1030,30,10,0.3,LR-Trust,0.9333333333333333,0.8181818181818182,1.0,0.9,9,19,2,0,0.9,27.224966317815483,34.22267781945416
scalability,1030,30,10,0.3,MLP-Trust,0.9666666666666667,0.9,1.0,0.9473684210526316,9,20,1,0,0.9090909090909091,30.561499263232417,53.024533446095944
scalability,1030,30,10,0.3,MTIM,0.9333333333333333,0.8181818181818182,1.0,0.9,9,19,2,0,0.9318181818181818,46.53467694870604,95.43729308240556
scalability,1031,30,10,0.3,MFA,0.7666666666666667,0.625,0.5555555555555556,0.5882352941176471,5,18,3,4,0.7636363636363637,15.394046834237704,22.496723902391285
scalability,1031,30,10,0.3,FUBA,0.7666666666666667,0.625,0.5555555555555556,0.5882352941176471,5,18,3,4,0.7863636363636364,20.052966945357944,28.870537237354142
scalability,1031,30,10,0.3,GALTrust,0.7666666666666667,1.0,0.2222222222222222,0.3636363636363636,2,21,0,7,0.7818181818181819,35.432975034915884,54.03680014082447
scalability,1031,30,10,0.3,GDM-DTM,0.8666666666666667,0.7777777777777778,0.7777777777777778,0.7777777777777778,7,19,2,2,0.85,24.857521014765503,30.852952377474775
scalability,1031,30,10,0.3,LR-Trust,0.9333333333333333,0.8888888888888888,0.8888888888888888,0.8888888888888888,8,20,1,1,0.8590909090909091,27.88799256200283,31.666347705831413
scalability,1031,30,10,0.3,MLP-Trust,1.0,1.0,1.0,1.0,9,21,0,0,0.9,27.510312257638457,54.25047244677951
scalability,1031,30,10,0.3,MTIM,1.0,1.0,1.0,1.0,9,21,0,0,0.9272727272727272,44.47255154672464,91.68954341333317
scalability,1032,30,10,0.3,MFA,0.7,0.5,0.5555555555555556,0.5263157894736842,5,16,5,4,0.7318181818181818,17.529135087504557,18.513990197823112
scalability,1032,30,10,0.3,FUBA,0.9,0.8,0.8888888888888888,0.8421052631578948,8,19,2,1,0.8636363636363636,20.04350206846453,19.95331655412216
scalability,1032,30,10,0.3,GALTrust,0.7333333333333333,1.0,0.1111111111111111,0.19999999999999998,1,21,0,8,0.7954545454545454,42.452472291385796,45.19787134921783
scalability,1032,30,10,0.3,GDM-DTM,0.7666666666666667,0.5833333333333334,0.7777777777777778,0.6666666666666666,7,16,5,2,0.8545454545454545,26.86777432306038,30.976071325933894
scalability,1032,30,10,0.3,LR-Trust,0.9333333333333333,0.8181818181818182,1.0,0.9,9,19,2,0,0.8818181818181818,23.79577451698914,38.534601857387784
scalability,1032,30,10,0.3,MLP-Trust,1.0,1.0,1.0,1.0,9,21,0,0,0.8863636363636364,30.06980835358409,47.14972968113558
scalability,1032,30,10,0.3,MTIM,0.9666666666666667,0.9,1.0,0.9473684210526316,9,20,1,0,0.9090909090909091,43.49253094903717,91.41813369192427
scalability,1033,30,10,0.3,MFA,0.8,0.6666666666666666,0.6666666666666666,0.6666666666666666,6,18,3,3,0.8,16.32791154279069,16.755595458784224
scalability,1033,30,10,0.3,FUBA,0.7333333333333333,0.5454545454545454,0.6666666666666666,0.6,6,16,5,3,0.8227272727272728,22.697174345344855,20.462351554121735
scalability,1033,30,10,0.3,GALTrust,0.7666666666666667,1.0,0.2222222222222222,0.3636363636363636,2,21,0,7,0.7863636363636364,37.72063043763452,53.92085518555981
scalability,1033,30,10,0.3,GDM-DTM,0.8333333333333334,0.7,0.7777777777777778,0.7368421052631577,7,18,3,2,0.8045454545454546,23.3099343301282,33.84884870723022
scalability,1033,30,10,0.3,LR-Trust,0.8666666666666667,0.7777777777777778,0.7777777777777778,0.7777777777777778,7,19,2,2,0.9,26.347167484408203,30.063581045719562
scalability,1033,30,10,0.3,MLP-Trust,0.9,0.8,0.8888888888888888,0.8421052631578948,8,19,2,1,0.8954545454545455,30.223780539893415,43.9981743776405
scalability,1033,30,10,0.3,MTIM,0.9,0.8,0.8888888888888888,0.8421052631578948,8,19,2,1,0.9045454545454545,46.26972614900601,101.3185008941294
scalability,1034,30,10,0.3,MFA,0.8,0.6363636363636364,0.7777777777777778,0.7000000000000001,7,17,4,2,0.8318181818181818,14.242552551139362,21.458414230294814
scalability,1034,30,10,0.3,FUBA,0.8333333333333334,0.7,0.7777777777777778,0.7368421052631577,7,18,3,2,0.8409090909090909,20.320305906182686,22.873554549332383
scalability,1034,30,10,0.3,GALTrust,0.7666666666666667,0.75,0.3333333333333333,0.46153846153846156,3,20,1,6,0.7681818181818182,37.13187583208504,55.123648959141065
scalability,1034,30,10,0.3,GDM-DTM,0.8333333333333334,0.6666666666666666,0.8888888888888888,0.761904761904762,8,17,4,1,0.8545454545454545,25.388534167635637,30.169389891543588
scalability,1034,30,10,0.3,LR-Trust,0.9666666666666667,0.9,1.0,0.9473684210526316,9,20,1,0,0.8681818181818182,24.024445748136486,26.69579959548618
scalability,1034,30,10,0.3,MLP-Trust,1.0,1.0,1.0,1.0,9,21,0,0,0.9181818181818182,35.774077975884765,47.69921709182275
scalability,1034,30,10,0.3,MTIM,0.9666666666666667,0.9,1.0,0.9473684210526316,9,20,1,0,0.9181818181818182,46.02872008283888,95.89659494804006
scalability,1035,30,10,0.3,MFA,0.8333333333333334,0.6666666666666666,0.8888888888888888,0.761904761904762,8,17,4,1,0.8590909090909091,14.613633397272194,23.337375619773
scalability,1035,30,10,0.3,FUBA,0.8333333333333334,0.75,0.6666666666666666,0.7058823529411765,6,19,2,3,0.8454545454545455,20.813793272901247,22.223137135388757
scalability,1035,30,10,0.3,GALTrust,0.7666666666666667,1.0,0.2222222222222222,0.3636363636363636,2,21,0,7,0.7954545454545454,40.00727295326078,50.63999919214809
scalability,1035,30,10,0.3,GDM-DTM,0.8,0.6363636363636364,0.7777777777777778,0.7000000000000001,7,17,4,2,0.7954545454545454,23.352023727029408,30.144943790750908
scalability,1035,30,10,0.3,LR-Trust,0.8333333333333334,0.7,0.7777777777777778,0.7368421052631577,7,18,3,2,0.85,26.243959860362622,28.51571530924211
scalability,1035,30,10,0.3,MLP-Trust,0.9666666666666667,1.0,0.8888888888888888,0.9411764705882353,8,21,0,1,0.8636363636363636,35.00380724572072,46.146468917199314
scalability,1035,30,10,0.3,MTIM,0.9666666666666667,1.0,0.8888888888888888,0.9411764705882353,8,21,0,1,0.8909090909090909,43.548804837575545,98.07627086010571
scalability,1036,30,10,0.3,MFA,0.9,1.0,0.6666666666666666,0.8,6,21,0,3,0.8272727272727273,15.341435481374852,20.066457188760843
scalability,1036,30,10,0.3,FUBA,0.9333333333333333,0.8888888888888888,0.8888888888888888,0.8888888888888888,8,20,1,1,0.85,23.528611538441467,23.621062256272623
scalability,1036,30,10,0.3,GALTrust,0.7333333333333333,1.0,0.1111111111111111,0.19999999999999998,1,21,0,8,0.7454545454545455,38.24674096621778,56.00656477729774
scalability,1036,30,10,0.3,GDM-DTM,0.8333333333333334,0.75,0.6666666666666666,0.7058823529411765,6,19,2,3,0.7727272727272727,23.771746457748126,34.790706842065276
scalability,1036,30,10,0.3,LR-Trust,0.9666666666666667,0.9,1.0,0.9473684210526316,9,20,1,0,0.9,27.642911877428823,35.65003494265645
scalability,1036,30,10,0.3,MLP-Trust,1.0,1.0,1.0,1.0,9,21,0,0,0.8863636363636364,28.805302978167273,42.13842663087425
scalability,1036,30,10,0.3,MTIM,0.9666666666666667,0.9,1.0,0.9473684210526316,9,20,1,0,0.9090909090909091,44.46714928364544,95.0863267528447
scalability,1037,30,10,0.3,MFA,0.7333333333333333,0.6,0.3333333333333333,0.42857142857142855,3,19,2,6,0.7318181818181818,16.5307335469769,16.600318533156397
scalability,1037,30,10,0.3,FUBA,0.8333333333333334,0.8333333333333334,0.5555555555555556,0.6666666666666667,5,20,1,4,0.8181818181818182,20.411037277513767,21.657239255728193
scalability,1037,30,10,0.3,GALTrust,0.7666666666666667,1.0,0.2222222222222222,0.3636363636363636,2,21,0,7,0.7636363636363637,38.017012323018356,57.60744686404782
scalability,1037,30,10,0.3,GDM-DTM,0.8333333333333334,0.75,0.6666666666666666,0.7058823529411765,6,19,2,3,0.8181818181818182,25.446740839796526,27.272195466529382
scalability,1037,30,10,0.3,LR-Trust,0.8333333333333334,0.7,0.7777777777777778,0.7368421052631577,7,18,3,2,0.8681818181818182,26.459334341449626,35.10412369192653
scalability,1037,30,10,0.3,MLP-Trust,0.9333333333333333,1.0,0.7777777777777778,0.8750000000000001,7,21,0,2,0.8590909090909091,30.603894954077255,45.7796559243965
scalability,1037,30,10,0.3,MTIM,0.9333333333333333,1.0,0.7777777777777778,0.8750000000000001,7,21,0,2,0.8636363636363636,46.96881059050443,97.46310298598456
scalability,1038,30,10,0.3,MFA,0.8,0.7142857142857143,0.5555555555555556,0.6250000000000001,5,19,2,4,0.740909090909091,14.107965032471645,13.503805724973462
scalability,1038,30,10,0.3,FUBA,0.8666666666666667,0.8571428571428571,0.6666666666666666,0.75,6,20,1,3,0.8090909090909091,25.29434106635535,21.89701836294731
scalability,1038,30,10,0.3,GALTrust,0.7333333333333333,0.6666666666666666,0.2222222222222222,0.3333333333333333,2,20,1,7,0.7636363636363637,39.3489040217356,46.85978980507814
scalability,1038,30,10,0.3,GDM-DTM,0.8333333333333334,0.75,0.6666666666666666,0.7058823529411765,6,19,2,3,0.8045454545454546,24.698180428944504,31.464894008583247
scalability,1038,30,10,0.3,LR-Trust,0.8666666666666667,0.7777777777777778,0.7777777777777778,0.7777777777777778,7,19,2,2,0.8636363636363636,24.813966802760287,33.744330602151635
scalability,1038,30,10,0.3,MLP-Trust,0.8333333333333334,0.75,0.6666666666666666,0.7058823529411765,6,19,2,3,0.7909090909090909,31.83253251203802,54.19040283514549
scalability,1038,30,10,0.3,MTIM,0.8333333333333334,0.75,0.6666666666666666,0.7058823529411765,6,19,2,3,0.8772727272727273,45.23612766841804,94.58691209304035
scalability,1039,30,10,0.3,MFA,0.8,0.8,0.4444444444444444,0.5714285714285714,4,20,1,5,0.7954545454545454,15.122122768474235,14.113266028415715
scalability,1039,30,10,0.3,FUBA,0.8333333333333334,0.75,0.6666666666666666,0.7058823529411765,6,19,2,3,0.8,22.807721483890234,29.187383904381996
scalability,1039,30,10,0.3,GALTrust,0.7666666666666667,1.0,0.2222222222222222,0.3636363636363636,2,21,0,7,0.7090909090909091,41.88899652973943,52.77051720574527
scalability,1039,30,10,0.3,GDM-DTM,0.8,0.6153846153846154,0.8888888888888888,0.7272727272727274,8,16,5,1,0.8090909090909091,23.296583419674384,30.852623294007937
scalability,1039,30,10,0.3,LR-Trust,0.8333333333333334,0.7,0.7777777777777778,0.7368421052631577,7,18,3,2,0.8590909090909091,25.29684483034373,32.142382514398214
scalability,1039,30,10,0.3,MLP-Trust,0.8333333333333334,0.7,0.7777777777777778,0.7368421052631577,7,18,3,2,0.8727272727272727,29.124668698768208,47.701666020216834
scalability,1039,30,10,0.3,MTIM,0.8666666666666667,0.7272727272727273,0.8888888888888888,0.7999999999999999,8,18,3,1,0.8636363636363636,46.42230062570426,95.5185241853884
scalability,1040,30,10,0.3,MFA,0.8333333333333334,0.8333333333333334,0.5555555555555556,0.6666666666666667,5,20,1,4,0.8090909090909091,11.920036335528156,10.969356431888048
scalability,1040,30,10,0.3,FUBA,0.8666666666666667,1.0,0.5555555555555556,0.7142857142857143,5,21,0,4,0.7909090909090909,18.405995224324684,22.118344491408493
scalability,1040,30,10,0.3,GALTrust,0.8,1.0,0.3333333333333333,0.5,3,21,0,6,0.7545454545454545,40.907595518610265,52.69945006513029
scalability,1040,30,10,0.3,GDM-DTM,0.9,0.875,0.7777777777777778,0.823529411764706,7,20,1,2,0.8045454545454546,24.07698107419283,28.08985919749812
scalability,1040,30,10,0.3,LR-Trust,0.9,0.875,0.7777777777777778,0.823529411764706,7,20,1,2,0.8909090909090909,29.050495452322092,36.0395538110485
scalability,1040,30,10,0.3,MLP-Trust,1.0,1.0,1.0,1.0,9,21,0,0,0.9136363636363637,30.841684938045578,48.77482762210438
scalability,1040,30,10,0.3,MTIM,0.9666666666666667,1.0,0.8888888888888888,0.9411764705882353,8,21,0,1,0.9227272727272727,46.643987539946316,101.21097649346282
scalability,1041,30,10,0.3,MFA,0.8333333333333334,0.7,0.7777777777777778,0.7368421052631577,7,18,3,2,0.8545454545454545,13.82557288876689,13.73125797530689
scalability,1041,30,10,0.3,FUBA,0.8,0.6666666666666666,0.6666666666666666,0.6666666666666666,6,18,3,3,0.7954545454545454,21.43143563892422,19.816907811273023
scalability,1041,30,10,0.3,GALTrust,0.7333333333333333,1.0,0.1111111111111111,0.19999999999999998,1,21,0,8,0.75,37.415963000847,46.29114855040028
scalability,1041,30,10,0.3,GDM-DTM,0.8,0.6666666666666666,0.6666666666666666,0.6666666666666666,6,18,3,3,0.7681818181818182,25.738141136694168,38.10052686381294
scalability,1041,30,10,0.3,LR-Trust,0.9,0.875,0.7777777777777778,0.823529411764706,7,20,1,2,0.8772727272727273,26.320101307289004,29.027825792033852
scalability,1041,30,10,0.3,MLP-Trust,0.9333333333333333,0.8888888888888888,0.8888888888888888,0.8888888888888888,8,20,1,1,0.8909090909090909,30.9293609124295,42.46775120800027
scalability,1041,30,10,0.3,MTIM,0.9666666666666667,0.9,1.0,0.9473684210526316,9,20,1,0,0.9181818181818182,43.18167123243809,93.67971774857621
scalability,1042,30,10,0.3,MFA,0.8333333333333334,0.75,0.6666666666666666,0.7058823529411765,6,19,2,3,0.8227272727272728,14.222942550644653,21.165185464215245
scalability,1042,30,10,0.3,FUBA,0.9333333333333333,0.8888888888888888,0.8888888888888888,0.8888888888888888,8,20,1,1,0.8363636363636363,25.26537952232935,22.5983561635731
scalability,1042,30,10,0.3,GALTrust,0.7333333333333333,1.0,0.1111111111111111,0.19999999999999998,1,21,0,8,0.7863636363636364,37.791203503340114,48.41471804243019
scalability,1042,30,10,0.3,GDM-DTM,0.8666666666666667,0.7777777777777778,0.7777777777777778,0.7777777777777778,7,19,2,2,0.7909090909090909,24.328363659395713,30.62322390144948
scalability,1042,30,10,0.3,LR-Trust,0.9333333333333333,1.0,0.7777777777777778,0.8750000000000001,7,21,0,2,0.8772727272727273,26.634765988856646,41.36538417606402
scalability,1042,30,10,0.3,MLP-Trust,0.9,0.8,0.8888888888888888,0.8421052631578948,8,19,2,1,0.8863636363636364,31.266772626952044,49.34562421367715
scalability,1042,30,10,0.3,MTIM,0.8666666666666667,0.7777777777777778,0.7777777777777778,0.7777777777777778,7,19,2,2,0.8909090909090909,43.46447475191657,88.95429261212844
scalability,1043,30,10,0.3,MFA,0.8333333333333334,0.75,0.6666666666666666,0.7058823529411765,6,19,2,3,0.7909090909090909,14.045508490379715,21.14010947410516
scalability,1043,30,10,0.3,FUBA,0.8,0.6666666666666666,0.6666666666666666,0.6666666666666666,6,18,3,3,0.8363636363636363,22.517195212751936,22.822312250380108
scalability,1043,30,10,0.3,GALTrust,0.7,0.0,0.0,0.0,0,21,0,9,0.6954545454545454,35.445947854674365,56.34665137808649
scalability,1043,30,10,0.3,GDM-DTM,0.8666666666666667,0.8571428571428571,0.6666666666666666,0.75,6,20,1,3,0.85,26.58954508303681,27.058465943692244
scalability,1043,30,10,0.3,LR-Trust,0.8333333333333334,0.75,0.6666666666666666,0.7058823529411765,6,19,2,3,0.7818181818181819,26.825735179625806,36.80335623842427
scalability,1043,30,10,0.3,MLP-Trust,0.8666666666666667,0.8571428571428571,0.6666666666666666,0.75,6,20,1,3,0.7772727272727272,32.353154446040485,44.81462823426379
scalability,1043,30,10,0.3,MTIM,0.8333333333333334,0.75,0.6666666666666666,0.7058823529411765,6,19,2,3,0.8545454545454545,43.89890932590791,105.75381752912664
scalability,1044,30,10,0.3,MFA,0.7333333333333333,0.5714285714285714,0.4444444444444444,0.5,4,18,3,5,0.759090909090909,19.172215278010306,19.450447228509113
scalability,1044,30,10,0.3,FUBA,0.8333333333333334,0.75,0.6666666666666666,0.7058823529411765,6,19,2,3,0.8318181818181818,25.181666351641717,30.86177399461749
scalability,1044,30,10,0.3,GALTrust,0.7333333333333333,1.0,0.1111111111111111,0.19999999999999998,1,21,0,8,0.8090909090909091,39.15157730020832,46.563592182903015
scalability,1044,30,10,0.3,GDM-DTM,0.9,1.0,0.6666666666666666,0.8,6,21,0,3,0.8363636363636363,23.809687424390503,31.74894317963526
scalability,1044,30,10,0.3,LR-Trust,0.8666666666666667,0.8571428571428571,0.6666666666666666,0.75,6,20,1,3,0.8636363636363636,27.698182516899976,38.463178460079355
scalability,1044,30,10,0.3,MLP-Trust,0.9666666666666667,1.0,0.8888888888888888,0.9411764705882353,8,21,0,1,0.8681818181818182,32.807880971863106,50.176306405540636
scalability,1044,30,10,0.3,MTIM,0.9666666666666667,1.0,0.8888888888888888,0.9411764705882353,8,21,0,1,0.9,44.14342200016482,97.08267813174169
scalability,1045,30,10,0.3,MFA,0.8,0.6666666666666666,0.6666666666666666,0.6666666666666666,6,18,3,3,0.7863636363636364,14.974538909530992,18.03027135192441
scalability,1045,30,10,0.3,FUBA,0.9,0.875,0.7777777777777778,0.823529411764706,7,20,1,2,0.7954545454545454,23.49539525639293,19.811046320537407
scalability,1045,30,10,0.3,GALTrust,0.8,1.0,0.3333333333333333,0.5,3,21,0,6,0.7363636363636363,38.5173656659092,56.85140095721826
scalability,1045,30,10,0.3,GDM-DTM,0.8333333333333334,0.8333333333333334,0.5555555555555556,0.6666666666666667,5,20,1,4,0.8090909090909091,25.455055056108826,30.453788759815144
scalability,1045,30,10,0.3,LR-Trust,0.9,0.875,0.7777777777777778,0.823529411764706,7,20,1,2,0.8409090909090909,27.152341605803954,37.64355206809086
scalability,1045,30,10,0.3,MLP-Trust,0.9333333333333333,0.8888888888888888,0.8888888888888888,0.8888888888888888,8,20,1,1,0.8727272727272727,31.07962183349021,44.6603699488631
scalability,1045,30,10,0.3,MTIM,0.9,0.8,0.8888888888888888,0.8421052631578948,8,19,2,1,0.9136363636363637,42.92525941497182,91.17762903128514
scalability,1046,30,10,0.3,MFA,0.8666666666666667,0.8571428571428571,0.6666666666666666,0.75,6,20,1,3,0.8136363636363636,16.20345966130046,10.94542965245561
scalability,1046,30,10,0.3,FUBA,0.9333333333333333,1.0,0.7777777777777778,0.8750000000000001,7,21,0,2,0.8636363636363636,21.121142167226626,27.1153034681205
scalability,1046,30,10,0.3,GALTrust,0.7,0.0,0.0,0.0,0,21,0,9,0.7863636363636364,36.06238389565987,42.9646333417253
scalability,1046,30,10,0.3,GDM-DTM,0.9333333333333333,1.0,0.7777777777777778,0.8750000000000001,7,21,0,2,0.8045454545454546,24.034061327751292,26.827836483339954
scalability,1046,30,10,0.3,LR-Trust,0.9333333333333333,1.0,0.7777777777777778,0.8750000000000001,7,21,0,2,0.9,30.345989731618133,36.314478696462515
scalability,1046,30,10,0.3,MLP-Trust,0.9333333333333333,0.8888888888888888,0.8888888888888888,0.8888888888888888,8,20,1,1,0.8909090909090909,32.90478377240966,53.533219510993575
scalability,1046,30,10,0.3,MTIM,0.9333333333333333,0.8888888888888888,0.8888888888888888,0.8888888888888888,8,20,1,1,0.8954545454545455,45.83805204020451,95.55455005685543
scalability,1047,30,10,0.3,MFA,0.9,1.0,0.6666666666666666,0.8,6,21,0,3,0.8227272727272728,16.154855144177443,19.973242513066914
scalability,1047,30,10,0.3,FUBA,0.8666666666666667,1.0,0.5555555555555556,0.7142857142857143,5,21,0,4,0.7545454545454545,21.05518872580731,21.56747593665574
scalability,1047,30,10,0.3,GALTrust,0.7666666666666667,1.0,0.2222222222222222,0.3636363636363636,2,21,0,7,0.7818181818181819,37.71321026591809,51.026256091512145
scalability,1047,30,10,0.3,GDM-DTM,0.8666666666666667,1.0,0.5555555555555556,0.7142857142857143,5,21,0,4,0.8090909090909091,25.2084021091068,32.93145461217801
scalability,1047,30,10,0.3,LR-Trust,0.9333333333333333,1.0,0.7777777777777778,0.8750000000000001,7,21,0,2,0.8727272727272727,28.84329952535181,30.767733855823252
scalability,1047,30,10,0.3,MLP-Trust,0.9666666666666667,1.0,0.8888888888888888,0.9411764705882353,8,21,0,1,0.8909090909090909,29.49923300481428,47.526925956861646
scalability,1047,30,10,0.3,MTIM,0.9666666666666667,1.0,0.8888888888888888,0.9411764705882353,8,21,0,1,0.8772727272727273,42.175122301395746,96.27710515744296
scalability,1048,30,10,0.3,MFA,0.8,1.0,0.3333333333333333,0.5,3,21,0,6,0.7863636363636364,16.457024090851643,17.412358546226496
scalability,1048,30,10,0.3,FUBA,0.8666666666666667,0.7777777777777778,0.7777777777777778,0.7777777777777778,7,19,2,2,0.8681818181818182,23.37900133358254,26.215298888467757
scalability,1048,30,10,0.3,GALTrust,0.7666666666666667,1.0,0.2222222222222222,0.3636363636363636,2,21,0,7,0.8363636363636363,41.23304866675501,52.07597401946344
scalability,1048,30,10,0.3,GDM-DTM,0.8333333333333334,0.8333333333333334,0.5555555555555556,0.6666666666666667,5,20,1,4,0.8090909090909091,25.61112534730726,37.64431601512655
scalability,1048,30,10,0.3,LR-Trust,0.9,1.0,0.6666666666666666,0.8,6,21,0,3,0.8818181818181818,28.83157806260393,38.993979423171
scalability,1048,30,10,0.3,MLP-Trust,0.9333333333333333,1.0,0.7777777777777778,0.8750000000000001,7,21,0,2,0.9,30.65781517196086,42.35800632218374
scalability,1048,30,10,0.3,MTIM,0.9333333333333333,1.0,0.7777777777777778,0.8750000000000001,7,21,0,2,0.8954545454545455,42.73003426513351,95.44905731208053
scalability,1049,30,10,0.3,MFA,0.6666666666666666,0.46153846153846156,0.6666666666666666,0.5454545454545455,6,14,7,3,0.7727272727272727,16.99699264077693,12.521908611008428
scalability,1049,30,10,0.3,FUBA,0.7666666666666667,0.6,0.6666666666666666,0.631578947368421,6,17,4,3,0.7681818181818182,24.133741183984057,28.537752439338313
scalability,1049,30,10,0.3,GALTrust,0.6666666666666666,0.0,0.0,0.0,0,20,1,9,0.7454545454545455,39.06435166359358,48.57032729247098
scalability,1049,30,10,0.3,GDM-DTM,0.7666666666666667,0.5833333333333334,0.7777777777777778,0.6666666666666666,7,16,5,2,0.8318181818181818,25.751013915965554,28.243303106702804
scalability,1049,30,10,0.3,LR-Trust,0.8666666666666667,0.7272727272727273,0.8888888888888888,0.7999999999999999,8,18,3,1,0.8590909090909091,24.45929505351043,27.118281438044246
scalability,1049,30,10,0.3,MLP-Trust,0.9333333333333333,0.8888888888888888,0.8888888888888888,0.8888888888888888,8,20,1,1,0.7863636363636364,31.6862847080629,46.318435450703205
scalability,1049,30,10,0.3,MTIM,0.9,0.8,0.8888888888888888,0.8421052631578948,8,19,2,1,0.8954545454545455,45.70757032544849,92.76760305068353
scalability,1000,50,17,0.3,MFA,0.8,0.6923076923076923,0.6,0.6428571428571429,9,31,4,6,0.8363636363636363,20.45899112813428,19.034687622202892
scalability,1000,50,17,0.3,FUBA,0.82,0.6875,0.7333333333333333,0.7096774193548386,11,30,5,4,0.7954545454545454,30.123377640918623,39.12373341815059
scalability,1000,50,17,0.3,GALTrust,0.76,1.0,0.2,0.33333333333333337,3,35,0,12,0.7272727272727273,48.858068898732526,71.66215524914477
scalability,1000,50,17,0.3,GDM-DTM,0.86,0.7857142857142857,0.7333333333333333,0.7586206896551724,11,32,3,4,0.8090909090909091,31.61611424734472,40.558327590395365
scalability,1000,50,17,0.3,LR-Trust,0.94,0.875,0.9333333333333333,0.9032258064516129,14,33,2,1,0.8818181818181818,35.24328125480702,53.64463491034268
scalability,1000,50,17,0.3,MLP-Trust,0.92,0.8666666666666667,0.8666666666666667,0.8666666666666667,13,33,2,2,0.8454545454545455,39.52625886731791,63.307459986003224
scalability,1000,50,17,0.3,MTIM,0.92,0.8666666666666667,0.8666666666666667,0.8666666666666667,13,33,2,2,0.8863636363636364,61.61797889905016,154.0599022439704
scalability,1001,50,17,0.3,MFA,0.72,0.5263157894736842,0.6666666666666666,0.5882352941176471,10,26,9,5,0.7727272727272727,20.75213846525125,20.922454741090696
scalability,1001,50,17,0.3,FUBA,0.78,0.625,0.6666666666666666,0.6451612903225806,10,29,6,5,0.8272727272727273,27.56747414430848,37.929889169754176
scalability,1001,50,17,0.3,GALTrust,0.76,1.0,0.2,0.33333333333333337,3,35,0,12,0.759090909090909,48.05909664217215,64.29185417712078
scalability,1001,50,17,0.3,GDM-DTM,0.8,0.631578947368421,0.8,0.7058823529411765,12,28,7,3,0.8590909090909091,32.704687044074525,41.07417590066729
scalability,1001,50,17,0.3,LR-Trust,0.86,0.75,0.8,0.7741935483870969,12,31,4,3,0.8818181818181818,36.49100881887776,48.82685839393931
scalability,1001,50,17,0.3,MLP-Trust,0.9,0.8125,0.8666666666666667,0.8387096774193549,13,32,3,2,0.9136363636363637,41.82510352439493,65.20687223814424
scalability,1001,50,17,0.3,MTIM,0.94,0.875,0.9333333333333333,0.9032258064516129,14,33,2,1,0.9363636363636364,61.040804506749645,152.03118338937918
scalability,1002,50,17,0.3,MFA,0.8,0.6923076923076923,0.6,0.6428571428571429,9,31,4,6,0.85,22.784543783487123,26.650632728118097
scalability,1002,50,17,0.3,FUBA,0.84,0.7333333333333333,0.7333333333333333,0.7333333333333333,11,31,4,4,0.8090909090909091,29.502516916103552,34.89410909415978
scalability,1002,50,17,0.3,GALTrust,0.72,0.6,0.2,0.3,3,33,2,12,0.7136363636363636,50.81177056939682,75.43801576501416
scalability,1002,50,17,0.3,GDM-DTM,0.84,0.7692307692307693,0.6666666666666666,0.7142857142857142,10,32,3,5,0.7954545454545454,31.551133559147427,40.83961568492024
scalability,1002,50,17,0.3,LR-Trust,0.88,0.8,0.8,0.8000000000000002,12,32,3,3,0.8818181818181818,35.85643413338915,38.42688035205445
scalability,1002,50,17,0.3,MLP-Trust,0.92,1.0,0.7333333333333333,0.846153846153846,11,35,0,4,0.8590909090909091,42.537437382289006,67.25617745582487
scalability,1002,50,17,0.3,MTIM,0.92,1.0,0.7333333333333333,0.846153846153846,11,35,0,4,0.8636363636363636,57.90323305659673,151.63396313684152
scalability,1003,50,17,0.3,MFA,0.84,0.8181818181818182,0.6,0.6923076923076923,9,33,2,6,0.8045454545454546,24.572009596883092,31.47296543822801
scalability,1003,50,17,0.3,FUBA,0.9,0.8571428571428571,0.8,0.8275862068965518,12,33,2,3,0.8045454545454546,27.745215796565383,37.11548032516706
scalability,1003,50,17,0.3,GALTrust,0.82,1.0,0.4,0.5714285714285715,6,35,0,9,0.8,48.766867917325094,65.02042538619843
scalability,1003,50,17,0.3,GDM-DTM,0.92,0.9230769230769231,0.8,0.8571428571428571,12,34,1,3,0.8318181818181818,32.044642004319364,41.76226712272042
scalability,1003,50,17,0.3,LR-Trust,0.92,0.9230769230769231,0.8,0.8571428571428571,12,34,1,3,0.8681818181818182,35.72948501976717,46.18490204854753
scalability,1003,50,17,0.3,MLP-Trust,0.96,1.0,0.8666666666666667,0.9285714285714286,13,35,0,2,0.8409090909090909,40.49675252728643,69.5210501846584
scalability,1003,50,17,0.3,MTIM,0.96,1.0,0.8666666666666667,0.9285714285714286,13,35,0,2,0.8636363636363636,60.90473539845496,151.68451364157394
scalability,1004,50,17,0.3,MFA,0.86,0.7857142857142857,0.7333333333333333,0.7586206896551724,11,32,3,4,0.8409090909090909,23.981608943458752,26.903495508888845
scalability,1004,50,17,0.3,FUBA,0.86,0.75,0.8,0.7741935483870969,12,31,4,3,0.8363636363636363,27.926882856486827,34.28287192556558
scalability,1004,50,17,0.3,GALTrust,0.76,1.0,0.2,0.33333333333333337,3,35,0,12,0.7727272727272727,44.68103281774812,64.40184813039997
scalability,1004,50,17,0.3,GDM-DTM,0.88,0.7647058823529411,0.8666666666666667,0.8125,13,31,4,2,0.8545454545454545,31.53852735126112,39.7502259919738
scalability,1004,50,17,0.3,LR-Trust,0.9,0.8125,0.8666666666666667,0.8387096774193549,13,32,3,2,0.9181818181818182,34.22935254771029,51.77122395255958
scalability,1004,50,17,0.3,MLP-Trust,0.96,1.0,0.8666666666666667,0.9285714285714286,13,35,0,2,0.8636363636363636,41.080255048950626,55.46057148898983
scalability,1004,50,17,0.3,MTIM,0.96,1.0,0.8666666666666667,0.9285714285714286,13,35,0,2,0.8772727272727273,56.13812048743533,156.56098660203438
scalability,1005,50,17,0.3,MFA,0.78,0.6666666666666666,0.5333333333333333,0.5925925925925926,8,31,4,7,0.8,20.8081176427687,23.418395785768247
scalability,1005,50,17,0.3,FUBA,0.8,0.6923076923076923,0.6,0.6428571428571429,9,31,4,6,0.8454545454545455,29.101524587955314,36.6382009233146
scalability,1005,50,17,0.3,GALTrust,0.74,0.75,0.2,0.31578947368421056,3,34,1,12,0.75,51.12957080317399,76.83243587696116
scalability,1005,50,17,0.3,GDM-DTM,0.8,0.6470588235294118,0.7333333333333333,0.6875,11,29,6,4,0.8,32.018020644675154,39.832379447663406
scalability,1005,50,17,0.3,LR-Trust,0.92,0.8666666666666667,0.8666666666666667,0.8666666666666667,13,33,2,2,0.8954545454545455,35.82809640907479,46.661051867763916
scalability,1005,50,17,0.3,MLP-Trust,0.96,0.9333333333333333,0.9333333333333333,0.9333333333333333,14,34,1,1,0.8954545454545455,40.209762211670245,62.15391058740755
scalability,1005,50,17,0.3,MTIM,0.96,0.8823529411764706,1.0,0.9375,15,33,2,0,0.9318181818181818,60.03537054169196,156.69982372601362
scalability,1006,50,17,0.3,MFA,0.86,0.8333333333333334,0.6666666666666666,0.7407407407407408,10,33,2,5,0.8,22.513526690765815,30.25342989817404
scalability,1006,50,17,0.3,FUBA,0.84,0.7058823529411765,0.8,0.7500000000000001,12,30,5,3,0.8545454545454545,28.055331969886637,30.9169372617542
scalability,1006,50,17,0.3,GALTrust,0.76,1.0,0.2,0.33333333333333337,3,35,0,12,0.740909090909091,50.18869281993464,69.80095808940936
scalability,1006,50,17,0.3,GDM-DTM,0.92,0.8235294117647058,0.9333333333333333,0.8749999999999999,14,32,3,1,0.8772727272727273,33.434470108802415,41.272042259005715
scalability,1006,50,17,0.3,LR-Trust,0.94,0.875,0.9333333333333333,0.9032258064516129,14,33,2,1,0.9227272727272727,37.55049999760471,42.14701762975339
scalability,1006,50,17,0.3,MLP-Trust,0.96,0.9333333333333333,0.9333333333333333,0.9333333333333333,14,34,1,1,0.8772727272727273,42.45326120241777,59.91536091038915
scalability,1006,50,17,0.3,MTIM,0.96,0.9333333333333333,0.9333333333333333,0.9333333333333333,14,34,1,1,0.9454545454545454,58.55261763044366,150.27218645859645
scalability,1007,50,17,0.3,MFA,0.82,0.6875,0.7333333333333333,0.7096774193548386,11,30,5,4,0.7727272727272727,24.32768843337982,26.34199233852499
scalability,1007,50,17,0.3,FUBA,0.82,0.7142857142857143,0.6666666666666666,0.689655172413793,10,31,4,5,0.8454545454545455,27.10754416580909,34.87162417620877
scalability,1007,50,17,0.3,GALTrust,0.82,1.0,0.4,0.5714285714285715,6,35,0,9,0.7454545454545455,50.05362017977536,71.6026591527851
scalability,1007,50,17,0.3,GDM-DTM,0.86,0.75,0.8,0.7741935483870969,12,31,4,3,0.8318181818181818,33.13673679864935,45.3921015323159
scalability,1007,50,17,0.3,LR-Trust,0.94,0.9285714285714286,0.8666666666666667,0.896551724137931,13,34,1,2,0.8954545454545455,36.980377286635616,48.9980092888574
scalability,1007,50,17,0.3,MLP-Trust,0.96,0.9333333333333333,0.9333333333333333,0.9333333333333333,14,34,1,1,0.8818181818181818,42.90693993528808,60.49301680763155
scalability,1007,50,17,0.3,MTIM,0.96,0.9333333333333333,0.9333333333333333,0.9333333333333333,14,34,1,1,0.9136363636363637,62.2015858444623,156.3948419825561
scalability,1008,50,17,0.3,MFA,0.88,0.8,0.8,0.8000000000000002,12,32,3,3,0.8090909090909091,20.96335370135952,29.836345671376183
scalability,1008,50,17,0.3,FUBA,0.88,0.8,0.8,0.8000000000000002,12,32,3,3,0.8,28.7698975782844,36.143592874387636
scalability,1008,50,17,0.3,GALTrust,0.82,1.0,0.4,0.5714285714285715,6,35,0,9,0.7681818181818182,48.290679209346294,71.14224625023543
scalability,1008,50,17,0.3,GDM-DTM,0.9,0.8125,0.8666666666666667,0.8387096774193549,13,32,3,2,0.85,32.74409070610058,45.52578182223693
scalability,1008,50,17,0.3,LR-Trust,0.94,0.875,0.9333333333333333,0.9032258064516129,14,33,2,1,0.8954545454545455,38.57039213134321,49.17787162812463
scalability,1008,50,17,0.3,MLP-Trust,0.96,1.0,0.8666666666666667,0.9285714285714286,13,35,0,2,0.9090909090909091,40.09623507862764,56.85637180511733
scalability,1008,50,17,0.3,MTIM,0.96,0.9333333333333333,0.9333333333333333,0.9333333333333333,14,34,1,1,0.8954545454545455,60.287893182340675,160.4774608684487
scalability,1009,50,17,0.3,MFA,0.8,0.6666666666666666,0.6666666666666666,0.6666666666666666,10,30,5,5,0.7954545454545454,20.045060803899275,32.125566637467735
scalability,1009,50,17,0.3,FUBA,0.8,0.6666666666666666,0.6666666666666666,0.6666666666666666,10,30,5,5,0.7454545454545455,29.740954849871574,35.87402967382024
scalability,1009,50,17,0.3,GALTrust,0.8,1.0,0.3333333333333333,0.5,5,35,0,10,0.7318181818181818,48.92483271258825,62.68088381977613
scalability,1009,50,17,0.3,GDM-DTM,0.8,0.7272727272727273,0.5333333333333333,0.6153846153846153,8,32,3,7,0.8272727272727273,30.388060600113477,41.96489034985943
scalability,1009,50,17,0.3,LR-Trust,0.84,0.7333333333333333,0.7333333333333333,0.7333333333333333,11,31,4,4,0.8636363636363636,36.762790193577054,47.18247270962976
scalability,1009,50,17,0.3,MLP-Trust,0.92,0.8666666666666667,0.8666666666666667,0.8666666666666667,13,33,2,2,0.8772727272727273,39.23884294345251,61.02779521724284
scalability,1009,50,17,0.3,MTIM,0.94,0.875,0.9333333333333333,0.9032258064516129,14,33,2,1,0.8727272727272727,60.74148352187473,146.85894730396285
scalability,1010,50,17,0.3,MFA,0.84,0.7333333333333333,0.7333333333333333,0.7333333333333333,11,31,4,4,0.8136363636363636,24.129265808256452,25.85179816312936
scalability,1010,50,17,0.3,FUBA,0.8,0.6470588235294118,0.7333333333333333,0.6875,11,29,6,4,0.8045454545454546,30.887172596871515,36.134989065140985
scalability,1010,50,17,0.3,GALTrust,0.82,1.0,0.4,0.5714285714285715,6,35,0,9,0.7863636363636364,46.98436978943862,72.68398361824018
scalability,1010,50,17,0.3,GDM-DTM,0.74,0.5454545454545454,0.8,0.6486486486486486,12,25,10,3,0.7954545454545454,31.486395026414392,51.3725926153127
scalability,1010,50,17,0.3,LR-Trust,0.88,0.7368421052631579,0.9333333333333333,0.8235294117647058,14,30,5,1,0.8818181818181818,34.252724620782544,46.268660209301046
scalability,1010,50,17,0.3,MLP-Trust,0.98,1.0,0.9333333333333333,0.9655172413793104,14,35,0,1,0.9136363636363637,39.638251301145395,57.720858807761935
scalability,1010,50,17,0.3,MTIM,0.98,0.9375,1.0,0.967741935483871,15,34,1,0,0.95,58.84012382064382,145.38752764496786
scalability,1011,50,17,0.3,MFA,0.76,0.6153846153846154,0.5333333333333333,0.5714285714285715,8,30,5,7,0.7818181818181819,22.282788184514434,26.952867355250348
scalability,1011,50,17,0.3,FUBA,0.76,0.6,0.6,0.6,9,29,6,6,0.75,30.984317725619135,28.42042711902137
scalability,1011,50,17,0.3,GALTrust,0.78,1.0,0.26666666666666666,0.4210526315789474,4,35,0,11,0.7909090909090909,50.10932389829347,63.80706532298681
scalability,1011,50,17,0.3,GDM-DTM,0.88,0.7647058823529411,0.8666666666666667,0.8125,13,31,4,2,0.8227272727272728,33.12065514578594,39.62016563071697
scalability,1011,50,17,0.3,LR-Trust,0.9,0.8125,0.8666666666666667,0.8387096774193549,13,32,3,2,0.9181818181818182,34.25459959955217,38.44701329019102
scalability,1011,50,17,0.3,MLP-Trust,1.0,1.0,1.0,1.0,15,35,0,0,0.9227272727272727,42.316437689471634,64.49054461764564
scalability,1011,50,17,0.3,MTIM,1.0,1.0,1.0,1.0,15,35,0,0,0.9090909090909091,60.11107605523209,149.26933768889893
scalability,1012,50,17,0.3,MFA,0.84,0.7692307692307693,0.6666666666666666,0.7142857142857142,10,32,3,5,0.759090909090909,17.638156194124246,24.962649533567518
scalability,1012,50,17,0.3,FUBA,0.78,0.6111111111111112,0.7333333333333333,0.6666666666666666,11,28,7,4,0.8681818181818182,30.001291700217564,31.82156088887651
scalability,1012,50,17,0.3,GALTrust,0.82,1.0,0.4,0.5714285714285715,6,35,0,9,0.8272727272727273,50.153148432417424,70.5988419861788
scalability,1012,50,17,0.3,GDM-DTM,0.82,0.6666666666666666,0.8,0.7272727272727272,12,29,6,3,0.8181818181818182,30.11964660227086,39.58986698912977
scalability,1012,50,17,0.3,LR-Trust,0.88,0.7647058823529411,0.8666666666666667,0.8125,13,31,4,2,0.9090909090909091,36.042062853870235,43.99476978842343
scalability,1012,50,17,0.3,MLP-Trust,0.94,0.9285714285714286,0.8666666666666667,0.896551724137931,13,34,1,2,0.8909090909090909,39.558142147949674,58.52622244018491
scalability,1012,50,17,0.3,MTIM,0.98,1.0,0.9333333333333333,0.9655172413793104,14,35,0,1,0.9045454545454545,61.82424373369916,150.28312646867818
scalability,1013,50,17,0.3,MFA,0.78,0.6666666666666666,0.5333333333333333,0.5925925925925926,8,31,4,7,0.8363636363636363,20.414364876131323,32.39075749183966
scalability,1013,50,17,0.3,FUBA,0.82,0.75,0.6,0.6666666666666665,9,32,3,6,0.8409090909090909,28.748912146439686,27.750754293426574
scalability,1013,50,17,0.3,GALTrust,0.78,1.0,0.26666666666666666,0.4210526315789474,4,35,0,11,0.759090909090909,47.48456980011056,71.5435250866695
scalability,1013,50,17,0.3,GDM-DTM,0.82,0.6666666666666666,0.8,0.7272727272727272,12,29,6,3,0.8409090909090909,28.642355917937248,40.1094502493922
scalability,1013,50,17,0.3,LR-Trust,0.84,0.7333333333333333,0.7333333333333333,0.7333333333333333,11,31,4,4,0.8863636363636364,36.15295857103332,49.64502852451336
scalability,1013,50,17,0.3,MLP-Trust,0.88,0.8,0.8,0.8000000000000002,12,32,3,3,0.8454545454545455,43.490033383303874,57.98069322089357
scalability,1013,50,17,0.3,MTIM,0.88,0.8,0.8,0.8000000000000002,12,32,3,3,0.8909090909090909,61.70110989739459,154.04574936746317
scalability,1014,50,17,0.3,MFA,0.8,0.6666666666666666,0.6666666666666666,0.6666666666666666,10,30,5,5,0.8181818181818182,25.60658428292756,28.097164201142203
scalability,1014,50,17,0.3,FUBA,0.82,0.6875,0.7333333333333333,0.7096774193548386,11,30,5,4,0.8454545454545455,27.60916943016938,34.481685553957924
scalability,1014,50,17,0.3,GALTrust,0.82,1.0,0.4,0.5714285714285715,6,35,0,9,0.7954545454545454,46.720812830727155,68.68380362776331
scalability,1014,50,17,0.3,GDM-DTM,0.86,0.7857142857142857,0.7333333333333333,0.7586206896551724,11,32,3,4,0.8454545454545455,32.766725252812044,41.066102157187224
scalability,1014,50,17,0.3,LR-Trust,0.94,0.8333333333333334,1.0,0.9090909090909091,15,32,3,0,0.8863636363636364,35.990595390244955,48.16661027756263
scalability,1014,50,17,0.3,MLP-Trust,0.96,0.8823529411764706,1.0,0.9375,15,33,2,0,0.8863636363636364,42.345072982196974,66.61257974381402
scalability,1014,50,17,0.3,MTIM,0.96,0.8823529411764706,1.0,0.9375,15,33,2,0,0.9590909090909091,60.026104126002096,148.37625758858684
scalability,1015,50,17,0.3,MFA,0.84,0.7333333333333333,0.7333333333333333,0.7333333333333333,11,31,4,4,0.8545454545454545,20.862405064997155,21.335168257992606
scalability,1015,50,17,0.3,FUBA,0.82,0.6875,0.7333333333333333,0.7096774193548386,11,30,5,4,0.8363636363636363,27.050953710119156,39.451956868341775
scalability,1015,50,17,0.3,GALTrust,0.8,1.0,0.3333333333333333,0.5,5,35,0,10,0.8318181818181818,50.93760478935142,71.64944243944205
scalability,1015,50,17,0.3,GDM-DTM,0.88,0.8,0.8,0.8000000000000002,12,32,3,3,0.8227272727272728,31.687093778501882,48.58184114039318
scalability,1015,50,17,0.3,LR-Trust,0.86,0.7857142857142857,0.7333333333333333,0.7586206896551724,11,32,3,4,0.8272727272727273,36.83551717837026,52.98038729835397
scalability,1015,50,17,0.3,MLP-Trust,0.92,0.9230769230769231,0.8,0.8571428571428571,12,34,1,3,0.8863636363636364,38.553126709589534,62.71290233811905
scalability,1015,50,17,0.3,MTIM,0.98,1.0,0.9333333333333333,0.9655172413793104,14,35,0,1,0.9272727272727272,59.052716825844485,152.92544346013244
scalability,1016,50,17,0.3,MFA,0.84,0.8181818181818182,0.6,0.6923076923076923,9,33,2,6,0.8272727272727273,24.36422695256171,19.07723198145494
scalability,1016,50,17,0.3,FUBA,0.84,0.8181818181818182,0.6,0.6923076923076923,9,33,2,6,0.8045454545454546,31.21818031363941,34.176722165600665
scalability,1016,50,17,0.3,GALTrust,0.72,0.6666666666666666,0.13333333333333333,0.2222222222222222,2,34,1,13,0.8,50.588272122066996,68.98138408781364
scalability,1016,50,17,0.3,GDM-DTM,0.84,0.7692307692307693,0.6666666666666666,0.7142857142857142,10,32,3,5,0.8272727272727273,31.110238906082596,43.60094752963359
scalability,1016,50,17,0.3,LR-Trust,0.88,0.8461538461538461,0.7333333333333333,0.7857142857142856,11,33,2,4,0.8818181818181818,34.742910405207304,37.30329267834723
scalability,1016,50,17,0.3,MLP-Trust,0.92,0.9230769230769231,0.8,0.8571428571428571,12,34,1,3,0.8181818181818182,42.81144331177125,64.25514091252964
scalability,1016,50,17,0.3,MTIM,0.92,0.9230769230769231,0.8,0.8571428571428571,12,34,1,3,0.8954545454545455,56.88093513429791,155.43890045866098
scalability,1017,50,17,0.3,MFA,0.82,0.8,0.5333333333333333,0.64,8,33,2,7,0.7636363636363637,23.214516998279194,27.818022325073176
scalability,1017,50,17,0.3,FUBA,0.76,0.5882352941176471,0.6666666666666666,0.625,10,28,7,5,0.8363636363636363,28.14834094256347,44.883680727926844
scalability,1017,50,17,0.3,GALTrust,0.7,0.0,0.0,0.0,0,35,0,15,0.8045454545454546,50.6977025567449,71.5935569307736
scalability,1017,50,17,0.3,GDM-DTM,0.94,0.875,0.9333333333333333,0.9032258064516129,14,33,2,1,0.8636363636363636,32.402493847073444,43.45304225586257
scalability,1017,50,17,0.3,LR-Trust,0.92,0.9230769230769231,0.8,0.8571428571428571,12,34,1,3,0.8681818181818182,34.61991980020945,39.854802516914106
scalability,1017,50,17,0.3,MLP-Trust,0.92,0.8666666666666667,0.8666666666666667,0.8666666666666667,13,33,2,2,0.8772727272727273,40.439963970783644,59.770832748251145
scalability,1017,50,17,0.3,MTIM,0.94,0.875,0.9333333333333333,0.9032258064516129,14,33,2,1,0.9363636363636364,59.49514802057953,151.09934471891327
scalability,1018,50,17,0.3,MFA,0.86,0.75,0.8,0.7741935483870969,12,31,4,3,0.8045454545454546,24.065016968654376,34.7437999191571
scalability,1018,50,17,0.3,FUBA,0.84,0.7058823529411765,0.8,0.7500000000000001,12,30,5,3,0.8454545454545455,30.09186866797351,36.255791770149216
scalability,1018,50,17,0.3,GALTrust,0.82,1.0,0.4,0.5714285714285715,6,35,0,9,0.8,52.01828643816512,63.43600526072369
scalability,1018,50,17,0.3,GDM-DTM,0.94,0.9285714285714286,0.8666666666666667,0.896551724137931,13,34,1,2,0.8590909090909091,30.13391735143374,41.21115742947933
scalability,1018,50,17,0.3,LR-Trust,0.96,0.9333333333333333,0.9333333333333333,0.9333333333333333,14,34,1,1,0.8863636363636364,34.18135234475778,48.44781552787574
scalability,1018,50,17,0.3,MLP-Trust,0.98,1.0,0.9333333333333333,0.9655172413793104,14,35,0,1,0.9090909090909091,40.68258415151578,67.41327954082234
scalability,1018,50,17,0.3,MTIM,0.98,1.0,0.9333333333333333,0.9655172413793104,14,35,0,1,0.9,57.879320018221094,149.61250624608655
scalability,1019,50,17,0.3,MFA,0.78,0.6428571428571429,0.6,0.6206896551724138,9,30,5,6,0.8045454545454546,22.137991566092357,20.740988646987496
scalability,1019,50,17,0.3,FUBA,0.8,0.6470588235294118,0.7333333333333333,0.6875,11,29,6,4,0.7636363636363637,25.459915992674244,41.4982444265105
scalability,1019,50,17,0.3,GALTrust,0.74,1.0,0.13333333333333333,0.23529411764705882,2,35,0,13,0.740909090909091,48.44286238033472,62.79632305064827
scalability,1019,50,17,0.3,GDM-DTM,0.88,0.8,0.8,0.8000000000000002,12,32,3,3,0.8181818181818182,31.29446989241648,41.811906562939505
scalability,1019,50,17,0.3,LR-Trust,0.9,0.8125,0.8666666666666667,0.8387096774193549,13,32,3,2,0.8727272727272727,35.899033306635914,47.47151561952072
scalability,1019,50,17,0.3,MLP-Trust,0.98,0.9375,1.0,0.967741935483871,15,34,1,0,0.8954545454545455,40.738283014922324,65.79392945000563
scalability,1019,50,17,0.3,MTIM,0.98,0.9375,1.0,0.967741935483871,15,34,1,0,0.9181818181818182,62.021603346951125,149.36106608594432
scalability,1020,50,17,0.3,MFA,0.74,0.5714285714285714,0.5333333333333333,0.5517241379310344,8,29,6,7,0.7636363636363637,23.121906452081816,29.19909642415118
scalability,1020,50,17,0.3,FUBA,0.8,0.6470588235294118,0.7333333333333333,0.6875,11,29,6,4,0.8363636363636363,30.96747390638398,32.354420840336026
scalability,1020,50,17,0.3,GALTrust,0.78,1.0,0.26666666666666666,0.4210526315789474,4,35,0,11,0.7090909090909091,52.92159023871487,63.394706535683525
scalability,1020,50,17,0.3,GDM-DTM,0.86,0.75,0.8,0.7741935483870969,12,31,4,3,0.8681818181818182,33.868306674151675,43.21042405125949
scalability,1020,50,17,0.3,LR-Trust,0.88,0.7647058823529411,0.8666666666666667,0.8125,13,31,4,2,0.8818181818181818,33.841248312318214,50.792615185382445
scalability,1020,50,17,0.3,MLP-Trust,0.92,0.8235294117647058,0.9333333333333333,0.8749999999999999,14,32,3,1,0.8818181818181818,41.99624682651877,58.42718398308304
scalability,1020,50,17,0.3,MTIM,0.92,0.8235294117647058,0.9333333333333333,0.8749999999999999,14,32,3,1,0.9090909090909091,60.22302086346476,146.28857110438992
scalability,1021,50,17,0.3,MFA,0.76,0.6,0.6,0.6,9,29,6,6,0.7681818181818182,19.957352724508972,28.4096187631473
scalability,1021,50,17,0.3,FUBA,0.72,0.5263157894736842,0.6666666666666666,0.5882352941176471,10,26,9,5,0.8409090909090909,29.475510306980397,32.610076521293855
scalability,1021,50,17,0.3,GALTrust,0.78,1.0,0.26666666666666666,0.4210526315789474,4,35,0,11,0.75,50.79351858465215,63.9101026202624
scalability,1021,50,17,0.3,GDM-DTM,0.78,0.625,0.6666666666666666,0.6451612903225806,10,29,6,5,0.7863636363636364,28.68501012951711,44.90983941477272
scalability,1021,50,17,0.3,LR-Trust,0.88,0.8,0.8,0.8000000000000002,12,32,3,3,0.8590909090909091,34.04804681456873,40.603484526179635
scalability,1021,50,17,0.3,MLP-Trust,0.96,1.0,0.8666666666666667,0.9285714285714286,13,35,0,2,0.8772727272727273,41.52218958120577,66.42581480702522
scalability,1021,50,17,0.3,MTIM,0.96,1.0,0.8666666666666667,0.9285714285714286,13,35,0,2,0.8954545454545455,62.53939774468193,153.9003831574303
scalability,1022,50,17,0.3,MFA,0.84,0.7692307692307693,0.6666666666666666,0.7142857142857142,10,32,3,5,0.8181818181818182,21.95120831645431,26.89425038066976
scalability,1022,50,17,0.3,FUBA,0.84,0.6842105263157895,0.8666666666666667,0.7647058823529413,13,29,6,2,0.8636363636363636,32.242283071789856,39.016696243072914
scalability,1022,50,17,0.3,GALTrust,0.8,1.0,0.3333333333333333,0.5,5,35,0,10,0.7954545454545454,52.20575904140027,74.47379726195001
scalability,1022,50,17,0.3,GDM-DTM,0.86,0.7857142857142857,0.7333333333333333,0.7586206896551724,11,32,3,4,0.8409090909090909,32.15022191568478,43.884202243817946
scalability,1022,50,17,0.3,LR-Trust,0.9,0.8571428571428571,0.8,0.8275862068965518,12,33,2,3,0.9227272727272727,35.49567727070727,49.318099563606836
scalability,1022,50,17,0.3,MLP-Trust,0.94,0.9285714285714286,0.8666666666666667,0.896551724137931,13,34,1,2,0.9045454545454545,39.05845805492854,59.700557090271644
scalability,1022,50,17,0.3,MTIM,0.94,0.875,0.9333333333333333,0.9032258064516129,14,33,2,1,0.9045454545454545,60.63119770771807,149.36170362202301
scalability,1023,50,17,0.3,MFA,0.8,0.6923076923076923,0.6,0.6428571428571429,9,31,4,6,0.7681818181818182,23.5982969430933,26.092992606323833
scalability,1023,50,17,0.3,FUBA,0.74,0.5555555555555556,0.6666666666666666,0.606060606060606,10,27,8,5,0.8090909090909091,28.659045866035058,39.6557575168326
scalability,1023,50,17,0.3,GALTrust,0.76,1.0,0.2,0.33333333333333337,3,35,0,12,0.759090909090909,47.476284824644026,62.93920133835711
scalability,1023,50,17,0.3,GDM-DTM,0.84,0.7333333333333333,0.7333333333333333,0.7333333333333333,11,31,4,4,0.8045454545454546,31.48997400535862,43.75648906823017
scalability,1023,50,17,0.3,LR-Trust,0.78,0.6111111111111112,0.7333333333333333,0.6666666666666666,11,28,7,4,0.85,33.184697637789874,43.469956901499636
scalability,1023,50,17,0.3,MLP-Trust,0.94,0.9285714285714286,0.8666666666666667,0.896551724137931,13,34,1,2,0.8954545454545455,41.556840037789,59.688826502616315
scalability,1023,50,17,0.3,MTIM,0.96,0.9333333333333333,0.9333333333333333,0.9333333333333333,14,34,1,1,0.8727272727272727,60.075037470150974,157.97394399382205
scalability,1024,50,17,0.3,MFA,0.84,0.7692307692307693,0.6666666666666666,0.7142857142857142,10,32,3,5,0.8272727272727273,19.92276309979134,17.571313934141003
scalability,1024,50,17,0.3,FUBA,0.84,0.7692307692307693,0.6666666666666666,0.7142857142857142,10,32,3,5,0.8454545454545455,30.591700427556678,30.52084874551038
scalability,1024,50,17,0.3,GALTrust,0.78,1.0,0.26666666666666666,0.4210526315789474,4,35,0,11,0.759090909090909,47.97542778637436,68.812273830887
scalability,1024,50,17,0.3,GDM-DTM,0.84,0.7692307692307693,0.6666666666666666,0.7142857142857142,10,32,3,5,0.8136363636363636,33.45795472820196,41.87944053369125
scalability,1024,50,17,0.3,LR-Trust,0.9,0.8125,0.8666666666666667,0.8387096774193549,13,32,3,2,0.9090909090909091,37.22295678518801,47.99410603337895
scalability,1024,50,17,0.3,MLP-Trust,0.98,1.0,0.9333333333333333,0.9655172413793104,14,35,0,1,0.8727272727272727,42.07399743146417,55.45611657288342
scalability,1024,50,17,0.3,MTIM,0.98,1.0,0.9333333333333333,0.9655172413793104,14,35,0,1,0.8954545454545455,60.1923153771668,152.0631239387346
scalability,1025,50,17,0.3,MFA,0.74,0.5714285714285714,0.5333333333333333,0.5517241379310344,8,29,6,7,0.8318181818181818,20.03614359277576,27.706500442403996
scalability,1025,50,17,0.3,FUBA,0.8,0.6923076923076923,0.6,0.6428571428571429,9,31,4,6,0.7954545454545454,29.519862324897424,30.303248102774134
scalability,1025,50,17,0.3,GALTrust,0.8,1.0,0.3333333333333333,0.5,5,35,0,10,0.7818181818181819,49.055592475227506,69.87584828880439
scalability,1025,50,17,0.3,GDM-DTM,0.84,0.7692307692307693,0.6666666666666666,0.7142857142857142,10,32,3,5,0.8363636363636363,32.56306860669982,39.50847108302003
scalability,1025,50,17,0.3,LR-Trust,0.88,0.7647058823529411,0.8666666666666667,0.8125,13,31,4,2,0.9,36.5383502735918,38.58506029630652
scalability,1025,50,17,0.3,MLP-Trust,0.98,0.9375,1.0,0.967741935483871,15,34,1,0,0.9227272727272727,40.50040955707982,65.20404341440285
scalability,1025,50,17,0.3,MTIM,0.96,0.9333333333333333,0.9333333333333333,0.9333333333333333,14,34,1,1,0.9318181818181818,61.40382383456886,149.63980576807
scalability,1026,50,17,0.3,MFA,0.8,0.6666666666666666,0.6666666666666666,0.6666666666666666,10,30,5,5,0.8136363636363636,22.925931799750188,24.17089780496331
scalability,1026,50,17,0.3,FUBA,0.74,0.55,0.7333333333333333,0.6285714285714286,11,26,9,4,0.8318181818181818,28.431471645205047,37.231755362762115
scalability,1026,50,17,0.3,GALTrust,0.8,1.0,0.3333333333333333,0.5,5,35,0,10,0.75,47.488858776000804,64.39016864503166
scalability,1026,50,17,0.3,GDM-DTM,0.78,0.625,0.6666666666666666,0.6451612903225806,10,29,6,5,0.75,30.373751915603915,43.035962804701846
scalability,1026,50,17,0.3,LR-Trust,0.92,0.8235294117647058,0.9333333333333333,0.8749999999999999,14,32,3,1,0.9045454545454545,32.95653986322907,48.551430113587024
scalability,1026,50,17,0.3,MLP-Trust,0.92,0.8235294117647058,0.9333333333333333,0.8749999999999999,14,32,3,1,0.9,41.698680787896954,63.38636835978114
scalability,1026,50,17,0.3,MTIM,0.92,0.8235294117647058,0.9333333333333333,0.8749999999999999,14,32,3,1,0.9227272727272727,61.34742471405356,152.68543581856906
scalability,1027,50,17,0.3,MFA,0.74,0.5714285714285714,0.5333333333333333,0.5517241379310344,8,29,6,7,0.8045454545454546,22.36829984028561,24.81039163268907
scalability,1027,50,17,0.3,FUBA,0.8,0.6666666666666666,0.6666666666666666,0.6666666666666666,10,30,5,5,0.8,31.79407903478301,33.39698313276187
scalability,1027,50,17,0.3,GALTrust,0.78,1.0,0.26666666666666666,0.4210526315789474,4,35,0,11,0.7636363636363637,48.31474695140152,65.3348232032541
scalability,1027,50,17,0.3,GDM-DTM,0.84,0.7333333333333333,0.7333333333333333,0.7333333333333333,11,31,4,4,0.8318181818181818,31.462704314367954,42.60037776678198
scalability,1027,50,17,0.3,LR-Trust,0.86,0.7857142857142857,0.7333333333333333,0.7586206896551724,11,32,3,4,0.8863636363636364,36.121164302219505,48.09856250388588
scalability,1027,50,17,0.3,MLP-Trust,0.96,1.0,0.8666666666666667,0.9285714285714286,13,35,0,2,0.8545454545454545,40.225796486792326,58.53570619285054
scalability,1027,50,17,0.3,MTIM,0.98,1.0,0.9333333333333333,0.9655172413793104,14,35,0,1,0.9318181818181818,63.94637628777553,155.99498227690574
scalability,1028,50,17,0.3,MFA,0.78,0.625,0.6666666666666666,0.6451612903225806,10,29,6,5,0.7909090909090909,22.294346006174763,27.25979477335811
scalability,1028,50,17,0.3,FUBA,0.78,0.6428571428571429,0.6,0.6206896551724138,9,30,5,6,0.8045454545454546,29.575864724831906,32.33881969263486
scalability,1028,50,17,0.3,GALTrust,0.78,1.0,0.26666666666666666,0.4210526315789474,4,35,0,11,0.8227272727272728,47.51701912998216,70.08055931096531
scalability,1028,50,17,0.3,GDM-DTM,0.76,0.6363636363636364,0.4666666666666667,0.5384615384615385,7,31,4,8,0.8,33.15158487521248,44.24627890630295
scalability,1028,50,17,0.3,LR-Trust,0.9,0.8125,0.8666666666666667,0.8387096774193549,13,32,3,2,0.9363636363636364,33.98346692340644,38.751645850167165
scalability,1028,50,17,0.3,MLP-Trust,0.94,0.9285714285714286,0.8666666666666667,0.896551724137931,13,34,1,2,0.9,42.488754182869314,64.94170447323559
scalability,1028,50,17,0.3,MTIM,0.98,1.0,0.9333333333333333,0.9655172413793104,14,35,0,1,0.9181818181818182,57.39158709833517,150.8714728832575
scalability,1029,50,17,0.3,MFA,0.74,0.5714285714285714,0.5333333333333333,0.5517241379310344,8,29,6,7,0.7818181818181819,21.85450565259132,25.001993080776074
scalability,1029,50,17,0.3,FUBA,0.8,0.6666666666666666,0.6666666666666666,0.6666666666666666,10,30,5,5,0.8227272727272728,30.432972602681247,38.16578797287478
scalability,1029,50,17,0.3,GALTrust,0.8,1.0,0.3333333333333333,0.5,5,35,0,10,0.7863636363636364,49.43831439690596,66.61139830857788
scalability,1029,50,17,0.3,GDM-DTM,0.82,0.75,0.6,0.6666666666666665,9,32,3,6,0.85,34.56007639259288,38.22376642101114
scalability,1029,50,17,0.3,LR-Trust,0.94,0.9285714285714286,0.8666666666666667,0.896551724137931,13,34,1,2,0.9181818181818182,35.25771063741849,53.10307634950614
scalability,1029,50,17,0.3,MLP-Trust,1.0,1.0,1.0,1.0,15,35,0,0,0.9272727272727272,41.01787454612615,59.851038007910084
scalability,1029,50,17,0.3,MTIM,1.0,1.0,1.0,1.0,15,35,0,0,0.9181818181818182,58.46260136407942,154.46160641074806
scalability,1030,50,17,0.3,MFA,0.84,0.7692307692307693,0.6666666666666666,0.7142857142857142,10,32,3,5,0.8363636363636363,18.580993772940438,33.63233151460401
scalability,1030,50,17,0.3,FUBA,0.86,0.8333333333333334,0.6666666666666666,0.7407407407407408,10,33,2,5,0.7954545454545454,30.598727856916167,35.19456116690209
scalability,1030,50,17,0.3,GALTrust,0.76,1.0,0.2,0.33333333333333337,3,35,0,12,0.7545454545454545,49.23734505099434,69.26223641323824
scalability,1030,50,17,0.3,GDM-DTM,0.88,0.8461538461538461,0.7333333333333333,0.7857142857142856,11,33,2,4,0.8227272727272728,34.927733311720864,36.59800636548948
scalability,1030,50,17,0.3,LR-Trust,0.96,0.9333333333333333,0.9333333333333333,0.9333333333333333,14,34,1,1,0.9181818181818182,36.139284513481456,46.01199334505284
scalability,1030,50,17,0.3,MLP-Trust,0.94,0.875,0.9333333333333333,0.9032258064516129,14,33,2,1,0.8954545454545455,43.80879187534405,68.22572401216472
scalability,1030,50,17,0.3,MTIM,0.94,0.875,0.9333333333333333,0.9032258064516129,14,33,2,1,0.9409090909090909,57.66611498713771,152.43905384617932
scalability,1031,50,17,0.3,MFA,0.76,0.5882352941176471,0.6666666666666666,0.625,10,28,7,5,0.8272727272727273,26.784935471193485,20.03719534032019
scalability,1031,50,17,0.3,FUBA,0.78,0.6428571428571429,0.6,0.6206896551724138,9,30,5,6,0.8363636363636363,31.51161250464315,37.182603966064605
scalability,1031,50,17,0.3,GALTrust,0.74,1.0,0.13333333333333333,0.23529411764705882,2,35,0,13,0.7363636363636363,46.945851692029784,68.0461219853352
scalability,1031,50,17,0.3,GDM-DTM,0.78,0.6428571428571429,0.6,0.6206896551724138,9,30,5,6,0.7636363636363637,34.09770354080082,39.81663706777895
scalability,1031,50,17,0.3,LR-Trust,0.88,0.8,0.8,0.8000000000000002,12,32,3,3,0.8272727272727273,35.93461125459435,47.57727480507069
scalability,1031,50,17,0.3,MLP-Trust,0.96,1.0,0.8666666666666667,0.9285714285714286,13,35,0,2,0.9136363636363637,39.34471135612449,62.53174132189139
scalability,1031,50,17,0.3,MTIM,0.9,0.9166666666666666,0.7333333333333333,0.8148148148148148,11,34,1,4,0.8590909090909091,58.59639430218102,154.21509381571005
scalability,1032,50,17,0.3,MFA,0.82,0.8,0.5333333333333333,0.64,8,33,2,7,0.8363636363636363,18.807526019729433,16.47256568551135
scalability,1032,50,17,0.3,FUBA,0.88,0.7647058823529411,0.8666666666666667,0.8125,13,31,4,2,0.7863636363636364,30.196361314095874,36.97410325665411
scalability,1032,50,17,0.3,GALTrust,0.74,1.0,0.13333333333333333,0.23529411764705882,2,35,0,13,0.7272727272727273,52.935166150247504,62.875394072948446
scalability,1032,50,17,0.3,GDM-DTM,0.86,0.75,0.8,0.7741935483870969,12,31,4,3,0.8454545454545455,34.84248518039927,47.80006291744923
scalability,1032,50,17,0.3,LR-Trust,0.96,0.8823529411764706,1.0,0.9375,15,33,2,0,0.9045454545454545,35.95044320652108,50.50176543219283
scalability,1032,50,17,0.3,MLP-Trust,0.98,0.9375,1.0,0.967741935483871,15,34,1,0,0.9090909090909091,40.71525601967676,61.68650237293649
scalability,1032,50,17,0.3,MTIM,0.98,0.9375,1.0,0.967741935483871,15,34,1,0,0.9227272727272727,58.840403799779956,151.43162244272696
scalability,1033,50,17,0.3,MFA,0.86,0.7857142857142857,0.7333333333333333,0.7586206896551724,11,32,3,4,0.8181818181818182,22.232011071168483,24.167193673642824
scalability,1033,50,17,0.3,FUBA,0.8,0.6470588235294118,0.7333333333333333,0.6875,11,29,6,4,0.8590909090909091,29.378263609671393,40.18623162682077
scalability,1033,50,17,0.3,GALTrust,0.76,1.0,0.2,0.33333333333333337,3,35,0,12,0.7727272727272727,49.442371224215904,70.26785529138202
scalability,1033,50,17,0.3,GDM-DTM,0.82,0.6666666666666666,0.8,0.7272727272727272,12,29,6,3,0.8454545454545455,31.999835029591335,32.52582538342295
scalability,1033,50,17,0.3,LR-Trust,0.88,0.8,0.8,0.8000000000000002,12,32,3,3,0.8681818181818182,35.062978447544864,45.884386487916885
scalability,1033,50,17,0.3,MLP-Trust,0.92,0.8666666666666667,0.8666666666666667,0.8666666666666667,13,33,2,2,0.8363636363636363,41.407046937845706,57.57849563770838
scalability,1033,50,17,0.3,MTIM,0.9,0.8125,0.8666666666666667,0.8387096774193549,13,32,3,2,0.8863636363636364,62.91686205414618,151.846066050806
scalability,1034,50,17,0.3,MFA,0.74,0.5714285714285714,0.5333333333333333,0.5517241379310344,8,29,6,7,0.8136363636363636,19.43341786065994,32.12489472852427
scalability,1034,50,17,0.3,FUBA,0.76,0.6,0.6,0.6,9,29,6,6,0.8318181818181818,28.056280007910935,27.908830826810757
scalability,1034,50,17,0.3,GALTrust,0.8,1.0,0.3333333333333333,0.5,5,35,0,10,0.740909090909091,47.22716601894602,66.38768298282554
scalability,1034,50,17,0.3,GDM-DTM,0.76,0.5789473684210527,0.7333333333333333,0.6470588235294117,11,27,8,4,0.7954545454545454,34.08173454015751,41.06987961360483
scalability,1034,50,17,0.3,LR-Trust,0.86,0.7857142857142857,0.7333333333333333,0.7586206896551724,11,32,3,4,0.8727272727272727,35.95318872838838,47.54247535921316
scalability,1034,50,17,0.3,MLP-Trust,0.96,0.9333333333333333,0.9333333333333333,0.9333333333333333,14,34,1,1,0.9045454545454545,41.94511664037868,59.660366164769655
scalability,1034,50,17,0.3,MTIM,0.96,0.9333333333333333,0.9333333333333333,0.9333333333333333,14,34,1,1,0.9272727272727272,58.63505773304808,156.79426553660204
scalability,1035,50,17,0.3,MFA,0.82,0.6875,0.7333333333333333,0.7096774193548386,11,30,5,4,0.8454545454545455,22.160547786187827,30.141295313847085
scalability,1035,50,17,0.3,FUBA,0.82,0.65,0.8666666666666667,0.7428571428571429,13,28,7,2,0.8545454545454545,28.22507269611006,36.63970232217645
scalability,1035,50,17,0.3,GALTrust,0.82,1.0,0.4,0.5714285714285715,6,35,0,9,0.7863636363636364,50.321388990039175,68.0989266453533
scalability,1035,50,17,0.3,GDM-DTM,0.8,0.631578947368421,0.8,0.7058823529411765,12,28,7,3,0.8090909090909091,32.730878834866736,45.597647817122926
scalability,1035,50,17,0.3,LR-Trust,0.88,0.7368421052631579,0.9333333333333333,0.8235294117647058,14,30,5,1,0.8863636363636364,34.90419817351302,50.55253320361039
scalability,1035,50,17,0.3,MLP-Trust,0.88,0.7368421052631579,0.9333333333333333,0.8235294117647058,14,30,5,1,0.9045454545454545,38.82601399443837,55.56845896524589
scalability,1035,50,17,0.3,MTIM,0.88,0.7368421052631579,0.9333333333333333,0.8235294117647058,14,30,5,1,0.8818181818181818,60.618154278473654,158.15241652941177
scalability,1036,50,17,0.3,MFA,0.8,0.6923076923076923,0.6,0.6428571428571429,9,31,4,6,0.7227272727272728,21.563435791876998,28.635097218537304
scalability,1036,50,17,0.3,FUBA,0.92,0.8666666666666667,0.8666666666666667,0.8666666666666667,13,33,2,2,0.8909090909090909,30.41568720108104,32.529246060188996
scalability,1036,50,17,0.3,GALTrust,0.78,1.0,0.26666666666666666,0.4210526315789474,4,35,0,11,0.7727272727272727,47.28765265573149,63.63882183199139
scalability,1036,50,17,0.3,GDM-DTM,0.86,0.7857142857142857,0.7333333333333333,0.7586206896551724,11,32,3,4,0.8045454545454546,31.10883586916186,42.23421755399979
scalability,1036,50,17,0.3,LR-Trust,0.94,0.875,0.9333333333333333,0.9032258064516129,14,33,2,1,0.9227272727272727,35.7320600142294,48.79156460250213
scalability,1036,50,17,0.3,MLP-Trust,0.94,0.875,0.9333333333333333,0.9032258064516129,14,33,2,1,0.8818181818181818,39.15462924609196,64.3335387306716
scalability,1036,50,17,0.3,MTIM,0.92,0.8666666666666667,0.8666666666666667,0.8666666666666667,13,33,2,2,0.9090909090909091,59.815501845279755,148.8216318598122
scalability,1037,50,17,0.3,MFA,0.8,0.8571428571428571,0.4,0.5454545454545455,6,34,1,9,0.7181818181818181,20.09272186940977,28.362855353321017
scalability,1037,50,17,0.3,FUBA,0.74,0.5625,0.6,0.5806451612903225,9,28,7,6,0.7863636363636364,29.568388740529723,28.259137213336345
scalability,1037,50,17,0.3,GALTrust,0.74,1.0,0.13333333333333333,0.23529411764705882,2,35,0,13,0.7045454545454546,48.96378649018852,67.3494341551372
scalability,1037,50,17,0.3,GDM-DTM,0.76,0.6,0.6,0.6,9,29,6,6,0.7545454545454545,32.35474207525423,38.57136572891882
scalability,1037,50,17,0.3,LR-Trust,0.86,0.7857142857142857,0.7333333333333333,0.7586206896551724,11,32,3,4,0.8818181818181818,37.05073699913377,49.66613706542357
scalability,1037,50,17,0.3,MLP-Trust,0.92,0.8666666666666667,0.8666666666666667,0.8666666666666667,13,33,2,2,0.8681818181818182,42.88142889942965,56.57921339358591
scalability,1037,50,17,0.3,MTIM,0.94,0.875,0.9333333333333333,0.9032258064516129,14,33,2,1,0.9545454545454546,60.11338817200652,145.48493532156968
scalability,1038,50,17,0.3,MFA,0.84,0.8888888888888888,0.5333333333333333,0.6666666666666667,8,34,1,7,0.7863636363636364,22.38947317695813,25.047150410571604
scalability,1038,50,17,0.3,FUBA,0.86,0.7222222222222222,0.8666666666666667,0.7878787878787877,13,30,5,2,0.8409090909090909,30.346297145947194,28.58508042013229
scalability,1038,50,17,0.3,GALTrust,0.76,1.0,0.2,0.33333333333333337,3,35,0,12,0.7772727272727272,48.01730343027688,74.16522707917166
scalability,1038,50,17,0.3,GDM-DTM,0.82,0.6875,0.7333333333333333,0.7096774193548386,11,30,5,4,0.8409090909090909,33.606928105006666,34.43486225835254
scalability,1038,50,17,0.3,LR-Trust,0.86,0.7222222222222222,0.8666666666666667,0.7878787878787877,13,30,5,2,0.8772727272727273,35.60269112260135,45.074726817984185
scalability,1038,50,17,0.3,MLP-Trust,0.92,0.8235294117647058,0.9333333333333333,0.8749999999999999,14,32,3,1,0.8863636363636364,40.88570024216112,65.93083992349837
scalability,1038,50,17,0.3,MTIM,0.9,0.8125,0.8666666666666667,0.8387096774193549,13,32,3,2,0.9318181818181818,59.353643969868024,147.01052429887264
scalability,1039,50,17,0.3,MFA,0.92,0.8666666666666667,0.8666666666666667,0.8666666666666667,13,33,2,2,0.8909090909090909,21.799651755048902,22.22432379644571
scalability,1039,50,17,0.3,FUBA,0.74,0.5714285714285714,0.5333333333333333,0.5517241379310344,8,29,6,7,0.8181818181818182,32.145567090044125,34.8285481314733
scalability,1039,50,17,0.3,GALTrust,0.8,1.0,0.3333333333333333,0.5,5,35,0,10,0.7272727272727273,48.723175450760564,60.86098010235015
scalability,1039,50,17,0.3,GDM-DTM,0.8,0.6666666666666666,0.6666666666666666,0.6666666666666666,10,30,5,5,0.7863636363636364,33.98678157611319,40.87416425538868
scalability,1039,50,17,0.3,LR-Trust,0.94,0.875,0.9333333333333333,0.9032258064516129,14,33,2,1,0.8909090909090909,34.94169151414204,54.542135713121105
scalability,1039,50,17,0.3,MLP-Trust,0.98,0.9375,1.0,0.967741935483871,15,34,1,0,0.9136363636363637,41.83930117825343,59.21364714337817
scalability,1039,50,17,0.3,MTIM,0.96,0.8823529411764706,1.0,0.9375,15,33,2,0,0.9,61.170721666881285,148.23715567395251
scalability,1040,50,17,0.3,MFA,0.86,0.8333333333333334,0.6666666666666666,0.7407407407407408,10,33,2,5,0.7454545454545455,23.30307241971957,28.87425703936693
scalability,1040,50,17,0.3,FUBA,0.9,0.8125,0.8666666666666667,0.8387096774193549,13,32,3,2,0.8272727272727273,27.41244307597131,32.33122786306599
scalability,1040,50,17,0.3,GALTrust,0.78,1.0,0.26666666666666666,0.4210526315789474,4,35,0,11,0.7863636363636364,48.350562261963994,64.13625569043447
scalability,1040,50,17,0.3,GDM-DTM,0.9,0.8571428571428571,0.8,0.8275862068965518,12,33,2,3,0.8045454545454546,33.79457583707475,44.81360152772479
scalability,1040,50,17,0.3,LR-Trust,0.96,0.9333333333333333,0.9333333333333333,0.9333333333333333,14,34,1,1,0.8863636363636364,36.84001610931015,46.64473847672812
scalability,1040,50,17,0.3,MLP-Trust,0.94,0.9285714285714286,0.8666666666666667,0.896551724137931,13,34,1,2,0.8954545454545455,43.41379896263159,70.694331038746
scalability,1040,50,17,0.3,MTIM,0.94,0.875,0.9333333333333333,0.9032258064516129,14,33,2,1,0.9090909090909091,60.229457196022715,154.23641805721124
scalability,1041,50,17,0.3,MFA,0.8,0.6923076923076923,0.6,0.6428571428571429,9,31,4,6,0.7909090909090909,20.671353654716956,23.021638970631525
scalability,1041,50,17,0.3,FUBA,0.82,0.6875,0.7333333333333333,0.7096774193548386,11,30,5,4,0.8227272727272728,27.99507754061251,26.73832054863778
scalability,1041,50,17,0.3,GALTrust,0.78,1.0,0.26666666666666666,0.4210526315789474,4,35,0,11,0.7818181818181819,50.59322036083482,70.37449716893883
scalability,1041,50,17,0.3,GDM-DTM,0.9,0.8571428571428571,0.8,0.8275862068965518,12,33,2,3,0.8636363636363636,32.73082866364727,46.14171751079884
scalability,1041,50,17,0.3,LR-Trust,0.94,0.9285714285714286,0.8666666666666667,0.896551724137931,13,34,1,2,0.8954545454545455,32.6320865254852,44.09666514163679
scalability,1041,50,17,0.3,MLP-Trust,0.96,0.9333333333333333,0.9333333333333333,0.9333333333333333,14,34,1,1,0.9181818181818182,40.262326358703476,63.543880982907524
scalability,1041,50,17,0.3,MTIM,0.94,0.875,0.9333333333333333,0.9032258064516129,14,33,2,1,0.8954545454545455,60.12273535944615,158.42596051502736
scalability,1042,50,17,0.3,MFA,0.82,0.875,0.4666666666666667,0.608695652173913,7,34,1,8,0.7772727272727272,24.826455647305735,22.463717128113483
scalability,1042,50,17,0.3,FUBA,0.86,0.7857142857142857,0.7333333333333333,0.7586206896551724,11,32,3,4,0.8227272727272728,27.95295920914287,33.96762044922551
scalability,1042,50,17,0.3,GALTrust,0.76,1.0,0.2,0.33333333333333337,3,35,0,12,0.7454545454545455,48.67349367544145,72.38386380940486
scalability,1042,50,17,0.3,GDM-DTM,0.82,0.8,0.5333333333333333,0.64,8,33,2,7,0.8,31.77404096699101,44.417903930695196
scalability,1042,50,17,0.3,LR-Trust,0.96,1.0,0.8666666666666667,0.9285714285714286,13,35,0,2,0.8318181818181818,38.63257132954008,44.2815555139636
scalability,1042,50,17,0.3,MLP-Trust,0.98,1.0,0.9333333333333333,0.9655172413793104,14,35,0,1,0.8954545454545455,36.59302649460304,63.259674226912736
scalability,1042,50,17,0.3,MTIM,0.98,1.0,0.9333333333333333,0.9655172413793104,14,35,0,1,0.9318181818181818,60.2162015077519,151.95677499863254
scalability,1043,50,17,0.3,MFA,0.8,0.6470588235294118,0.7333333333333333,0.6875,11,29,6,4,0.8272727272727273,22.014699548688135,29.316282819734
scalability,1043,50,17,0.3,FUBA,0.82,0.6666666666666666,0.8,0.7272727272727272,12,29,6,3,0.8409090909090909,29.251091654582876,42.51823807792238
scalability,1043,50,17,0.3,GALTrust,0.78,1.0,0.26666666666666666,0.4210526315789474,4,35,0,11,0.7681818181818182,45.61354564145199,64.48332930810338
scalability,1043,50,17,0.3,GDM-DTM,0.82,0.75,0.6,0.6666666666666665,9,32,3,6,0.8090909090909091,31.83562342523781,43.03460048006437
scalability,1043,50,17,0.3,LR-Trust,0.9,0.8125,0.8666666666666667,0.8387096774193549,13,32,3,2,0.9,34.07826474850408,54.28141625499612
scalability,1043,50,17,0.3,MLP-Trust,0.94,0.875,0.9333333333333333,0.9032258064516129,14,33,2,1,0.8909090909090909,42.49337693059587,61.482098978029335
scalability,1043,50,17,0.3,MTIM,0.96,0.8823529411764706,1.0,0.9375,15,33,2,0,0.9318181818181818,59.654193309718394,154.6897067690951
scalability,1044,50,17,0.3,MFA,0.78,0.6428571428571429,0.6,0.6206896551724138,9,30,5,6,0.7909090909090909,20.379307271648862,26.543500479009612
scalability,1044,50,17,0.3,FUBA,0.82,0.6666666666666666,0.8,0.7272727272727272,12,29,6,3,0.8636363636363636,29.848300641809974,32.687686134062105
scalability,1044,50,17,0.3,GALTrust,0.72,1.0,0.06666666666666667,0.125,1,35,0,14,0.7045454545454546,49.70550822148856,74.36243622721373
scalability,1044,50,17,0.3,GDM-DTM,0.78,0.625,0.6666666666666666,0.6451612903225806,10,29,6,5,0.8454545454545455,34.48978880601861,45.003571320169584
scalability,1044,50,17,0.3,LR-Trust,0.86,0.7857142857142857,0.7333333333333333,0.7586206896551724,11,32,3,4,0.9227272727272727,31.873658429489076,47.680278266149365
scalability,1044,50,17,0.3,MLP-Trust,0.98,1.0,0.9333333333333333,0.9655172413793104,14,35,0,1,0.8863636363636364,41.4115035673391,64.14535740684289
scalability,1044,50,17,0.3,MTIM,0.98,1.0,0.9333333333333333,0.9655172413793104,14,35,0,1,0.9318181818181818,59.35999527936312,151.73628598421686
scalability,1045,50,17,0.3,MFA,0.78,0.6666666666666666,0.5333333333333333,0.5925925925925926,8,31,4,7,0.7636363636363637,19.893206642227902,25.765876239595045
scalability,1045,50,17,0.3,FUBA,0.86,0.7222222222222222,0.8666666666666667,0.7878787878787877,13,30,5,2,0.8545454545454545,26.760148065305323,31.95048571733291
scalability,1045,50,17,0.3,GALTrust,0.72,1.0,0.06666666666666667,0.125,1,35,0,14,0.7727272727272727,48.49421165388724,62.95465586438245
scalability,1045,50,17,0.3,GDM-DTM,0.82,0.6666666666666666,0.8,0.7272727272727272,12,29,6,3,0.8318181818181818,31.35451246084704,38.60316124278359
scalability,1045,50,17,0.3,LR-Trust,0.86,0.7857142857142857,0.7333333333333333,0.7586206896551724,11,32,3,4,0.9045454545454545,34.81719955606714,45.603299438242416
scalability,1045,50,17,0.3,MLP-Trust,0.98,1.0,0.9333333333333333,0.9655172413793104,14,35,0,1,0.8863636363636364,40.07839661155027,57.72963537077328
scalability,1045,50,17,0.3,MTIM,0.98,1.0,0.9333333333333333,0.9655172413793104,14,35,0,1,0.8954545454545455,56.298702562049954,149.6685944862943
scalability,1046,50,17,0.3,MFA,0.82,0.6875,0.7333333333333333,0.7096774193548386,11,30,5,4,0.8045454545454546,23.290996799556908,24.486056235054644
scalability,1046,50,17,0.3,FUBA,0.82,0.6666666666666666,0.8,0.7272727272727272,12,29,6,3,0.8409090909090909,27.810302495925534,31.191777859166304
scalability,1046,50,17,0.3,GALTrust,0.8,1.0,0.3333333333333333,0.5,5,35,0,10,0.75,47.95615266102782,68.65512190079815
scalability,1046,50,17,0.3,GDM-DTM,0.88,0.7647058823529411,0.8666666666666667,0.8125,13,31,4,2,0.8136363636363636,32.7067485024335,46.44578046216519
scalability,1046,50,17,0.3,LR-Trust,0.9,0.7777777777777778,0.9333333333333333,0.8484848484848485,14,31,4,1,0.9090909090909091,36.8755465067791,40.73505064101957
scalability,1046,50,17,0.3,MLP-Trust,0.98,0.9375,1.0,0.967741935483871,15,34,1,0,0.9227272727272727,41.16680733187366,63.30386035421084
scalability,1046,50,17,0.3,MTIM,0.98,0.9375,1.0,0.967741935483871,15,34,1,0,0.9227272727272727,59.65054505068899,142.09513144714174
scalability,1047,50,17,0.3,MFA,0.82,0.75,0.6,0.6666666666666665,9,32,3,6,0.7818181818181819,21.031578247859624,32.1157829483266
scalability,1047,50,17,0.3,FUBA,0.82,0.6666666666666666,0.8,0.7272727272727272,12,29,6,3,0.8,31.441524970905892,37.38752608472636
scalability,1047,50,17,0.3,GALTrust,0.78,1.0,0.26666666666666666,0.4210526315789474,4,35,0,11,0.7727272727272727,50.36421944211403,72.80265800423945
scalability,1047,50,17,0.3,GDM-DTM,0.74,0.5625,0.6,0.5806451612903225,9,28,7,6,0.8181818181818182,30.608804387236326,39.63157371797567
scalability,1047,50,17,0.3,LR-Trust,0.92,0.8235294117647058,0.9333333333333333,0.8749999999999999,14,32,3,1,0.9318181818181818,34.82128562180573,48.984120658500665
scalability,1047,50,17,0.3,MLP-Trust,0.94,0.875,0.9333333333333333,0.9032258064516129,14,33,2,1,0.8409090909090909,42.044598793576085,62.9933946491074
scalability,1047,50,17,0.3,MTIM,0.94,0.875,0.9333333333333333,0.9032258064516129,14,33,2,1,0.9272727272727272,59.27579235339588,151.31063429894408
scalability,1048,50,17,0.3,MFA,0.84,0.7058823529411765,0.8,0.7500000000000001,12,30,5,3,0.8545454545454545,25.119539475206466,27.56872118741856
scalability,1048,50,17,0.3,FUBA,0.82,0.6666666666666666,0.8,0.7272727272727272,12,29,6,3,0.8363636363636363,32.311009981840336,25.478494580236102
scalability,1048,50,17,0.3,GALTrust,0.76,1.0,0.2,0.33333333333333337,3,35,0,12,0.75,45.518943186087725,70.02105020619334
scalability,1048,50,17,0.3,GDM-DTM,0.82,0.6875,0.7333333333333333,0.7096774193548386,11,30,5,4,0.8045454545454546,30.055424181916262,39.35431392239403
scalability,1048,50,17,0.3,LR-Trust,0.9,0.8125,0.8666666666666667,0.8387096774193549,13,32,3,2,0.8954545454545455,37.47862646767711,42.27597287918848
scalability,1048,50,17,0.3,MLP-Trust,0.98,1.0,0.9333333333333333,0.9655172413793104,14,35,0,1,0.9,42.09291532809402,58.552180388265135
scalability,1048,50,17,0.3,MTIM,0.98,1.0,0.9333333333333333,0.9655172413793104,14,35,0,1,0.8954545454545455,58.753468955851986,154.04486601716047
scalability,1049,50,17,0.3,MFA,0.82,0.75,0.6,0.6666666666666665,9,32,3,6,0.7818181818181819,21.847025045571822,26.157415746511976
scalability,1049,50,17,0.3,FUBA,0.86,0.75,0.8,0.7741935483870969,12,31,4,3,0.8454545454545455,28.600096103511195,31.57885237694516
scalability,1049,50,17,0.3,GALTrust,0.78,0.8333333333333334,0.3333333333333333,0.47619047619047616,5,34,1,10,0.7363636363636363,48.10850706412139,62.642052359043106
scalability,1049,50,17,0.3,GDM-DTM,0.8,0.631578947368421,0.8,0.7058823529411765,12,28,7,3,0.7909090909090909,29.30382795721256,36.234662311854706
scalability,1049,50,17,0.3,LR-Trust,0.86,0.7,0.9333333333333333,0.8,14,29,6,1,0.8909090909090909,34.11162922373981,48.571728018042265
scalability,1049,50,17,0.3,MLP-Trust,0.94,0.875,0.9333333333333333,0.9032258064516129,14,33,2,1,0.8636363636363636,39.99037401586608,62.97009629571898
scalability,1049,50,17,0.3,MTIM,0.96,0.9333333333333333,0.9333333333333333,0.9333333333333333,14,34,1,1,0.9,57.43461897659911,153.14289865657858
